Row_ID,Insurer,Category,Product_Name,Variant,PPT,PT,Base_Payout_Yr1,Renewal_Yr2,Renewal_Yr3,Renewal_Yr4,Renewal_Yr5,Renewal_Yr6_Plus,Row_Specific_Remarks,Sheet_Level_Notes_And_Conditions,All_Renewal_Years_Raw
1,TATA_AIA,Protection,SRP - Life Option(Offline),,2,-,0.165,0.0,,,,,,"Fresh | Note: Rates for new PPT / PT & Products will be conveyed separately | Fortune Guarantee Supreme V3 (**) - Differed income - ROP (credits will be applied with below conditions) 1. The above rates of Fortune Guarantee Supreme V3 is applicable for >= 4L annual premium 2. The above rates are applicable only for the cases login and issuance from 1st Apr'25 to 31st Mar'26. 3. The above rates will not be applicable for the cases which are login before 1st Apr'25, revised rates will be shared for the cases log in from 1st Apr'26 onwards 4. Any contest, topline booster, VLI, product booster will not be applicable for the above product",at 2nd year: 0%
2,TATA_AIA,Protection,SRP - Life Option(Offline),,3,-,0.2,0.0,,,,,,"Fresh | Note: Rates for new PPT / PT & Products will be conveyed separately | Fortune Guarantee Supreme V3 (**) - Differed income - ROP (credits will be applied with below conditions) 1. The above rates of Fortune Guarantee Supreme V3 is applicable for >= 4L annual premium 2. The above rates are applicable only for the cases login and issuance from 1st Apr'25 to 31st Mar'26. 3. The above rates will not be applicable for the cases which are login before 1st Apr'25, revised rates will be shared for the cases log in from 1st Apr'26 onwards 4. Any contest, topline booster, VLI, product booster will not be applicable for the above product",at 2nd year: 0%
3,TATA_AIA,Protection,SRP - Life Option(Offline),,4,-,0.24,0.0,,,,,,"Fresh | Note: Rates for new PPT / PT & Products will be conveyed separately | Fortune Guarantee Supreme V3 (**) - Differed income - ROP (credits will be applied with below conditions) 1. The above rates of Fortune Guarantee Supreme V3 is applicable for >= 4L annual premium 2. The above rates are applicable only for the cases login and issuance from 1st Apr'25 to 31st Mar'26. 3. The above rates will not be applicable for the cases which are login before 1st Apr'25, revised rates will be shared for the cases log in from 1st Apr'26 onwards 4. Any contest, topline booster, VLI, product booster will not be applicable for the above product",at 2nd year: 0%
4,TATA_AIA,Protection,SRP - Life Option(Offline),,5,-,0.4,0.0,,,,,,"Fresh | Note: Rates for new PPT / PT & Products will be conveyed separately | Fortune Guarantee Supreme V3 (**) - Differed income - ROP (credits will be applied with below conditions) 1. The above rates of Fortune Guarantee Supreme V3 is applicable for >= 4L annual premium 2. The above rates are applicable only for the cases login and issuance from 1st Apr'25 to 31st Mar'26. 3. The above rates will not be applicable for the cases which are login before 1st Apr'25, revised rates will be shared for the cases log in from 1st Apr'26 onwards 4. Any contest, topline booster, VLI, product booster will not be applicable for the above product",at 2nd year: 0%
5,TATA_AIA,Protection,SRP - Life Option(Offline),,6,-,0.41,0.0,,,,,,"Fresh | Note: Rates for new PPT / PT & Products will be conveyed separately | Fortune Guarantee Supreme V3 (**) - Differed income - ROP (credits will be applied with below conditions) 1. The above rates of Fortune Guarantee Supreme V3 is applicable for >= 4L annual premium 2. The above rates are applicable only for the cases login and issuance from 1st Apr'25 to 31st Mar'26. 3. The above rates will not be applicable for the cases which are login before 1st Apr'25, revised rates will be shared for the cases log in from 1st Apr'26 onwards 4. Any contest, topline booster, VLI, product booster will not be applicable for the above product",at 2nd year: 0%
6,TATA_AIA,Protection,SRP - Life Option(Offline),,7 - 9,-,0.43,0.0,,,,,,"Fresh | Note: Rates for new PPT / PT & Products will be conveyed separately | Fortune Guarantee Supreme V3 (**) - Differed income - ROP (credits will be applied with below conditions) 1. The above rates of Fortune Guarantee Supreme V3 is applicable for >= 4L annual premium 2. The above rates are applicable only for the cases login and issuance from 1st Apr'25 to 31st Mar'26. 3. The above rates will not be applicable for the cases which are login before 1st Apr'25, revised rates will be shared for the cases log in from 1st Apr'26 onwards 4. Any contest, topline booster, VLI, product booster will not be applicable for the above product",at 2nd year: 0%
7,TATA_AIA,Protection,SRP - Life Option(Offline),,10,-,0.44,0.0,,,,,,"Fresh | Note: Rates for new PPT / PT & Products will be conveyed separately | Fortune Guarantee Supreme V3 (**) - Differed income - ROP (credits will be applied with below conditions) 1. The above rates of Fortune Guarantee Supreme V3 is applicable for >= 4L annual premium 2. The above rates are applicable only for the cases login and issuance from 1st Apr'25 to 31st Mar'26. 3. The above rates will not be applicable for the cases which are login before 1st Apr'25, revised rates will be shared for the cases log in from 1st Apr'26 onwards 4. Any contest, topline booster, VLI, product booster will not be applicable for the above product",at 2nd year: 0%
8,TATA_AIA,Protection,SRP - Life Option(Offline),,11,-,0.44,0.0,,,,,,"Fresh | Note: Rates for new PPT / PT & Products will be conveyed separately | Fortune Guarantee Supreme V3 (**) - Differed income - ROP (credits will be applied with below conditions) 1. The above rates of Fortune Guarantee Supreme V3 is applicable for >= 4L annual premium 2. The above rates are applicable only for the cases login and issuance from 1st Apr'25 to 31st Mar'26. 3. The above rates will not be applicable for the cases which are login before 1st Apr'25, revised rates will be shared for the cases log in from 1st Apr'26 onwards 4. Any contest, topline booster, VLI, product booster will not be applicable for the above product",at 2nd year: 0%
9,TATA_AIA,Protection,SRP - Life Option(Offline),,12,-,0.465,0.0,,,,,,"Fresh | Note: Rates for new PPT / PT & Products will be conveyed separately | Fortune Guarantee Supreme V3 (**) - Differed income - ROP (credits will be applied with below conditions) 1. The above rates of Fortune Guarantee Supreme V3 is applicable for >= 4L annual premium 2. The above rates are applicable only for the cases login and issuance from 1st Apr'25 to 31st Mar'26. 3. The above rates will not be applicable for the cases which are login before 1st Apr'25, revised rates will be shared for the cases log in from 1st Apr'26 onwards 4. Any contest, topline booster, VLI, product booster will not be applicable for the above product",at 2nd year: 0%
10,TATA_AIA,Protection,SRP - Life Option(Offline),,13,-,0.49,0.0,,,,,,"Fresh | Note: Rates for new PPT / PT & Products will be conveyed separately | Fortune Guarantee Supreme V3 (**) - Differed income - ROP (credits will be applied with below conditions) 1. The above rates of Fortune Guarantee Supreme V3 is applicable for >= 4L annual premium 2. The above rates are applicable only for the cases login and issuance from 1st Apr'25 to 31st Mar'26. 3. The above rates will not be applicable for the cases which are login before 1st Apr'25, revised rates will be shared for the cases log in from 1st Apr'26 onwards 4. Any contest, topline booster, VLI, product booster will not be applicable for the above product",at 2nd year: 0%
11,TATA_AIA,Protection,SRP - Life Option(Digital Discount),,2,-,0.09,0.0,,,,,,"Fresh | Note: Rates for new PPT / PT & Products will be conveyed separately | Fortune Guarantee Supreme V3 (**) - Differed income - ROP (credits will be applied with below conditions) 1. The above rates of Fortune Guarantee Supreme V3 is applicable for >= 4L annual premium 2. The above rates are applicable only for the cases login and issuance from 1st Apr'25 to 31st Mar'26. 3. The above rates will not be applicable for the cases which are login before 1st Apr'25, revised rates will be shared for the cases log in from 1st Apr'26 onwards 4. Any contest, topline booster, VLI, product booster will not be applicable for the above product",at 2nd year: 0%
12,TATA_AIA,Protection,SRP - Life Option(Digital Discount),,3,-,0.13,0.0,,,,,,"Fresh | Note: Rates for new PPT / PT & Products will be conveyed separately | Fortune Guarantee Supreme V3 (**) - Differed income - ROP (credits will be applied with below conditions) 1. The above rates of Fortune Guarantee Supreme V3 is applicable for >= 4L annual premium 2. The above rates are applicable only for the cases login and issuance from 1st Apr'25 to 31st Mar'26. 3. The above rates will not be applicable for the cases which are login before 1st Apr'25, revised rates will be shared for the cases log in from 1st Apr'26 onwards 4. Any contest, topline booster, VLI, product booster will not be applicable for the above product",at 2nd year: 0%
13,TATA_AIA,Protection,SRP - Life Option(Digital Discount),,4,-,0.165,0.0,,,,,,"Fresh | Note: Rates for new PPT / PT & Products will be conveyed separately | Fortune Guarantee Supreme V3 (**) - Differed income - ROP (credits will be applied with below conditions) 1. The above rates of Fortune Guarantee Supreme V3 is applicable for >= 4L annual premium 2. The above rates are applicable only for the cases login and issuance from 1st Apr'25 to 31st Mar'26. 3. The above rates will not be applicable for the cases which are login before 1st Apr'25, revised rates will be shared for the cases log in from 1st Apr'26 onwards 4. Any contest, topline booster, VLI, product booster will not be applicable for the above product",at 2nd year: 0%
14,TATA_AIA,Protection,SRP - Life Option(Digital Discount),,5,-,0.32,0.0,,,,,,"Fresh | Note: Rates for new PPT / PT & Products will be conveyed separately | Fortune Guarantee Supreme V3 (**) - Differed income - ROP (credits will be applied with below conditions) 1. The above rates of Fortune Guarantee Supreme V3 is applicable for >= 4L annual premium 2. The above rates are applicable only for the cases login and issuance from 1st Apr'25 to 31st Mar'26. 3. The above rates will not be applicable for the cases which are login before 1st Apr'25, revised rates will be shared for the cases log in from 1st Apr'26 onwards 4. Any contest, topline booster, VLI, product booster will not be applicable for the above product",at 2nd year: 0%
15,TATA_AIA,Protection,SRP - Life Option(Digital Discount),,6,-,0.34,0.0,,,,,,"Fresh | Note: Rates for new PPT / PT & Products will be conveyed separately | Fortune Guarantee Supreme V3 (**) - Differed income - ROP (credits will be applied with below conditions) 1. The above rates of Fortune Guarantee Supreme V3 is applicable for >= 4L annual premium 2. The above rates are applicable only for the cases login and issuance from 1st Apr'25 to 31st Mar'26. 3. The above rates will not be applicable for the cases which are login before 1st Apr'25, revised rates will be shared for the cases log in from 1st Apr'26 onwards 4. Any contest, topline booster, VLI, product booster will not be applicable for the above product",at 2nd year: 0%
16,TATA_AIA,Protection,SRP - Life Option(Digital Discount),,7 - 9,-,0.35,0.0,,,,,,"Fresh | Note: Rates for new PPT / PT & Products will be conveyed separately | Fortune Guarantee Supreme V3 (**) - Differed income - ROP (credits will be applied with below conditions) 1. The above rates of Fortune Guarantee Supreme V3 is applicable for >= 4L annual premium 2. The above rates are applicable only for the cases login and issuance from 1st Apr'25 to 31st Mar'26. 3. The above rates will not be applicable for the cases which are login before 1st Apr'25, revised rates will be shared for the cases log in from 1st Apr'26 onwards 4. Any contest, topline booster, VLI, product booster will not be applicable for the above product",at 2nd year: 0%
17,TATA_AIA,Protection,SRP - Life Option(Digital Discount),,10,-,0.37,0.0,,,,,,"Fresh | Note: Rates for new PPT / PT & Products will be conveyed separately | Fortune Guarantee Supreme V3 (**) - Differed income - ROP (credits will be applied with below conditions) 1. The above rates of Fortune Guarantee Supreme V3 is applicable for >= 4L annual premium 2. The above rates are applicable only for the cases login and issuance from 1st Apr'25 to 31st Mar'26. 3. The above rates will not be applicable for the cases which are login before 1st Apr'25, revised rates will be shared for the cases log in from 1st Apr'26 onwards 4. Any contest, topline booster, VLI, product booster will not be applicable for the above product",at 2nd year: 0%
18,TATA_AIA,Protection,SRP - Life Option(Digital Discount),,11,-,0.37,0.0,,,,,,"Fresh | Note: Rates for new PPT / PT & Products will be conveyed separately | Fortune Guarantee Supreme V3 (**) - Differed income - ROP (credits will be applied with below conditions) 1. The above rates of Fortune Guarantee Supreme V3 is applicable for >= 4L annual premium 2. The above rates are applicable only for the cases login and issuance from 1st Apr'25 to 31st Mar'26. 3. The above rates will not be applicable for the cases which are login before 1st Apr'25, revised rates will be shared for the cases log in from 1st Apr'26 onwards 4. Any contest, topline booster, VLI, product booster will not be applicable for the above product",at 2nd year: 0%
19,TATA_AIA,Protection,SRP - Life Option(Digital Discount),,12,-,0.39,0.0,,,,,,"Fresh | Note: Rates for new PPT / PT & Products will be conveyed separately | Fortune Guarantee Supreme V3 (**) - Differed income - ROP (credits will be applied with below conditions) 1. The above rates of Fortune Guarantee Supreme V3 is applicable for >= 4L annual premium 2. The above rates are applicable only for the cases login and issuance from 1st Apr'25 to 31st Mar'26. 3. The above rates will not be applicable for the cases which are login before 1st Apr'25, revised rates will be shared for the cases log in from 1st Apr'26 onwards 4. Any contest, topline booster, VLI, product booster will not be applicable for the above product",at 2nd year: 0%
20,TATA_AIA,Protection,SRP - Life Option(Digital Discount),,13,-,0.41,0.0,,,,,,"Fresh | Note: Rates for new PPT / PT & Products will be conveyed separately | Fortune Guarantee Supreme V3 (**) - Differed income - ROP (credits will be applied with below conditions) 1. The above rates of Fortune Guarantee Supreme V3 is applicable for >= 4L annual premium 2. The above rates are applicable only for the cases login and issuance from 1st Apr'25 to 31st Mar'26. 3. The above rates will not be applicable for the cases which are login before 1st Apr'25, revised rates will be shared for the cases log in from 1st Apr'26 onwards 4. Any contest, topline booster, VLI, product booster will not be applicable for the above product",at 2nd year: 0%
21,TATA_AIA,Protection,SRP - Life Plus(Offline),,2,-,0.14,0.015,,,,,,"Fresh | Note: Rates for new PPT / PT & Products will be conveyed separately | Fortune Guarantee Supreme V3 (**) - Differed income - ROP (credits will be applied with below conditions) 1. The above rates of Fortune Guarantee Supreme V3 is applicable for >= 4L annual premium 2. The above rates are applicable only for the cases login and issuance from 1st Apr'25 to 31st Mar'26. 3. The above rates will not be applicable for the cases which are login before 1st Apr'25, revised rates will be shared for the cases log in from 1st Apr'26 onwards 4. Any contest, topline booster, VLI, product booster will not be applicable for the above product",at 2nd year: 1.5%
22,TATA_AIA,Protection,SRP - Life Plus(Offline),,3,-,0.17,0.02,,,,,,"Fresh | Note: Rates for new PPT / PT & Products will be conveyed separately | Fortune Guarantee Supreme V3 (**) - Differed income - ROP (credits will be applied with below conditions) 1. The above rates of Fortune Guarantee Supreme V3 is applicable for >= 4L annual premium 2. The above rates are applicable only for the cases login and issuance from 1st Apr'25 to 31st Mar'26. 3. The above rates will not be applicable for the cases which are login before 1st Apr'25, revised rates will be shared for the cases log in from 1st Apr'26 onwards 4. Any contest, topline booster, VLI, product booster will not be applicable for the above product",at 2nd year: 2%
23,TATA_AIA,Protection,SRP - Life Plus(Offline),,4,-,0.2,0.02,,,,,,"Fresh | Note: Rates for new PPT / PT & Products will be conveyed separately | Fortune Guarantee Supreme V3 (**) - Differed income - ROP (credits will be applied with below conditions) 1. The above rates of Fortune Guarantee Supreme V3 is applicable for >= 4L annual premium 2. The above rates are applicable only for the cases login and issuance from 1st Apr'25 to 31st Mar'26. 3. The above rates will not be applicable for the cases which are login before 1st Apr'25, revised rates will be shared for the cases log in from 1st Apr'26 onwards 4. Any contest, topline booster, VLI, product booster will not be applicable for the above product",at 2nd year: 2%
24,TATA_AIA,Protection,SRP - Life Plus(Offline),,5,-,0.34,0.04,,,,,,"Fresh | Note: Rates for new PPT / PT & Products will be conveyed separately | Fortune Guarantee Supreme V3 (**) - Differed income - ROP (credits will be applied with below conditions) 1. The above rates of Fortune Guarantee Supreme V3 is applicable for >= 4L annual premium 2. The above rates are applicable only for the cases login and issuance from 1st Apr'25 to 31st Mar'26. 3. The above rates will not be applicable for the cases which are login before 1st Apr'25, revised rates will be shared for the cases log in from 1st Apr'26 onwards 4. Any contest, topline booster, VLI, product booster will not be applicable for the above product",at 2nd year: 4%
25,TATA_AIA,Protection,SRP - Life Plus(Offline),,6,-,0.35,0.04,,,,,,"Fresh | Note: Rates for new PPT / PT & Products will be conveyed separately | Fortune Guarantee Supreme V3 (**) - Differed income - ROP (credits will be applied with below conditions) 1. The above rates of Fortune Guarantee Supreme V3 is applicable for >= 4L annual premium 2. The above rates are applicable only for the cases login and issuance from 1st Apr'25 to 31st Mar'26. 3. The above rates will not be applicable for the cases which are login before 1st Apr'25, revised rates will be shared for the cases log in from 1st Apr'26 onwards 4. Any contest, topline booster, VLI, product booster will not be applicable for the above product",at 2nd year: 4%
26,TATA_AIA,Protection,SRP - Life Plus(Offline),,7 - 9,-,0.36,0.04,,,,,,"Fresh | Note: Rates for new PPT / PT & Products will be conveyed separately | Fortune Guarantee Supreme V3 (**) - Differed income - ROP (credits will be applied with below conditions) 1. The above rates of Fortune Guarantee Supreme V3 is applicable for >= 4L annual premium 2. The above rates are applicable only for the cases login and issuance from 1st Apr'25 to 31st Mar'26. 3. The above rates will not be applicable for the cases which are login before 1st Apr'25, revised rates will be shared for the cases log in from 1st Apr'26 onwards 4. Any contest, topline booster, VLI, product booster will not be applicable for the above product",at 2nd year: 4%
27,TATA_AIA,Protection,SRP - Life Plus(Offline),,10,-,0.375,0.045,,,,,,"Fresh | Note: Rates for new PPT / PT & Products will be conveyed separately | Fortune Guarantee Supreme V3 (**) - Differed income - ROP (credits will be applied with below conditions) 1. The above rates of Fortune Guarantee Supreme V3 is applicable for >= 4L annual premium 2. The above rates are applicable only for the cases login and issuance from 1st Apr'25 to 31st Mar'26. 3. The above rates will not be applicable for the cases which are login before 1st Apr'25, revised rates will be shared for the cases log in from 1st Apr'26 onwards 4. Any contest, topline booster, VLI, product booster will not be applicable for the above product",at 2nd year: 4.5%
28,TATA_AIA,Protection,SRP - Life Plus(Offline),,11,-,0.375,0.045,,,,,,"Fresh | Note: Rates for new PPT / PT & Products will be conveyed separately | Fortune Guarantee Supreme V3 (**) - Differed income - ROP (credits will be applied with below conditions) 1. The above rates of Fortune Guarantee Supreme V3 is applicable for >= 4L annual premium 2. The above rates are applicable only for the cases login and issuance from 1st Apr'25 to 31st Mar'26. 3. The above rates will not be applicable for the cases which are login before 1st Apr'25, revised rates will be shared for the cases log in from 1st Apr'26 onwards 4. Any contest, topline booster, VLI, product booster will not be applicable for the above product",at 2nd year: 4.5%
29,TATA_AIA,Protection,SRP - Life Plus(Offline),,12,-,0.395,0.045,,,,,,"Fresh | Note: Rates for new PPT / PT & Products will be conveyed separately | Fortune Guarantee Supreme V3 (**) - Differed income - ROP (credits will be applied with below conditions) 1. The above rates of Fortune Guarantee Supreme V3 is applicable for >= 4L annual premium 2. The above rates are applicable only for the cases login and issuance from 1st Apr'25 to 31st Mar'26. 3. The above rates will not be applicable for the cases which are login before 1st Apr'25, revised rates will be shared for the cases log in from 1st Apr'26 onwards 4. Any contest, topline booster, VLI, product booster will not be applicable for the above product",at 2nd year: 4.5%
30,TATA_AIA,Protection,SRP - Life Plus(Offline),,13,-,0.415,0.05,,,,,,"Fresh | Note: Rates for new PPT / PT & Products will be conveyed separately | Fortune Guarantee Supreme V3 (**) - Differed income - ROP (credits will be applied with below conditions) 1. The above rates of Fortune Guarantee Supreme V3 is applicable for >= 4L annual premium 2. The above rates are applicable only for the cases login and issuance from 1st Apr'25 to 31st Mar'26. 3. The above rates will not be applicable for the cases which are login before 1st Apr'25, revised rates will be shared for the cases log in from 1st Apr'26 onwards 4. Any contest, topline booster, VLI, product booster will not be applicable for the above product",at 2nd year: 5%
31,TATA_AIA,Protection,SRP - Life Plus(Digital Discount),,2,-,0.075,0.0,,,,,,"Fresh | Note: Rates for new PPT / PT & Products will be conveyed separately | Fortune Guarantee Supreme V3 (**) - Differed income - ROP (credits will be applied with below conditions) 1. The above rates of Fortune Guarantee Supreme V3 is applicable for >= 4L annual premium 2. The above rates are applicable only for the cases login and issuance from 1st Apr'25 to 31st Mar'26. 3. The above rates will not be applicable for the cases which are login before 1st Apr'25, revised rates will be shared for the cases log in from 1st Apr'26 onwards 4. Any contest, topline booster, VLI, product booster will not be applicable for the above product",at 2nd year: 0%
32,TATA_AIA,Protection,SRP - Life Plus(Digital Discount),,3,-,0.11,0.01,,,,,,"Fresh | Note: Rates for new PPT / PT & Products will be conveyed separately | Fortune Guarantee Supreme V3 (**) - Differed income - ROP (credits will be applied with below conditions) 1. The above rates of Fortune Guarantee Supreme V3 is applicable for >= 4L annual premium 2. The above rates are applicable only for the cases login and issuance from 1st Apr'25 to 31st Mar'26. 3. The above rates will not be applicable for the cases which are login before 1st Apr'25, revised rates will be shared for the cases log in from 1st Apr'26 onwards 4. Any contest, topline booster, VLI, product booster will not be applicable for the above product",at 2nd year: 1%
33,TATA_AIA,Protection,SRP - Life Plus(Digital Discount),,4,-,0.14,0.015,,,,,,"Fresh | Note: Rates for new PPT / PT & Products will be conveyed separately | Fortune Guarantee Supreme V3 (**) - Differed income - ROP (credits will be applied with below conditions) 1. The above rates of Fortune Guarantee Supreme V3 is applicable for >= 4L annual premium 2. The above rates are applicable only for the cases login and issuance from 1st Apr'25 to 31st Mar'26. 3. The above rates will not be applicable for the cases which are login before 1st Apr'25, revised rates will be shared for the cases log in from 1st Apr'26 onwards 4. Any contest, topline booster, VLI, product booster will not be applicable for the above product",at 2nd year: 1.5%
34,TATA_AIA,Protection,SRP - Life Plus(Digital Discount),,5,-,0.275,0.03,,,,,,"Fresh | Note: Rates for new PPT / PT & Products will be conveyed separately | Fortune Guarantee Supreme V3 (**) - Differed income - ROP (credits will be applied with below conditions) 1. The above rates of Fortune Guarantee Supreme V3 is applicable for >= 4L annual premium 2. The above rates are applicable only for the cases login and issuance from 1st Apr'25 to 31st Mar'26. 3. The above rates will not be applicable for the cases which are login before 1st Apr'25, revised rates will be shared for the cases log in from 1st Apr'26 onwards 4. Any contest, topline booster, VLI, product booster will not be applicable for the above product",at 2nd year: 3%
35,TATA_AIA,Protection,SRP - Life Plus(Digital Discount),,6,-,0.285,0.03,,,,,,"Fresh | Note: Rates for new PPT / PT & Products will be conveyed separately | Fortune Guarantee Supreme V3 (**) - Differed income - ROP (credits will be applied with below conditions) 1. The above rates of Fortune Guarantee Supreme V3 is applicable for >= 4L annual premium 2. The above rates are applicable only for the cases login and issuance from 1st Apr'25 to 31st Mar'26. 3. The above rates will not be applicable for the cases which are login before 1st Apr'25, revised rates will be shared for the cases log in from 1st Apr'26 onwards 4. Any contest, topline booster, VLI, product booster will not be applicable for the above product",at 2nd year: 3%
36,TATA_AIA,Protection,SRP - Life Plus(Digital Discount),,7 - 9,-,0.3,0.035,,,,,,"Fresh | Note: Rates for new PPT / PT & Products will be conveyed separately | Fortune Guarantee Supreme V3 (**) - Differed income - ROP (credits will be applied with below conditions) 1. The above rates of Fortune Guarantee Supreme V3 is applicable for >= 4L annual premium 2. The above rates are applicable only for the cases login and issuance from 1st Apr'25 to 31st Mar'26. 3. The above rates will not be applicable for the cases which are login before 1st Apr'25, revised rates will be shared for the cases log in from 1st Apr'26 onwards 4. Any contest, topline booster, VLI, product booster will not be applicable for the above product",at 2nd year: 3.5%
37,TATA_AIA,Protection,SRP - Life Plus(Digital Discount),,10,-,0.31,0.035,,,,,,"Fresh | Note: Rates for new PPT / PT & Products will be conveyed separately | Fortune Guarantee Supreme V3 (**) - Differed income - ROP (credits will be applied with below conditions) 1. The above rates of Fortune Guarantee Supreme V3 is applicable for >= 4L annual premium 2. The above rates are applicable only for the cases login and issuance from 1st Apr'25 to 31st Mar'26. 3. The above rates will not be applicable for the cases which are login before 1st Apr'25, revised rates will be shared for the cases log in from 1st Apr'26 onwards 4. Any contest, topline booster, VLI, product booster will not be applicable for the above product",at 2nd year: 3.5%
38,TATA_AIA,Protection,SRP - Life Plus(Digital Discount),,11,-,0.31,0.035,,,,,,"Fresh | Note: Rates for new PPT / PT & Products will be conveyed separately | Fortune Guarantee Supreme V3 (**) - Differed income - ROP (credits will be applied with below conditions) 1. The above rates of Fortune Guarantee Supreme V3 is applicable for >= 4L annual premium 2. The above rates are applicable only for the cases login and issuance from 1st Apr'25 to 31st Mar'26. 3. The above rates will not be applicable for the cases which are login before 1st Apr'25, revised rates will be shared for the cases log in from 1st Apr'26 onwards 4. Any contest, topline booster, VLI, product booster will not be applicable for the above product",at 2nd year: 3.5%
39,TATA_AIA,Protection,SRP - Life Plus(Digital Discount),,12,-,0.33,0.04,,,,,,"Fresh | Note: Rates for new PPT / PT & Products will be conveyed separately | Fortune Guarantee Supreme V3 (**) - Differed income - ROP (credits will be applied with below conditions) 1. The above rates of Fortune Guarantee Supreme V3 is applicable for >= 4L annual premium 2. The above rates are applicable only for the cases login and issuance from 1st Apr'25 to 31st Mar'26. 3. The above rates will not be applicable for the cases which are login before 1st Apr'25, revised rates will be shared for the cases log in from 1st Apr'26 onwards 4. Any contest, topline booster, VLI, product booster will not be applicable for the above product",at 2nd year: 4%
40,TATA_AIA,Protection,SRP - Life Plus(Digital Discount),,13,-,0.35,0.04,,,,,,"Fresh | Note: Rates for new PPT / PT & Products will be conveyed separately | Fortune Guarantee Supreme V3 (**) - Differed income - ROP (credits will be applied with below conditions) 1. The above rates of Fortune Guarantee Supreme V3 is applicable for >= 4L annual premium 2. The above rates are applicable only for the cases login and issuance from 1st Apr'25 to 31st Mar'26. 3. The above rates will not be applicable for the cases which are login before 1st Apr'25, revised rates will be shared for the cases log in from 1st Apr'26 onwards 4. Any contest, topline booster, VLI, product booster will not be applicable for the above product",at 2nd year: 4%
41,TATA_AIA,Protection,MRS - SELECT (Offline) - NROP,,2,-,0.13,0.0,,,,,,"Fresh | Note: Rates for new PPT / PT & Products will be conveyed separately | Fortune Guarantee Supreme V3 (**) - Differed income - ROP (credits will be applied with below conditions) 1. The above rates of Fortune Guarantee Supreme V3 is applicable for >= 4L annual premium 2. The above rates are applicable only for the cases login and issuance from 1st Apr'25 to 31st Mar'26. 3. The above rates will not be applicable for the cases which are login before 1st Apr'25, revised rates will be shared for the cases log in from 1st Apr'26 onwards 4. Any contest, topline booster, VLI, product booster will not be applicable for the above product",at 2nd year: 0%
42,TATA_AIA,Protection,MRS - SELECT (Offline) - NROP,,3,-,0.165,0.0,,,,,,"Fresh | Note: Rates for new PPT / PT & Products will be conveyed separately | Fortune Guarantee Supreme V3 (**) - Differed income - ROP (credits will be applied with below conditions) 1. The above rates of Fortune Guarantee Supreme V3 is applicable for >= 4L annual premium 2. The above rates are applicable only for the cases login and issuance from 1st Apr'25 to 31st Mar'26. 3. The above rates will not be applicable for the cases which are login before 1st Apr'25, revised rates will be shared for the cases log in from 1st Apr'26 onwards 4. Any contest, topline booster, VLI, product booster will not be applicable for the above product",at 2nd year: 0%
43,TATA_AIA,Protection,MRS - SELECT (Offline) - NROP,,4,-,0.2,0.0,,,,,,"Fresh | Note: Rates for new PPT / PT & Products will be conveyed separately | Fortune Guarantee Supreme V3 (**) - Differed income - ROP (credits will be applied with below conditions) 1. The above rates of Fortune Guarantee Supreme V3 is applicable for >= 4L annual premium 2. The above rates are applicable only for the cases login and issuance from 1st Apr'25 to 31st Mar'26. 3. The above rates will not be applicable for the cases which are login before 1st Apr'25, revised rates will be shared for the cases log in from 1st Apr'26 onwards 4. Any contest, topline booster, VLI, product booster will not be applicable for the above product",at 2nd year: 0%
44,TATA_AIA,Protection,MRS - SELECT - (Sum Assured equal & above 2 Crs.)(Offline) - NROP,,5,-,0.36,0.0,,,,,,"Fresh | Note: Rates for new PPT / PT & Products will be conveyed separately | Fortune Guarantee Supreme V3 (**) - Differed income - ROP (credits will be applied with below conditions) 1. The above rates of Fortune Guarantee Supreme V3 is applicable for >= 4L annual premium 2. The above rates are applicable only for the cases login and issuance from 1st Apr'25 to 31st Mar'26. 3. The above rates will not be applicable for the cases which are login before 1st Apr'25, revised rates will be shared for the cases log in from 1st Apr'26 onwards 4. Any contest, topline booster, VLI, product booster will not be applicable for the above product",at 2nd year: 0%
45,TATA_AIA,Protection,MRS - SELECT - (Sum Assured equal & above 2 Crs.)(Offline) - NROP,,6,-,0.375,0.0,,,,,,"Fresh | Note: Rates for new PPT / PT & Products will be conveyed separately | Fortune Guarantee Supreme V3 (**) - Differed income - ROP (credits will be applied with below conditions) 1. The above rates of Fortune Guarantee Supreme V3 is applicable for >= 4L annual premium 2. The above rates are applicable only for the cases login and issuance from 1st Apr'25 to 31st Mar'26. 3. The above rates will not be applicable for the cases which are login before 1st Apr'25, revised rates will be shared for the cases log in from 1st Apr'26 onwards 4. Any contest, topline booster, VLI, product booster will not be applicable for the above product",at 2nd year: 0%
46,TATA_AIA,Protection,MRS - SELECT - (Sum Assured equal & above 2 Crs.)(Offline) - NROP,,7 - 9,-,0.39,0.0,,,,,,"Fresh | Note: Rates for new PPT / PT & Products will be conveyed separately | Fortune Guarantee Supreme V3 (**) - Differed income - ROP (credits will be applied with below conditions) 1. The above rates of Fortune Guarantee Supreme V3 is applicable for >= 4L annual premium 2. The above rates are applicable only for the cases login and issuance from 1st Apr'25 to 31st Mar'26. 3. The above rates will not be applicable for the cases which are login before 1st Apr'25, revised rates will be shared for the cases log in from 1st Apr'26 onwards 4. Any contest, topline booster, VLI, product booster will not be applicable for the above product",at 2nd year: 0%
47,TATA_AIA,Protection,MRS - SELECT - (Sum Assured equal & above 2 Crs.)(Offline) - NROP,,10,-,0.405,0.0,,,,,,"Fresh | Note: Rates for new PPT / PT & Products will be conveyed separately | Fortune Guarantee Supreme V3 (**) - Differed income - ROP (credits will be applied with below conditions) 1. The above rates of Fortune Guarantee Supreme V3 is applicable for >= 4L annual premium 2. The above rates are applicable only for the cases login and issuance from 1st Apr'25 to 31st Mar'26. 3. The above rates will not be applicable for the cases which are login before 1st Apr'25, revised rates will be shared for the cases log in from 1st Apr'26 onwards 4. Any contest, topline booster, VLI, product booster will not be applicable for the above product",at 2nd year: 0%
48,TATA_AIA,Protection,MRS - SELECT - (Sum Assured equal & above 2 Crs.)(Offline) - NROP,,11,-,0.405,0.0,,,,,,"Fresh | Note: Rates for new PPT / PT & Products will be conveyed separately | Fortune Guarantee Supreme V3 (**) - Differed income - ROP (credits will be applied with below conditions) 1. The above rates of Fortune Guarantee Supreme V3 is applicable for >= 4L annual premium 2. The above rates are applicable only for the cases login and issuance from 1st Apr'25 to 31st Mar'26. 3. The above rates will not be applicable for the cases which are login before 1st Apr'25, revised rates will be shared for the cases log in from 1st Apr'26 onwards 4. Any contest, topline booster, VLI, product booster will not be applicable for the above product",at 2nd year: 0%
49,TATA_AIA,Protection,MRS - SELECT - (Sum Assured equal & above 2 Crs.)(Offline) - NROP,,12,-,0.43,0.0,,,,,,"Fresh | Note: Rates for new PPT / PT & Products will be conveyed separately | Fortune Guarantee Supreme V3 (**) - Differed income - ROP (credits will be applied with below conditions) 1. The above rates of Fortune Guarantee Supreme V3 is applicable for >= 4L annual premium 2. The above rates are applicable only for the cases login and issuance from 1st Apr'25 to 31st Mar'26. 3. The above rates will not be applicable for the cases which are login before 1st Apr'25, revised rates will be shared for the cases log in from 1st Apr'26 onwards 4. Any contest, topline booster, VLI, product booster will not be applicable for the above product",at 2nd year: 0%
50,TATA_AIA,Protection,MRS - SELECT - (Sum Assured equal & above 2 Crs.)(Offline) - NROP,,13,-,0.45,0.0,,,,,,"Fresh | Note: Rates for new PPT / PT & Products will be conveyed separately | Fortune Guarantee Supreme V3 (**) - Differed income - ROP (credits will be applied with below conditions) 1. The above rates of Fortune Guarantee Supreme V3 is applicable for >= 4L annual premium 2. The above rates are applicable only for the cases login and issuance from 1st Apr'25 to 31st Mar'26. 3. The above rates will not be applicable for the cases which are login before 1st Apr'25, revised rates will be shared for the cases log in from 1st Apr'26 onwards 4. Any contest, topline booster, VLI, product booster will not be applicable for the above product",at 2nd year: 0%
51,TATA_AIA,Protection,MRS - SELECT (Digital Discount) - NROP,,2,-,0.035,0.0,,,,,,"Fresh | Note: Rates for new PPT / PT & Products will be conveyed separately | Fortune Guarantee Supreme V3 (**) - Differed income - ROP (credits will be applied with below conditions) 1. The above rates of Fortune Guarantee Supreme V3 is applicable for >= 4L annual premium 2. The above rates are applicable only for the cases login and issuance from 1st Apr'25 to 31st Mar'26. 3. The above rates will not be applicable for the cases which are login before 1st Apr'25, revised rates will be shared for the cases log in from 1st Apr'26 onwards 4. Any contest, topline booster, VLI, product booster will not be applicable for the above product",at 2nd year: 0%
52,TATA_AIA,Protection,MRS - SELECT (Digital Discount) - NROP,,3,-,0.09,0.0,,,,,,"Fresh | Note: Rates for new PPT / PT & Products will be conveyed separately | Fortune Guarantee Supreme V3 (**) - Differed income - ROP (credits will be applied with below conditions) 1. The above rates of Fortune Guarantee Supreme V3 is applicable for >= 4L annual premium 2. The above rates are applicable only for the cases login and issuance from 1st Apr'25 to 31st Mar'26. 3. The above rates will not be applicable for the cases which are login before 1st Apr'25, revised rates will be shared for the cases log in from 1st Apr'26 onwards 4. Any contest, topline booster, VLI, product booster will not be applicable for the above product",at 2nd year: 0%
53,TATA_AIA,Protection,MRS - SELECT (Digital Discount) - NROP,,4,-,0.13,0.0,,,,,,"Fresh | Note: Rates for new PPT / PT & Products will be conveyed separately | Fortune Guarantee Supreme V3 (**) - Differed income - ROP (credits will be applied with below conditions) 1. The above rates of Fortune Guarantee Supreme V3 is applicable for >= 4L annual premium 2. The above rates are applicable only for the cases login and issuance from 1st Apr'25 to 31st Mar'26. 3. The above rates will not be applicable for the cases which are login before 1st Apr'25, revised rates will be shared for the cases log in from 1st Apr'26 onwards 4. Any contest, topline booster, VLI, product booster will not be applicable for the above product",at 2nd year: 0%
54,TATA_AIA,Protection,MRS - SELECT - (Sum Assured equal & above 2 Crs.)(Digital Discount) - NROP,,5,-,0.285,0.0,,,,,,"Fresh | Note: Rates for new PPT / PT & Products will be conveyed separately | Fortune Guarantee Supreme V3 (**) - Differed income - ROP (credits will be applied with below conditions) 1. The above rates of Fortune Guarantee Supreme V3 is applicable for >= 4L annual premium 2. The above rates are applicable only for the cases login and issuance from 1st Apr'25 to 31st Mar'26. 3. The above rates will not be applicable for the cases which are login before 1st Apr'25, revised rates will be shared for the cases log in from 1st Apr'26 onwards 4. Any contest, topline booster, VLI, product booster will not be applicable for the above product",at 2nd year: 0%
55,TATA_AIA,Protection,MRS - SELECT - (Sum Assured equal & above 2 Crs.)(Digital Discount) - NROP,,6,-,0.3,0.0,,,,,,"Fresh | Note: Rates for new PPT / PT & Products will be conveyed separately | Fortune Guarantee Supreme V3 (**) - Differed income - ROP (credits will be applied with below conditions) 1. The above rates of Fortune Guarantee Supreme V3 is applicable for >= 4L annual premium 2. The above rates are applicable only for the cases login and issuance from 1st Apr'25 to 31st Mar'26. 3. The above rates will not be applicable for the cases which are login before 1st Apr'25, revised rates will be shared for the cases log in from 1st Apr'26 onwards 4. Any contest, topline booster, VLI, product booster will not be applicable for the above product",at 2nd year: 0%
56,TATA_AIA,Protection,MRS - SELECT - (Sum Assured equal & above 2 Crs.)(Digital Discount) - NROP,,7 - 9,-,0.315,0.0,,,,,,"Fresh | Note: Rates for new PPT / PT & Products will be conveyed separately | Fortune Guarantee Supreme V3 (**) - Differed income - ROP (credits will be applied with below conditions) 1. The above rates of Fortune Guarantee Supreme V3 is applicable for >= 4L annual premium 2. The above rates are applicable only for the cases login and issuance from 1st Apr'25 to 31st Mar'26. 3. The above rates will not be applicable for the cases which are login before 1st Apr'25, revised rates will be shared for the cases log in from 1st Apr'26 onwards 4. Any contest, topline booster, VLI, product booster will not be applicable for the above product",at 2nd year: 0%
57,TATA_AIA,Protection,MRS - SELECT - (Sum Assured equal & above 2 Crs.)(Digital Discount) - NROP,,10,-,0.33,0.0,,,,,,"Fresh | Note: Rates for new PPT / PT & Products will be conveyed separately | Fortune Guarantee Supreme V3 (**) - Differed income - ROP (credits will be applied with below conditions) 1. The above rates of Fortune Guarantee Supreme V3 is applicable for >= 4L annual premium 2. The above rates are applicable only for the cases login and issuance from 1st Apr'25 to 31st Mar'26. 3. The above rates will not be applicable for the cases which are login before 1st Apr'25, revised rates will be shared for the cases log in from 1st Apr'26 onwards 4. Any contest, topline booster, VLI, product booster will not be applicable for the above product",at 2nd year: 0%
58,TATA_AIA,Protection,MRS - SELECT - (Sum Assured equal & above 2 Crs.)(Digital Discount) - NROP,,11,-,0.33,0.0,,,,,,"Fresh | Note: Rates for new PPT / PT & Products will be conveyed separately | Fortune Guarantee Supreme V3 (**) - Differed income - ROP (credits will be applied with below conditions) 1. The above rates of Fortune Guarantee Supreme V3 is applicable for >= 4L annual premium 2. The above rates are applicable only for the cases login and issuance from 1st Apr'25 to 31st Mar'26. 3. The above rates will not be applicable for the cases which are login before 1st Apr'25, revised rates will be shared for the cases log in from 1st Apr'26 onwards 4. Any contest, topline booster, VLI, product booster will not be applicable for the above product",at 2nd year: 0%
59,TATA_AIA,Protection,MRS - SELECT - (Sum Assured equal & above 2 Crs.)(Digital Discount) - NROP,,12,-,0.35,0.0,,,,,,"Fresh | Note: Rates for new PPT / PT & Products will be conveyed separately | Fortune Guarantee Supreme V3 (**) - Differed income - ROP (credits will be applied with below conditions) 1. The above rates of Fortune Guarantee Supreme V3 is applicable for >= 4L annual premium 2. The above rates are applicable only for the cases login and issuance from 1st Apr'25 to 31st Mar'26. 3. The above rates will not be applicable for the cases which are login before 1st Apr'25, revised rates will be shared for the cases log in from 1st Apr'26 onwards 4. Any contest, topline booster, VLI, product booster will not be applicable for the above product",at 2nd year: 0%
60,TATA_AIA,Protection,MRS - SELECT - (Sum Assured equal & above 2 Crs.)(Digital Discount) - NROP,,13,-,0.375,0.0,,,,,,"Fresh | Note: Rates for new PPT / PT & Products will be conveyed separately | Fortune Guarantee Supreme V3 (**) - Differed income - ROP (credits will be applied with below conditions) 1. The above rates of Fortune Guarantee Supreme V3 is applicable for >= 4L annual premium 2. The above rates are applicable only for the cases login and issuance from 1st Apr'25 to 31st Mar'26. 3. The above rates will not be applicable for the cases which are login before 1st Apr'25, revised rates will be shared for the cases log in from 1st Apr'26 onwards 4. Any contest, topline booster, VLI, product booster will not be applicable for the above product",at 2nd year: 0%
61,TATA_AIA,Protection,MRS - SELECT (Offline) - ROP,,2,-,0.11,0.01,,,,,,"Fresh | Note: Rates for new PPT / PT & Products will be conveyed separately | Fortune Guarantee Supreme V3 (**) - Differed income - ROP (credits will be applied with below conditions) 1. The above rates of Fortune Guarantee Supreme V3 is applicable for >= 4L annual premium 2. The above rates are applicable only for the cases login and issuance from 1st Apr'25 to 31st Mar'26. 3. The above rates will not be applicable for the cases which are login before 1st Apr'25, revised rates will be shared for the cases log in from 1st Apr'26 onwards 4. Any contest, topline booster, VLI, product booster will not be applicable for the above product",at 2nd year: 1%
62,TATA_AIA,Protection,MRS - SELECT (Offline) - ROP,,3,-,0.14,0.015,,,,,,"Fresh | Note: Rates for new PPT / PT & Products will be conveyed separately | Fortune Guarantee Supreme V3 (**) - Differed income - ROP (credits will be applied with below conditions) 1. The above rates of Fortune Guarantee Supreme V3 is applicable for >= 4L annual premium 2. The above rates are applicable only for the cases login and issuance from 1st Apr'25 to 31st Mar'26. 3. The above rates will not be applicable for the cases which are login before 1st Apr'25, revised rates will be shared for the cases log in from 1st Apr'26 onwards 4. Any contest, topline booster, VLI, product booster will not be applicable for the above product",at 2nd year: 1.5%
63,TATA_AIA,Protection,MRS - SELECT (Offline) - ROP,,4,-,0.17,0.02,,,,,,"Fresh | Note: Rates for new PPT / PT & Products will be conveyed separately | Fortune Guarantee Supreme V3 (**) - Differed income - ROP (credits will be applied with below conditions) 1. The above rates of Fortune Guarantee Supreme V3 is applicable for >= 4L annual premium 2. The above rates are applicable only for the cases login and issuance from 1st Apr'25 to 31st Mar'26. 3. The above rates will not be applicable for the cases which are login before 1st Apr'25, revised rates will be shared for the cases log in from 1st Apr'26 onwards 4. Any contest, topline booster, VLI, product booster will not be applicable for the above product",at 2nd year: 2%
64,TATA_AIA,Protection,MRS - SELECT - (Sum Assured equal & above 2 Crs.)(Offline) - ROP,,5,-,0.305,0.035,,,,,,"Fresh | Note: Rates for new PPT / PT & Products will be conveyed separately | Fortune Guarantee Supreme V3 (**) - Differed income - ROP (credits will be applied with below conditions) 1. The above rates of Fortune Guarantee Supreme V3 is applicable for >= 4L annual premium 2. The above rates are applicable only for the cases login and issuance from 1st Apr'25 to 31st Mar'26. 3. The above rates will not be applicable for the cases which are login before 1st Apr'25, revised rates will be shared for the cases log in from 1st Apr'26 onwards 4. Any contest, topline booster, VLI, product booster will not be applicable for the above product",at 2nd year: 3.5%
65,TATA_AIA,Protection,MRS - SELECT - (Sum Assured equal & above 2 Crs.)(Offline) - ROP,,6,-,0.32,0.04,,,,,,"Fresh | Note: Rates for new PPT / PT & Products will be conveyed separately | Fortune Guarantee Supreme V3 (**) - Differed income - ROP (credits will be applied with below conditions) 1. The above rates of Fortune Guarantee Supreme V3 is applicable for >= 4L annual premium 2. The above rates are applicable only for the cases login and issuance from 1st Apr'25 to 31st Mar'26. 3. The above rates will not be applicable for the cases which are login before 1st Apr'25, revised rates will be shared for the cases log in from 1st Apr'26 onwards 4. Any contest, topline booster, VLI, product booster will not be applicable for the above product",at 2nd year: 4%
66,TATA_AIA,Protection,MRS - SELECT - (Sum Assured equal & above 2 Crs.)(Offline) - ROP,,7 - 9,-,0.33,0.04,,,,,,"Fresh | Note: Rates for new PPT / PT & Products will be conveyed separately | Fortune Guarantee Supreme V3 (**) - Differed income - ROP (credits will be applied with below conditions) 1. The above rates of Fortune Guarantee Supreme V3 is applicable for >= 4L annual premium 2. The above rates are applicable only for the cases login and issuance from 1st Apr'25 to 31st Mar'26. 3. The above rates will not be applicable for the cases which are login before 1st Apr'25, revised rates will be shared for the cases log in from 1st Apr'26 onwards 4. Any contest, topline booster, VLI, product booster will not be applicable for the above product",at 2nd year: 4%
67,TATA_AIA,Protection,MRS - SELECT - (Sum Assured equal & above 2 Crs.)(Offline) - ROP,,10,-,0.345,0.04,,,,,,"Fresh | Note: Rates for new PPT / PT & Products will be conveyed separately | Fortune Guarantee Supreme V3 (**) - Differed income - ROP (credits will be applied with below conditions) 1. The above rates of Fortune Guarantee Supreme V3 is applicable for >= 4L annual premium 2. The above rates are applicable only for the cases login and issuance from 1st Apr'25 to 31st Mar'26. 3. The above rates will not be applicable for the cases which are login before 1st Apr'25, revised rates will be shared for the cases log in from 1st Apr'26 onwards 4. Any contest, topline booster, VLI, product booster will not be applicable for the above product",at 2nd year: 4%
68,TATA_AIA,Protection,MRS - SELECT - (Sum Assured equal & above 2 Crs.)(Offline) - ROP,,11,-,0.345,0.04,,,,,,"Fresh | Note: Rates for new PPT / PT & Products will be conveyed separately | Fortune Guarantee Supreme V3 (**) - Differed income - ROP (credits will be applied with below conditions) 1. The above rates of Fortune Guarantee Supreme V3 is applicable for >= 4L annual premium 2. The above rates are applicable only for the cases login and issuance from 1st Apr'25 to 31st Mar'26. 3. The above rates will not be applicable for the cases which are login before 1st Apr'25, revised rates will be shared for the cases log in from 1st Apr'26 onwards 4. Any contest, topline booster, VLI, product booster will not be applicable for the above product",at 2nd year: 4%
69,TATA_AIA,Protection,MRS - SELECT - (Sum Assured equal & above 2 Crs.)(Offline) - ROP,,12,-,0.36,0.04,,,,,,"Fresh | Note: Rates for new PPT / PT & Products will be conveyed separately | Fortune Guarantee Supreme V3 (**) - Differed income - ROP (credits will be applied with below conditions) 1. The above rates of Fortune Guarantee Supreme V3 is applicable for >= 4L annual premium 2. The above rates are applicable only for the cases login and issuance from 1st Apr'25 to 31st Mar'26. 3. The above rates will not be applicable for the cases which are login before 1st Apr'25, revised rates will be shared for the cases log in from 1st Apr'26 onwards 4. Any contest, topline booster, VLI, product booster will not be applicable for the above product",at 2nd year: 4%
70,TATA_AIA,Protection,MRS - SELECT - (Sum Assured equal & above 2 Crs.)(Offline) - ROP,,13,-,0.38,0.045,,,,,,"Fresh | Note: Rates for new PPT / PT & Products will be conveyed separately | Fortune Guarantee Supreme V3 (**) - Differed income - ROP (credits will be applied with below conditions) 1. The above rates of Fortune Guarantee Supreme V3 is applicable for >= 4L annual premium 2. The above rates are applicable only for the cases login and issuance from 1st Apr'25 to 31st Mar'26. 3. The above rates will not be applicable for the cases which are login before 1st Apr'25, revised rates will be shared for the cases log in from 1st Apr'26 onwards 4. Any contest, topline booster, VLI, product booster will not be applicable for the above product",at 2nd year: 4.5%
71,TATA_AIA,Protection,MRS - SELECT (Digital Discount) - ROP,,2,-,0.03,0.005,,,,,,"Fresh | Note: Rates for new PPT / PT & Products will be conveyed separately | Fortune Guarantee Supreme V3 (**) - Differed income - ROP (credits will be applied with below conditions) 1. The above rates of Fortune Guarantee Supreme V3 is applicable for >= 4L annual premium 2. The above rates are applicable only for the cases login and issuance from 1st Apr'25 to 31st Mar'26. 3. The above rates will not be applicable for the cases which are login before 1st Apr'25, revised rates will be shared for the cases log in from 1st Apr'26 onwards 4. Any contest, topline booster, VLI, product booster will not be applicable for the above product",at 2nd year: 0.5%
72,TATA_AIA,Protection,MRS - SELECT (Digital Discount) - ROP,,3,-,0.075,0.0,,,,,,"Fresh | Note: Rates for new PPT / PT & Products will be conveyed separately | Fortune Guarantee Supreme V3 (**) - Differed income - ROP (credits will be applied with below conditions) 1. The above rates of Fortune Guarantee Supreme V3 is applicable for >= 4L annual premium 2. The above rates are applicable only for the cases login and issuance from 1st Apr'25 to 31st Mar'26. 3. The above rates will not be applicable for the cases which are login before 1st Apr'25, revised rates will be shared for the cases log in from 1st Apr'26 onwards 4. Any contest, topline booster, VLI, product booster will not be applicable for the above product",at 2nd year: 0%
73,TATA_AIA,Protection,MRS - SELECT (Digital Discount) - ROP,,4,-,0.11,0.01,,,,,,"Fresh | Note: Rates for new PPT / PT & Products will be conveyed separately | Fortune Guarantee Supreme V3 (**) - Differed income - ROP (credits will be applied with below conditions) 1. The above rates of Fortune Guarantee Supreme V3 is applicable for >= 4L annual premium 2. The above rates are applicable only for the cases login and issuance from 1st Apr'25 to 31st Mar'26. 3. The above rates will not be applicable for the cases which are login before 1st Apr'25, revised rates will be shared for the cases log in from 1st Apr'26 onwards 4. Any contest, topline booster, VLI, product booster will not be applicable for the above product",at 2nd year: 1%
74,TATA_AIA,Protection,MRS - SELECT - (Sum Assured equal & above 2 Crs.)(Digital Discount) - ROP,,5,-,0.24,0.03,,,,,,"Fresh | Note: Rates for new PPT / PT & Products will be conveyed separately | Fortune Guarantee Supreme V3 (**) - Differed income - ROP (credits will be applied with below conditions) 1. The above rates of Fortune Guarantee Supreme V3 is applicable for >= 4L annual premium 2. The above rates are applicable only for the cases login and issuance from 1st Apr'25 to 31st Mar'26. 3. The above rates will not be applicable for the cases which are login before 1st Apr'25, revised rates will be shared for the cases log in from 1st Apr'26 onwards 4. Any contest, topline booster, VLI, product booster will not be applicable for the above product",at 2nd year: 3%
75,TATA_AIA,Protection,MRS - SELECT - (Sum Assured equal & above 2 Crs.)(Digital Discount) - ROP,,6,-,0.255,0.03,,,,,,"Fresh | Note: Rates for new PPT / PT & Products will be conveyed separately | Fortune Guarantee Supreme V3 (**) - Differed income - ROP (credits will be applied with below conditions) 1. The above rates of Fortune Guarantee Supreme V3 is applicable for >= 4L annual premium 2. The above rates are applicable only for the cases login and issuance from 1st Apr'25 to 31st Mar'26. 3. The above rates will not be applicable for the cases which are login before 1st Apr'25, revised rates will be shared for the cases log in from 1st Apr'26 onwards 4. Any contest, topline booster, VLI, product booster will not be applicable for the above product",at 2nd year: 3%
76,TATA_AIA,Protection,MRS - SELECT - (Sum Assured equal & above 2 Crs.)(Digital Discount) - ROP,,7 - 9,-,0.27,0.03,,,,,,"Fresh | Note: Rates for new PPT / PT & Products will be conveyed separately | Fortune Guarantee Supreme V3 (**) - Differed income - ROP (credits will be applied with below conditions) 1. The above rates of Fortune Guarantee Supreme V3 is applicable for >= 4L annual premium 2. The above rates are applicable only for the cases login and issuance from 1st Apr'25 to 31st Mar'26. 3. The above rates will not be applicable for the cases which are login before 1st Apr'25, revised rates will be shared for the cases log in from 1st Apr'26 onwards 4. Any contest, topline booster, VLI, product booster will not be applicable for the above product",at 2nd year: 3%
77,TATA_AIA,Protection,MRS - SELECT - (Sum Assured equal & above 2 Crs.)(Digital Discount) - ROP,,10,-,0.28,0.03,,,,,,"Fresh | Note: Rates for new PPT / PT & Products will be conveyed separately | Fortune Guarantee Supreme V3 (**) - Differed income - ROP (credits will be applied with below conditions) 1. The above rates of Fortune Guarantee Supreme V3 is applicable for >= 4L annual premium 2. The above rates are applicable only for the cases login and issuance from 1st Apr'25 to 31st Mar'26. 3. The above rates will not be applicable for the cases which are login before 1st Apr'25, revised rates will be shared for the cases log in from 1st Apr'26 onwards 4. Any contest, topline booster, VLI, product booster will not be applicable for the above product",at 2nd year: 3%
78,TATA_AIA,Protection,MRS - SELECT - (Sum Assured equal & above 2 Crs.)(Digital Discount) - ROP,,11,-,0.28,0.03,,,,,,"Fresh | Note: Rates for new PPT / PT & Products will be conveyed separately | Fortune Guarantee Supreme V3 (**) - Differed income - ROP (credits will be applied with below conditions) 1. The above rates of Fortune Guarantee Supreme V3 is applicable for >= 4L annual premium 2. The above rates are applicable only for the cases login and issuance from 1st Apr'25 to 31st Mar'26. 3. The above rates will not be applicable for the cases which are login before 1st Apr'25, revised rates will be shared for the cases log in from 1st Apr'26 onwards 4. Any contest, topline booster, VLI, product booster will not be applicable for the above product",at 2nd year: 3%
79,TATA_AIA,Protection,MRS - SELECT - (Sum Assured equal & above 2 Crs.)(Digital Discount) - ROP,,12,-,0.3,0.035,,,,,,"Fresh | Note: Rates for new PPT / PT & Products will be conveyed separately | Fortune Guarantee Supreme V3 (**) - Differed income - ROP (credits will be applied with below conditions) 1. The above rates of Fortune Guarantee Supreme V3 is applicable for >= 4L annual premium 2. The above rates are applicable only for the cases login and issuance from 1st Apr'25 to 31st Mar'26. 3. The above rates will not be applicable for the cases which are login before 1st Apr'25, revised rates will be shared for the cases log in from 1st Apr'26 onwards 4. Any contest, topline booster, VLI, product booster will not be applicable for the above product",at 2nd year: 3.5%
80,TATA_AIA,Protection,MRS - SELECT - (Sum Assured equal & above 2 Crs.)(Digital Discount) - ROP,,13,-,0.32,0.04,,,,,,"Fresh | Note: Rates for new PPT / PT & Products will be conveyed separately | Fortune Guarantee Supreme V3 (**) - Differed income - ROP (credits will be applied with below conditions) 1. The above rates of Fortune Guarantee Supreme V3 is applicable for >= 4L annual premium 2. The above rates are applicable only for the cases login and issuance from 1st Apr'25 to 31st Mar'26. 3. The above rates will not be applicable for the cases which are login before 1st Apr'25, revised rates will be shared for the cases log in from 1st Apr'26 onwards 4. Any contest, topline booster, VLI, product booster will not be applicable for the above product",at 2nd year: 4%
81,TATA_AIA,ILP,ILP Param Raksha Life Growth + / Param Raksha Life Advantage +,,5 - 6,-,0.28,0.0,,,,,,"Fresh | Note: Rates for new PPT / PT & Products will be conveyed separately | Fortune Guarantee Supreme V3 (**) - Differed income - ROP (credits will be applied with below conditions) 1. The above rates of Fortune Guarantee Supreme V3 is applicable for >= 4L annual premium 2. The above rates are applicable only for the cases login and issuance from 1st Apr'25 to 31st Mar'26. 3. The above rates will not be applicable for the cases which are login before 1st Apr'25, revised rates will be shared for the cases log in from 1st Apr'26 onwards 4. Any contest, topline booster, VLI, product booster will not be applicable for the above product",at 2nd year: 0%
82,TATA_AIA,ILP,ILP Param Raksha Life Growth + / Param Raksha Life Advantage +,,7 - 9,-,0.28,0.0,,,,,,"Fresh | Note: Rates for new PPT / PT & Products will be conveyed separately | Fortune Guarantee Supreme V3 (**) - Differed income - ROP (credits will be applied with below conditions) 1. The above rates of Fortune Guarantee Supreme V3 is applicable for >= 4L annual premium 2. The above rates are applicable only for the cases login and issuance from 1st Apr'25 to 31st Mar'26. 3. The above rates will not be applicable for the cases which are login before 1st Apr'25, revised rates will be shared for the cases log in from 1st Apr'26 onwards 4. Any contest, topline booster, VLI, product booster will not be applicable for the above product",at 2nd year: 0%
83,TATA_AIA,ILP,ILP Param Raksha Life Growth + / Param Raksha Life Advantage +,,10,-,0.35,0.0,,,,,,"Fresh | Note: Rates for new PPT / PT & Products will be conveyed separately | Fortune Guarantee Supreme V3 (**) - Differed income - ROP (credits will be applied with below conditions) 1. The above rates of Fortune Guarantee Supreme V3 is applicable for >= 4L annual premium 2. The above rates are applicable only for the cases login and issuance from 1st Apr'25 to 31st Mar'26. 3. The above rates will not be applicable for the cases which are login before 1st Apr'25, revised rates will be shared for the cases log in from 1st Apr'26 onwards 4. Any contest, topline booster, VLI, product booster will not be applicable for the above product",at 2nd year: 0%
84,TATA_AIA,ILP,ILP Param Raksha Life Growth + / Param Raksha Life Advantage +,,12,-,0.35,0.0,,,,,,"Fresh | Note: Rates for new PPT / PT & Products will be conveyed separately | Fortune Guarantee Supreme V3 (**) - Differed income - ROP (credits will be applied with below conditions) 1. The above rates of Fortune Guarantee Supreme V3 is applicable for >= 4L annual premium 2. The above rates are applicable only for the cases login and issuance from 1st Apr'25 to 31st Mar'26. 3. The above rates will not be applicable for the cases which are login before 1st Apr'25, revised rates will be shared for the cases log in from 1st Apr'26 onwards 4. Any contest, topline booster, VLI, product booster will not be applicable for the above product",at 2nd year: 0%
85,TATA_AIA,ILP,ILP 13 + Pay Param Raksha Life Growth + / Param Raksha Life Advantage +,,-,-,0.39,0.0,,,,,,"Fresh | Note: Rates for new PPT / PT & Products will be conveyed separately | Fortune Guarantee Supreme V3 (**) - Differed income - ROP (credits will be applied with below conditions) 1. The above rates of Fortune Guarantee Supreme V3 is applicable for >= 4L annual premium 2. The above rates are applicable only for the cases login and issuance from 1st Apr'25 to 31st Mar'26. 3. The above rates will not be applicable for the cases which are login before 1st Apr'25, revised rates will be shared for the cases log in from 1st Apr'26 onwards 4. Any contest, topline booster, VLI, product booster will not be applicable for the above product",at 2nd year: 0%
86,TATA_AIA,ILP,ILP Param Raksha Life Maxima + / Param Raksha Life Pro,,5 - 6,-,0.28,0.0,,,,,,"Fresh | Note: Rates for new PPT / PT & Products will be conveyed separately | Fortune Guarantee Supreme V3 (**) - Differed income - ROP (credits will be applied with below conditions) 1. The above rates of Fortune Guarantee Supreme V3 is applicable for >= 4L annual premium 2. The above rates are applicable only for the cases login and issuance from 1st Apr'25 to 31st Mar'26. 3. The above rates will not be applicable for the cases which are login before 1st Apr'25, revised rates will be shared for the cases log in from 1st Apr'26 onwards 4. Any contest, topline booster, VLI, product booster will not be applicable for the above product",at 2nd year: 0%
87,TATA_AIA,ILP,ILP Param Raksha Life Maxima + / Param Raksha Life Pro,,7 - 9,-,0.28,0.0,,,,,,"Fresh | Note: Rates for new PPT / PT & Products will be conveyed separately | Fortune Guarantee Supreme V3 (**) - Differed income - ROP (credits will be applied with below conditions) 1. The above rates of Fortune Guarantee Supreme V3 is applicable for >= 4L annual premium 2. The above rates are applicable only for the cases login and issuance from 1st Apr'25 to 31st Mar'26. 3. The above rates will not be applicable for the cases which are login before 1st Apr'25, revised rates will be shared for the cases log in from 1st Apr'26 onwards 4. Any contest, topline booster, VLI, product booster will not be applicable for the above product",at 2nd year: 0%
88,TATA_AIA,ILP,ILP Param Raksha Life Maxima + / Param Raksha Life Pro,,10,-,0.35,0.0,,,,,,"Fresh | Note: Rates for new PPT / PT & Products will be conveyed separately | Fortune Guarantee Supreme V3 (**) - Differed income - ROP (credits will be applied with below conditions) 1. The above rates of Fortune Guarantee Supreme V3 is applicable for >= 4L annual premium 2. The above rates are applicable only for the cases login and issuance from 1st Apr'25 to 31st Mar'26. 3. The above rates will not be applicable for the cases which are login before 1st Apr'25, revised rates will be shared for the cases log in from 1st Apr'26 onwards 4. Any contest, topline booster, VLI, product booster will not be applicable for the above product",at 2nd year: 0%
89,TATA_AIA,ILP,ILP Param Raksha Life Maxima + / Param Raksha Life Pro,,12,-,0.35,0.0,,,,,,"Fresh | Note: Rates for new PPT / PT & Products will be conveyed separately | Fortune Guarantee Supreme V3 (**) - Differed income - ROP (credits will be applied with below conditions) 1. The above rates of Fortune Guarantee Supreme V3 is applicable for >= 4L annual premium 2. The above rates are applicable only for the cases login and issuance from 1st Apr'25 to 31st Mar'26. 3. The above rates will not be applicable for the cases which are login before 1st Apr'25, revised rates will be shared for the cases log in from 1st Apr'26 onwards 4. Any contest, topline booster, VLI, product booster will not be applicable for the above product",at 2nd year: 0%
90,TATA_AIA,ILP,ILP Reg Pay Param Raksha Life Maxima + / Param Raksha Life Pro,,-,-,0.39,0.0,,,,,,"Fresh | Note: Rates for new PPT / PT & Products will be conveyed separately | Fortune Guarantee Supreme V3 (**) - Differed income - ROP (credits will be applied with below conditions) 1. The above rates of Fortune Guarantee Supreme V3 is applicable for >= 4L annual premium 2. The above rates are applicable only for the cases login and issuance from 1st Apr'25 to 31st Mar'26. 3. The above rates will not be applicable for the cases which are login before 1st Apr'25, revised rates will be shared for the cases log in from 1st Apr'26 onwards 4. Any contest, topline booster, VLI, product booster will not be applicable for the above product",at 2nd year: 0%
91,TATA_AIA,ILP,ILP Param Raksha Life Pro +,,5 -6,-,0.34,0.0,,,,,,"Fresh | Note: Rates for new PPT / PT & Products will be conveyed separately | Fortune Guarantee Supreme V3 (**) - Differed income - ROP (credits will be applied with below conditions) 1. The above rates of Fortune Guarantee Supreme V3 is applicable for >= 4L annual premium 2. The above rates are applicable only for the cases login and issuance from 1st Apr'25 to 31st Mar'26. 3. The above rates will not be applicable for the cases which are login before 1st Apr'25, revised rates will be shared for the cases log in from 1st Apr'26 onwards 4. Any contest, topline booster, VLI, product booster will not be applicable for the above product",at 2nd year: 0%
92,TATA_AIA,ILP,ILP Param Raksha Life Pro +,,7 -9,-,0.34,0.0,,,,,,"Fresh | Note: Rates for new PPT / PT & Products will be conveyed separately | Fortune Guarantee Supreme V3 (**) - Differed income - ROP (credits will be applied with below conditions) 1. The above rates of Fortune Guarantee Supreme V3 is applicable for >= 4L annual premium 2. The above rates are applicable only for the cases login and issuance from 1st Apr'25 to 31st Mar'26. 3. The above rates will not be applicable for the cases which are login before 1st Apr'25, revised rates will be shared for the cases log in from 1st Apr'26 onwards 4. Any contest, topline booster, VLI, product booster will not be applicable for the above product",at 2nd year: 0%
93,TATA_AIA,ILP,ILP Param Raksha Life Pro +,,10 -11,-,0.375,0.0,,,,,,"Fresh | Note: Rates for new PPT / PT & Products will be conveyed separately | Fortune Guarantee Supreme V3 (**) - Differed income - ROP (credits will be applied with below conditions) 1. The above rates of Fortune Guarantee Supreme V3 is applicable for >= 4L annual premium 2. The above rates are applicable only for the cases login and issuance from 1st Apr'25 to 31st Mar'26. 3. The above rates will not be applicable for the cases which are login before 1st Apr'25, revised rates will be shared for the cases log in from 1st Apr'26 onwards 4. Any contest, topline booster, VLI, product booster will not be applicable for the above product",at 2nd year: 0%
94,TATA_AIA,ILP,ILP Param Raksha Life Pro +,,12,-,0.4,0.0,,,,,,"Fresh | Note: Rates for new PPT / PT & Products will be conveyed separately | Fortune Guarantee Supreme V3 (**) - Differed income - ROP (credits will be applied with below conditions) 1. The above rates of Fortune Guarantee Supreme V3 is applicable for >= 4L annual premium 2. The above rates are applicable only for the cases login and issuance from 1st Apr'25 to 31st Mar'26. 3. The above rates will not be applicable for the cases which are login before 1st Apr'25, revised rates will be shared for the cases log in from 1st Apr'26 onwards 4. Any contest, topline booster, VLI, product booster will not be applicable for the above product",at 2nd year: 0%
95,TATA_AIA,ILP,ILP + Param Raksha Life Pro +,,13,-,0.41,0.0,,,,,,"Fresh | Note: Rates for new PPT / PT & Products will be conveyed separately | Fortune Guarantee Supreme V3 (**) - Differed income - ROP (credits will be applied with below conditions) 1. The above rates of Fortune Guarantee Supreme V3 is applicable for >= 4L annual premium 2. The above rates are applicable only for the cases login and issuance from 1st Apr'25 to 31st Mar'26. 3. The above rates will not be applicable for the cases which are login before 1st Apr'25, revised rates will be shared for the cases log in from 1st Apr'26 onwards 4. Any contest, topline booster, VLI, product booster will not be applicable for the above product",at 2nd year: 0%
96,TATA_AIA,ILP,ILP Param Raksha Life,,5 - 6,-,0.37,0.0,,,,,,"Fresh | Note: Rates for new PPT / PT & Products will be conveyed separately | Fortune Guarantee Supreme V3 (**) - Differed income - ROP (credits will be applied with below conditions) 1. The above rates of Fortune Guarantee Supreme V3 is applicable for >= 4L annual premium 2. The above rates are applicable only for the cases login and issuance from 1st Apr'25 to 31st Mar'26. 3. The above rates will not be applicable for the cases which are login before 1st Apr'25, revised rates will be shared for the cases log in from 1st Apr'26 onwards 4. Any contest, topline booster, VLI, product booster will not be applicable for the above product",at 2nd year: 0%
97,TATA_AIA,ILP,ILP Param Raksha Life,,7 - 9,-,0.37,0.0,,,,,,"Fresh | Note: Rates for new PPT / PT & Products will be conveyed separately | Fortune Guarantee Supreme V3 (**) - Differed income - ROP (credits will be applied with below conditions) 1. The above rates of Fortune Guarantee Supreme V3 is applicable for >= 4L annual premium 2. The above rates are applicable only for the cases login and issuance from 1st Apr'25 to 31st Mar'26. 3. The above rates will not be applicable for the cases which are login before 1st Apr'25, revised rates will be shared for the cases log in from 1st Apr'26 onwards 4. Any contest, topline booster, VLI, product booster will not be applicable for the above product",at 2nd year: 0%
98,TATA_AIA,ILP,ILP Param Raksha Life,,10,-,0.41,0.0,,,,,,"Fresh | Note: Rates for new PPT / PT & Products will be conveyed separately | Fortune Guarantee Supreme V3 (**) - Differed income - ROP (credits will be applied with below conditions) 1. The above rates of Fortune Guarantee Supreme V3 is applicable for >= 4L annual premium 2. The above rates are applicable only for the cases login and issuance from 1st Apr'25 to 31st Mar'26. 3. The above rates will not be applicable for the cases which are login before 1st Apr'25, revised rates will be shared for the cases log in from 1st Apr'26 onwards 4. Any contest, topline booster, VLI, product booster will not be applicable for the above product",at 2nd year: 0%
99,TATA_AIA,ILP,ILP Param Raksha Life,,12,-,0.44,0.0,,,,,,"Fresh | Note: Rates for new PPT / PT & Products will be conveyed separately | Fortune Guarantee Supreme V3 (**) - Differed income - ROP (credits will be applied with below conditions) 1. The above rates of Fortune Guarantee Supreme V3 is applicable for >= 4L annual premium 2. The above rates are applicable only for the cases login and issuance from 1st Apr'25 to 31st Mar'26. 3. The above rates will not be applicable for the cases which are login before 1st Apr'25, revised rates will be shared for the cases log in from 1st Apr'26 onwards 4. Any contest, topline booster, VLI, product booster will not be applicable for the above product",at 2nd year: 0%
100,TATA_AIA,ILP,ILP + Param Raksha Life,,13,-,0.44,0.0,,,,,,"Fresh | Note: Rates for new PPT / PT & Products will be conveyed separately | Fortune Guarantee Supreme V3 (**) - Differed income - ROP (credits will be applied with below conditions) 1. The above rates of Fortune Guarantee Supreme V3 is applicable for >= 4L annual premium 2. The above rates are applicable only for the cases login and issuance from 1st Apr'25 to 31st Mar'26. 3. The above rates will not be applicable for the cases which are login before 1st Apr'25, revised rates will be shared for the cases log in from 1st Apr'26 onwards 4. Any contest, topline booster, VLI, product booster will not be applicable for the above product",at 2nd year: 0%
101,TATA_AIA,ILP,ILP Param Raksha Life Plus 2.0,,5 - 6,-,0.38,0.0,,,,,,"Fresh | Note: Rates for new PPT / PT & Products will be conveyed separately | Fortune Guarantee Supreme V3 (**) - Differed income - ROP (credits will be applied with below conditions) 1. The above rates of Fortune Guarantee Supreme V3 is applicable for >= 4L annual premium 2. The above rates are applicable only for the cases login and issuance from 1st Apr'25 to 31st Mar'26. 3. The above rates will not be applicable for the cases which are login before 1st Apr'25, revised rates will be shared for the cases log in from 1st Apr'26 onwards 4. Any contest, topline booster, VLI, product booster will not be applicable for the above product",at 2nd year: 0%
102,TATA_AIA,ILP,ILP Param Raksha Life Plus 2.0,,7 - 9,-,0.38,0.0,,,,,,"Fresh | Note: Rates for new PPT / PT & Products will be conveyed separately | Fortune Guarantee Supreme V3 (**) - Differed income - ROP (credits will be applied with below conditions) 1. The above rates of Fortune Guarantee Supreme V3 is applicable for >= 4L annual premium 2. The above rates are applicable only for the cases login and issuance from 1st Apr'25 to 31st Mar'26. 3. The above rates will not be applicable for the cases which are login before 1st Apr'25, revised rates will be shared for the cases log in from 1st Apr'26 onwards 4. Any contest, topline booster, VLI, product booster will not be applicable for the above product",at 2nd year: 0%
103,TATA_AIA,ILP,ILP Param Raksha Life Plus 2.0,,10,-,0.43,0.0,,,,,,"Fresh | Note: Rates for new PPT / PT & Products will be conveyed separately | Fortune Guarantee Supreme V3 (**) - Differed income - ROP (credits will be applied with below conditions) 1. The above rates of Fortune Guarantee Supreme V3 is applicable for >= 4L annual premium 2. The above rates are applicable only for the cases login and issuance from 1st Apr'25 to 31st Mar'26. 3. The above rates will not be applicable for the cases which are login before 1st Apr'25, revised rates will be shared for the cases log in from 1st Apr'26 onwards 4. Any contest, topline booster, VLI, product booster will not be applicable for the above product",at 2nd year: 0%
104,TATA_AIA,ILP,ILP Param Raksha Life Plus 2.0,,12,-,0.46,0.0,,,,,,"Fresh | Note: Rates for new PPT / PT & Products will be conveyed separately | Fortune Guarantee Supreme V3 (**) - Differed income - ROP (credits will be applied with below conditions) 1. The above rates of Fortune Guarantee Supreme V3 is applicable for >= 4L annual premium 2. The above rates are applicable only for the cases login and issuance from 1st Apr'25 to 31st Mar'26. 3. The above rates will not be applicable for the cases which are login before 1st Apr'25, revised rates will be shared for the cases log in from 1st Apr'26 onwards 4. Any contest, topline booster, VLI, product booster will not be applicable for the above product",at 2nd year: 0%
105,TATA_AIA,ILP,ILP Reg Pay Param Raksha Life Plus 2.0,,-,-,0.46,0.0,,,,,,"Fresh | Note: Rates for new PPT / PT & Products will be conveyed separately | Fortune Guarantee Supreme V3 (**) - Differed income - ROP (credits will be applied with below conditions) 1. The above rates of Fortune Guarantee Supreme V3 is applicable for >= 4L annual premium 2. The above rates are applicable only for the cases login and issuance from 1st Apr'25 to 31st Mar'26. 3. The above rates will not be applicable for the cases which are login before 1st Apr'25, revised rates will be shared for the cases log in from 1st Apr'26 onwards 4. Any contest, topline booster, VLI, product booster will not be applicable for the above product",at 2nd year: 0%
106,TATA_AIA,ILP,Smart Sampoorn Raksha Plus - (SSR PLUS 30X),,-,-,0.0,0.0,,,,,,"Fresh | Note: Rates for new PPT / PT & Products will be conveyed separately | Fortune Guarantee Supreme V3 (**) - Differed income - ROP (credits will be applied with below conditions) 1. The above rates of Fortune Guarantee Supreme V3 is applicable for >= 4L annual premium 2. The above rates are applicable only for the cases login and issuance from 1st Apr'25 to 31st Mar'26. 3. The above rates will not be applicable for the cases which are login before 1st Apr'25, revised rates will be shared for the cases log in from 1st Apr'26 onwards 4. Any contest, topline booster, VLI, product booster will not be applicable for the above product",at 2nd year: 0%
107,TATA_AIA,ILP,Smart Sampoorn Raksha Plus,,5 - 6,-,0.165,0.0,,,,,,"Fresh | Note: Rates for new PPT / PT & Products will be conveyed separately | Fortune Guarantee Supreme V3 (**) - Differed income - ROP (credits will be applied with below conditions) 1. The above rates of Fortune Guarantee Supreme V3 is applicable for >= 4L annual premium 2. The above rates are applicable only for the cases login and issuance from 1st Apr'25 to 31st Mar'26. 3. The above rates will not be applicable for the cases which are login before 1st Apr'25, revised rates will be shared for the cases log in from 1st Apr'26 onwards 4. Any contest, topline booster, VLI, product booster will not be applicable for the above product",at 2nd year: 0%
108,TATA_AIA,ILP,Smart Sampoorn Raksha Plus,,7 - 9,-,0.18,0.0,,,,,,"Fresh | Note: Rates for new PPT / PT & Products will be conveyed separately | Fortune Guarantee Supreme V3 (**) - Differed income - ROP (credits will be applied with below conditions) 1. The above rates of Fortune Guarantee Supreme V3 is applicable for >= 4L annual premium 2. The above rates are applicable only for the cases login and issuance from 1st Apr'25 to 31st Mar'26. 3. The above rates will not be applicable for the cases which are login before 1st Apr'25, revised rates will be shared for the cases log in from 1st Apr'26 onwards 4. Any contest, topline booster, VLI, product booster will not be applicable for the above product",at 2nd year: 0%
109,TATA_AIA,ILP,Smart Sampoorn Raksha Plus,,10 - 11,-,0.225,0.0,,,,,,"Fresh | Note: Rates for new PPT / PT & Products will be conveyed separately | Fortune Guarantee Supreme V3 (**) - Differed income - ROP (credits will be applied with below conditions) 1. The above rates of Fortune Guarantee Supreme V3 is applicable for >= 4L annual premium 2. The above rates are applicable only for the cases login and issuance from 1st Apr'25 to 31st Mar'26. 3. The above rates will not be applicable for the cases which are login before 1st Apr'25, revised rates will be shared for the cases log in from 1st Apr'26 onwards 4. Any contest, topline booster, VLI, product booster will not be applicable for the above product",at 2nd year: 0%
110,TATA_AIA,ILP,Smart Sampoorn Raksha Plus -& >,,12,-,0.24,0.0,,,,,,"Fresh | Note: Rates for new PPT / PT & Products will be conveyed separately | Fortune Guarantee Supreme V3 (**) - Differed income - ROP (credits will be applied with below conditions) 1. The above rates of Fortune Guarantee Supreme V3 is applicable for >= 4L annual premium 2. The above rates are applicable only for the cases login and issuance from 1st Apr'25 to 31st Mar'26. 3. The above rates will not be applicable for the cases which are login before 1st Apr'25, revised rates will be shared for the cases log in from 1st Apr'26 onwards 4. Any contest, topline booster, VLI, product booster will not be applicable for the above product",at 2nd year: 0%
111,TATA_AIA,Par,SHUBH MAHA LIFE GOLD -100X,,5,-,0.3,0.0,,,,,,"Fresh | Note: Rates for new PPT / PT & Products will be conveyed separately | Fortune Guarantee Supreme V3 (**) - Differed income - ROP (credits will be applied with below conditions) 1. The above rates of Fortune Guarantee Supreme V3 is applicable for >= 4L annual premium 2. The above rates are applicable only for the cases login and issuance from 1st Apr'25 to 31st Mar'26. 3. The above rates will not be applicable for the cases which are login before 1st Apr'25, revised rates will be shared for the cases log in from 1st Apr'26 onwards 4. Any contest, topline booster, VLI, product booster will not be applicable for the above product",at 2nd year: 0%
112,TATA_AIA,Par,SHUBH MAHA LIFE GOLD -100X,,6,-,0.315,0.0,,,,,,"Fresh | Note: Rates for new PPT / PT & Products will be conveyed separately | Fortune Guarantee Supreme V3 (**) - Differed income - ROP (credits will be applied with below conditions) 1. The above rates of Fortune Guarantee Supreme V3 is applicable for >= 4L annual premium 2. The above rates are applicable only for the cases login and issuance from 1st Apr'25 to 31st Mar'26. 3. The above rates will not be applicable for the cases which are login before 1st Apr'25, revised rates will be shared for the cases log in from 1st Apr'26 onwards 4. Any contest, topline booster, VLI, product booster will not be applicable for the above product",at 2nd year: 0%
113,TATA_AIA,Par,SHUBH MAHA LIFE GOLD -100X,,7,-,0.38,0.0,,,,,,"Fresh | Note: Rates for new PPT / PT & Products will be conveyed separately | Fortune Guarantee Supreme V3 (**) - Differed income - ROP (credits will be applied with below conditions) 1. The above rates of Fortune Guarantee Supreme V3 is applicable for >= 4L annual premium 2. The above rates are applicable only for the cases login and issuance from 1st Apr'25 to 31st Mar'26. 3. The above rates will not be applicable for the cases which are login before 1st Apr'25, revised rates will be shared for the cases log in from 1st Apr'26 onwards 4. Any contest, topline booster, VLI, product booster will not be applicable for the above product",at 2nd year: 0%
114,TATA_AIA,Par,SHUBH MAHA LIFE GOLD -100X,,8,-,0.38,0.0,,,,,,"Fresh | Note: Rates for new PPT / PT & Products will be conveyed separately | Fortune Guarantee Supreme V3 (**) - Differed income - ROP (credits will be applied with below conditions) 1. The above rates of Fortune Guarantee Supreme V3 is applicable for >= 4L annual premium 2. The above rates are applicable only for the cases login and issuance from 1st Apr'25 to 31st Mar'26. 3. The above rates will not be applicable for the cases which are login before 1st Apr'25, revised rates will be shared for the cases log in from 1st Apr'26 onwards 4. Any contest, topline booster, VLI, product booster will not be applicable for the above product",at 2nd year: 0%
115,TATA_AIA,Par,SHUBH MAHA LIFE GOLD -100X,,9,-,0.38,0.0,,,,,,"Fresh | Note: Rates for new PPT / PT & Products will be conveyed separately | Fortune Guarantee Supreme V3 (**) - Differed income - ROP (credits will be applied with below conditions) 1. The above rates of Fortune Guarantee Supreme V3 is applicable for >= 4L annual premium 2. The above rates are applicable only for the cases login and issuance from 1st Apr'25 to 31st Mar'26. 3. The above rates will not be applicable for the cases which are login before 1st Apr'25, revised rates will be shared for the cases log in from 1st Apr'26 onwards 4. Any contest, topline booster, VLI, product booster will not be applicable for the above product",at 2nd year: 0%
116,TATA_AIA,Par,SHUBH MAHA LIFE GOLD -100X,,10,-,0.405,0.0,,,,,,"Fresh | Note: Rates for new PPT / PT & Products will be conveyed separately | Fortune Guarantee Supreme V3 (**) - Differed income - ROP (credits will be applied with below conditions) 1. The above rates of Fortune Guarantee Supreme V3 is applicable for >= 4L annual premium 2. The above rates are applicable only for the cases login and issuance from 1st Apr'25 to 31st Mar'26. 3. The above rates will not be applicable for the cases which are login before 1st Apr'25, revised rates will be shared for the cases log in from 1st Apr'26 onwards 4. Any contest, topline booster, VLI, product booster will not be applicable for the above product",at 2nd year: 0%
117,TATA_AIA,Par,SHUBH MAHA LIFE GOLD -100X,,11,-,0.43,0.0,,,,,,"Fresh | Note: Rates for new PPT / PT & Products will be conveyed separately | Fortune Guarantee Supreme V3 (**) - Differed income - ROP (credits will be applied with below conditions) 1. The above rates of Fortune Guarantee Supreme V3 is applicable for >= 4L annual premium 2. The above rates are applicable only for the cases login and issuance from 1st Apr'25 to 31st Mar'26. 3. The above rates will not be applicable for the cases which are login before 1st Apr'25, revised rates will be shared for the cases log in from 1st Apr'26 onwards 4. Any contest, topline booster, VLI, product booster will not be applicable for the above product",at 2nd year: 0%
118,TATA_AIA,Par,SHUBH MAHA LIFE GOLD -100X,,12+,-,0.44,0.0,,,,,,"Fresh | Note: Rates for new PPT / PT & Products will be conveyed separately | Fortune Guarantee Supreme V3 (**) - Differed income - ROP (credits will be applied with below conditions) 1. The above rates of Fortune Guarantee Supreme V3 is applicable for >= 4L annual premium 2. The above rates are applicable only for the cases login and issuance from 1st Apr'25 to 31st Mar'26. 3. The above rates will not be applicable for the cases which are login before 1st Apr'25, revised rates will be shared for the cases log in from 1st Apr'26 onwards 4. Any contest, topline booster, VLI, product booster will not be applicable for the above product",at 2nd year: 0%
119,TATA_AIA,Par,SHUBH MAHA LIFE GOLD -100X + CI RIDER,,5,-,0.315,0.0,,,,,,"Fresh | Note: Rates for new PPT / PT & Products will be conveyed separately | Fortune Guarantee Supreme V3 (**) - Differed income - ROP (credits will be applied with below conditions) 1. The above rates of Fortune Guarantee Supreme V3 is applicable for >= 4L annual premium 2. The above rates are applicable only for the cases login and issuance from 1st Apr'25 to 31st Mar'26. 3. The above rates will not be applicable for the cases which are login before 1st Apr'25, revised rates will be shared for the cases log in from 1st Apr'26 onwards 4. Any contest, topline booster, VLI, product booster will not be applicable for the above product",at 2nd year: 0%
120,TATA_AIA,Par,SHUBH MAHA LIFE GOLD -100X + CI RIDER,,6,-,0.33,0.0,,,,,,"Fresh | Note: Rates for new PPT / PT & Products will be conveyed separately | Fortune Guarantee Supreme V3 (**) - Differed income - ROP (credits will be applied with below conditions) 1. The above rates of Fortune Guarantee Supreme V3 is applicable for >= 4L annual premium 2. The above rates are applicable only for the cases login and issuance from 1st Apr'25 to 31st Mar'26. 3. The above rates will not be applicable for the cases which are login before 1st Apr'25, revised rates will be shared for the cases log in from 1st Apr'26 onwards 4. Any contest, topline booster, VLI, product booster will not be applicable for the above product",at 2nd year: 0%
121,TATA_AIA,Par,SHUBH MAHA LIFE GOLD -100X + CI RIDER,,7,-,0.4,0.0,,,,,,"Fresh | Note: Rates for new PPT / PT & Products will be conveyed separately | Fortune Guarantee Supreme V3 (**) - Differed income - ROP (credits will be applied with below conditions) 1. The above rates of Fortune Guarantee Supreme V3 is applicable for >= 4L annual premium 2. The above rates are applicable only for the cases login and issuance from 1st Apr'25 to 31st Mar'26. 3. The above rates will not be applicable for the cases which are login before 1st Apr'25, revised rates will be shared for the cases log in from 1st Apr'26 onwards 4. Any contest, topline booster, VLI, product booster will not be applicable for the above product",at 2nd year: 0%
122,TATA_AIA,Par,SHUBH MAHA LIFE GOLD -100X + CI RIDER,,8,-,0.4,0.0,,,,,,"Fresh | Note: Rates for new PPT / PT & Products will be conveyed separately | Fortune Guarantee Supreme V3 (**) - Differed income - ROP (credits will be applied with below conditions) 1. The above rates of Fortune Guarantee Supreme V3 is applicable for >= 4L annual premium 2. The above rates are applicable only for the cases login and issuance from 1st Apr'25 to 31st Mar'26. 3. The above rates will not be applicable for the cases which are login before 1st Apr'25, revised rates will be shared for the cases log in from 1st Apr'26 onwards 4. Any contest, topline booster, VLI, product booster will not be applicable for the above product",at 2nd year: 0%
123,TATA_AIA,Par,SHUBH MAHA LIFE GOLD -100X + CI RIDER,,9,-,0.4,0.0,,,,,,"Fresh | Note: Rates for new PPT / PT & Products will be conveyed separately | Fortune Guarantee Supreme V3 (**) - Differed income - ROP (credits will be applied with below conditions) 1. The above rates of Fortune Guarantee Supreme V3 is applicable for >= 4L annual premium 2. The above rates are applicable only for the cases login and issuance from 1st Apr'25 to 31st Mar'26. 3. The above rates will not be applicable for the cases which are login before 1st Apr'25, revised rates will be shared for the cases log in from 1st Apr'26 onwards 4. Any contest, topline booster, VLI, product booster will not be applicable for the above product",at 2nd year: 0%
124,TATA_AIA,Par,SHUBH MAHA LIFE GOLD -100X + CI RIDER,,10,-,0.43,0.0,,,,,,"Fresh | Note: Rates for new PPT / PT & Products will be conveyed separately | Fortune Guarantee Supreme V3 (**) - Differed income - ROP (credits will be applied with below conditions) 1. The above rates of Fortune Guarantee Supreme V3 is applicable for >= 4L annual premium 2. The above rates are applicable only for the cases login and issuance from 1st Apr'25 to 31st Mar'26. 3. The above rates will not be applicable for the cases which are login before 1st Apr'25, revised rates will be shared for the cases log in from 1st Apr'26 onwards 4. Any contest, topline booster, VLI, product booster will not be applicable for the above product",at 2nd year: 0%
125,TATA_AIA,Par,SHUBH MAHA LIFE GOLD -100X + CI RIDER,,11,-,0.44,0.0,,,,,,"Fresh | Note: Rates for new PPT / PT & Products will be conveyed separately | Fortune Guarantee Supreme V3 (**) - Differed income - ROP (credits will be applied with below conditions) 1. The above rates of Fortune Guarantee Supreme V3 is applicable for >= 4L annual premium 2. The above rates are applicable only for the cases login and issuance from 1st Apr'25 to 31st Mar'26. 3. The above rates will not be applicable for the cases which are login before 1st Apr'25, revised rates will be shared for the cases log in from 1st Apr'26 onwards 4. Any contest, topline booster, VLI, product booster will not be applicable for the above product",at 2nd year: 0%
126,TATA_AIA,Par,SHUBH MAHA LIFE GOLD -100X + CI RIDER,,12+,-,0.465,0.0,,,,,,"Fresh | Note: Rates for new PPT / PT & Products will be conveyed separately | Fortune Guarantee Supreme V3 (**) - Differed income - ROP (credits will be applied with below conditions) 1. The above rates of Fortune Guarantee Supreme V3 is applicable for >= 4L annual premium 2. The above rates are applicable only for the cases login and issuance from 1st Apr'25 to 31st Mar'26. 3. The above rates will not be applicable for the cases which are login before 1st Apr'25, revised rates will be shared for the cases log in from 1st Apr'26 onwards 4. Any contest, topline booster, VLI, product booster will not be applicable for the above product",at 2nd year: 0%
127,TATA_AIA,Par,SHUBH MAHA LIFE PLUS - 30X,,5,-,0.315,0.0,,,,,,"Fresh | Note: Rates for new PPT / PT & Products will be conveyed separately | Fortune Guarantee Supreme V3 (**) - Differed income - ROP (credits will be applied with below conditions) 1. The above rates of Fortune Guarantee Supreme V3 is applicable for >= 4L annual premium 2. The above rates are applicable only for the cases login and issuance from 1st Apr'25 to 31st Mar'26. 3. The above rates will not be applicable for the cases which are login before 1st Apr'25, revised rates will be shared for the cases log in from 1st Apr'26 onwards 4. Any contest, topline booster, VLI, product booster will not be applicable for the above product",at 2nd year: 0%
128,TATA_AIA,Par,SHUBH MAHA LIFE PLUS - 30X,,6,-,0.33,0.0,,,,,,"Fresh | Note: Rates for new PPT / PT & Products will be conveyed separately | Fortune Guarantee Supreme V3 (**) - Differed income - ROP (credits will be applied with below conditions) 1. The above rates of Fortune Guarantee Supreme V3 is applicable for >= 4L annual premium 2. The above rates are applicable only for the cases login and issuance from 1st Apr'25 to 31st Mar'26. 3. The above rates will not be applicable for the cases which are login before 1st Apr'25, revised rates will be shared for the cases log in from 1st Apr'26 onwards 4. Any contest, topline booster, VLI, product booster will not be applicable for the above product",at 2nd year: 0%
129,TATA_AIA,Par,SHUBH MAHA LIFE PLUS - 30X,,7,-,0.375,0.0,,,,,,"Fresh | Note: Rates for new PPT / PT & Products will be conveyed separately | Fortune Guarantee Supreme V3 (**) - Differed income - ROP (credits will be applied with below conditions) 1. The above rates of Fortune Guarantee Supreme V3 is applicable for >= 4L annual premium 2. The above rates are applicable only for the cases login and issuance from 1st Apr'25 to 31st Mar'26. 3. The above rates will not be applicable for the cases which are login before 1st Apr'25, revised rates will be shared for the cases log in from 1st Apr'26 onwards 4. Any contest, topline booster, VLI, product booster will not be applicable for the above product",at 2nd year: 0%
130,TATA_AIA,Par,SHUBH MAHA LIFE PLUS - 30X,,8,-,0.375,0.0,,,,,,"Fresh | Note: Rates for new PPT / PT & Products will be conveyed separately | Fortune Guarantee Supreme V3 (**) - Differed income - ROP (credits will be applied with below conditions) 1. The above rates of Fortune Guarantee Supreme V3 is applicable for >= 4L annual premium 2. The above rates are applicable only for the cases login and issuance from 1st Apr'25 to 31st Mar'26. 3. The above rates will not be applicable for the cases which are login before 1st Apr'25, revised rates will be shared for the cases log in from 1st Apr'26 onwards 4. Any contest, topline booster, VLI, product booster will not be applicable for the above product",at 2nd year: 0%
131,TATA_AIA,Par,SHUBH MAHA LIFE PLUS - 30X,,9,-,0.375,0.0,,,,,,"Fresh | Note: Rates for new PPT / PT & Products will be conveyed separately | Fortune Guarantee Supreme V3 (**) - Differed income - ROP (credits will be applied with below conditions) 1. The above rates of Fortune Guarantee Supreme V3 is applicable for >= 4L annual premium 2. The above rates are applicable only for the cases login and issuance from 1st Apr'25 to 31st Mar'26. 3. The above rates will not be applicable for the cases which are login before 1st Apr'25, revised rates will be shared for the cases log in from 1st Apr'26 onwards 4. Any contest, topline booster, VLI, product booster will not be applicable for the above product",at 2nd year: 0%
132,TATA_AIA,Par,SHUBH MAHA LIFE PLUS - 30X,,10,-,0.405,0.0,,,,,,"Fresh | Note: Rates for new PPT / PT & Products will be conveyed separately | Fortune Guarantee Supreme V3 (**) - Differed income - ROP (credits will be applied with below conditions) 1. The above rates of Fortune Guarantee Supreme V3 is applicable for >= 4L annual premium 2. The above rates are applicable only for the cases login and issuance from 1st Apr'25 to 31st Mar'26. 3. The above rates will not be applicable for the cases which are login before 1st Apr'25, revised rates will be shared for the cases log in from 1st Apr'26 onwards 4. Any contest, topline booster, VLI, product booster will not be applicable for the above product",at 2nd year: 0%
133,TATA_AIA,Par,SHUBH MAHA LIFE PLUS - 30X,,11,-,0.405,0.0,,,,,,"Fresh | Note: Rates for new PPT / PT & Products will be conveyed separately | Fortune Guarantee Supreme V3 (**) - Differed income - ROP (credits will be applied with below conditions) 1. The above rates of Fortune Guarantee Supreme V3 is applicable for >= 4L annual premium 2. The above rates are applicable only for the cases login and issuance from 1st Apr'25 to 31st Mar'26. 3. The above rates will not be applicable for the cases which are login before 1st Apr'25, revised rates will be shared for the cases log in from 1st Apr'26 onwards 4. Any contest, topline booster, VLI, product booster will not be applicable for the above product",at 2nd year: 0%
134,TATA_AIA,Par,SHUBH MAHA LIFE PLUS - 30X,,12+,-,0.405,0.0,,,,,,"Fresh | Note: Rates for new PPT / PT & Products will be conveyed separately | Fortune Guarantee Supreme V3 (**) - Differed income - ROP (credits will be applied with below conditions) 1. The above rates of Fortune Guarantee Supreme V3 is applicable for >= 4L annual premium 2. The above rates are applicable only for the cases login and issuance from 1st Apr'25 to 31st Mar'26. 3. The above rates will not be applicable for the cases which are login before 1st Apr'25, revised rates will be shared for the cases log in from 1st Apr'26 onwards 4. Any contest, topline booster, VLI, product booster will not be applicable for the above product",at 2nd year: 0%
135,TATA_AIA,Par,SHUBH MAHA LIFE PLUS - 30X + CI RIDER,,5,-,0.33,0.0,,,,,,"Fresh | Note: Rates for new PPT / PT & Products will be conveyed separately | Fortune Guarantee Supreme V3 (**) - Differed income - ROP (credits will be applied with below conditions) 1. The above rates of Fortune Guarantee Supreme V3 is applicable for >= 4L annual premium 2. The above rates are applicable only for the cases login and issuance from 1st Apr'25 to 31st Mar'26. 3. The above rates will not be applicable for the cases which are login before 1st Apr'25, revised rates will be shared for the cases log in from 1st Apr'26 onwards 4. Any contest, topline booster, VLI, product booster will not be applicable for the above product",at 2nd year: 0%
136,TATA_AIA,Par,SHUBH MAHA LIFE PLUS - 30X + CI RIDER,,6,-,0.34,0.0,,,,,,"Fresh | Note: Rates for new PPT / PT & Products will be conveyed separately | Fortune Guarantee Supreme V3 (**) - Differed income - ROP (credits will be applied with below conditions) 1. The above rates of Fortune Guarantee Supreme V3 is applicable for >= 4L annual premium 2. The above rates are applicable only for the cases login and issuance from 1st Apr'25 to 31st Mar'26. 3. The above rates will not be applicable for the cases which are login before 1st Apr'25, revised rates will be shared for the cases log in from 1st Apr'26 onwards 4. Any contest, topline booster, VLI, product booster will not be applicable for the above product",at 2nd year: 0%
137,TATA_AIA,Par,SHUBH MAHA LIFE PLUS - 30X + CI RIDER,,7,-,0.37,0.0,,,,,,"Fresh | Note: Rates for new PPT / PT & Products will be conveyed separately | Fortune Guarantee Supreme V3 (**) - Differed income - ROP (credits will be applied with below conditions) 1. The above rates of Fortune Guarantee Supreme V3 is applicable for >= 4L annual premium 2. The above rates are applicable only for the cases login and issuance from 1st Apr'25 to 31st Mar'26. 3. The above rates will not be applicable for the cases which are login before 1st Apr'25, revised rates will be shared for the cases log in from 1st Apr'26 onwards 4. Any contest, topline booster, VLI, product booster will not be applicable for the above product",at 2nd year: 0%
138,TATA_AIA,Par,SHUBH MAHA LIFE PLUS - 30X + CI RIDER,,8,-,0.38,0.0,,,,,,"Fresh | Note: Rates for new PPT / PT & Products will be conveyed separately | Fortune Guarantee Supreme V3 (**) - Differed income - ROP (credits will be applied with below conditions) 1. The above rates of Fortune Guarantee Supreme V3 is applicable for >= 4L annual premium 2. The above rates are applicable only for the cases login and issuance from 1st Apr'25 to 31st Mar'26. 3. The above rates will not be applicable for the cases which are login before 1st Apr'25, revised rates will be shared for the cases log in from 1st Apr'26 onwards 4. Any contest, topline booster, VLI, product booster will not be applicable for the above product",at 2nd year: 0%
139,TATA_AIA,Par,SHUBH MAHA LIFE PLUS - 30X + CI RIDER,,9,-,0.38,0.0,,,,,,"Fresh | Note: Rates for new PPT / PT & Products will be conveyed separately | Fortune Guarantee Supreme V3 (**) - Differed income - ROP (credits will be applied with below conditions) 1. The above rates of Fortune Guarantee Supreme V3 is applicable for >= 4L annual premium 2. The above rates are applicable only for the cases login and issuance from 1st Apr'25 to 31st Mar'26. 3. The above rates will not be applicable for the cases which are login before 1st Apr'25, revised rates will be shared for the cases log in from 1st Apr'26 onwards 4. Any contest, topline booster, VLI, product booster will not be applicable for the above product",at 2nd year: 0%
140,TATA_AIA,Par,SHUBH MAHA LIFE PLUS - 30X + CI RIDER,,10,-,0.41,0.0,,,,,,"Fresh | Note: Rates for new PPT / PT & Products will be conveyed separately | Fortune Guarantee Supreme V3 (**) - Differed income - ROP (credits will be applied with below conditions) 1. The above rates of Fortune Guarantee Supreme V3 is applicable for >= 4L annual premium 2. The above rates are applicable only for the cases login and issuance from 1st Apr'25 to 31st Mar'26. 3. The above rates will not be applicable for the cases which are login before 1st Apr'25, revised rates will be shared for the cases log in from 1st Apr'26 onwards 4. Any contest, topline booster, VLI, product booster will not be applicable for the above product",at 2nd year: 0%
141,TATA_AIA,Par,SHUBH MAHA LIFE PLUS - 30X + CI RIDER,,11,-,0.41,0.0,,,,,,"Fresh | Note: Rates for new PPT / PT & Products will be conveyed separately | Fortune Guarantee Supreme V3 (**) - Differed income - ROP (credits will be applied with below conditions) 1. The above rates of Fortune Guarantee Supreme V3 is applicable for >= 4L annual premium 2. The above rates are applicable only for the cases login and issuance from 1st Apr'25 to 31st Mar'26. 3. The above rates will not be applicable for the cases which are login before 1st Apr'25, revised rates will be shared for the cases log in from 1st Apr'26 onwards 4. Any contest, topline booster, VLI, product booster will not be applicable for the above product",at 2nd year: 0%
142,TATA_AIA,Par,SHUBH MAHA LIFE PLUS - 30X + CI RIDER,,12+,-,0.41,0.0,,,,,,"Fresh | Note: Rates for new PPT / PT & Products will be conveyed separately | Fortune Guarantee Supreme V3 (**) - Differed income - ROP (credits will be applied with below conditions) 1. The above rates of Fortune Guarantee Supreme V3 is applicable for >= 4L annual premium 2. The above rates are applicable only for the cases login and issuance from 1st Apr'25 to 31st Mar'26. 3. The above rates will not be applicable for the cases which are login before 1st Apr'25, revised rates will be shared for the cases log in from 1st Apr'26 onwards 4. Any contest, topline booster, VLI, product booster will not be applicable for the above product",at 2nd year: 0%
143,TATA_AIA,Par,Shubh Flexi (All Variants) - < 15 Policy Term,,5,-,0.315,0.0,,,,,,"Fresh | Note: Rates for new PPT / PT & Products will be conveyed separately | Fortune Guarantee Supreme V3 (**) - Differed income - ROP (credits will be applied with below conditions) 1. The above rates of Fortune Guarantee Supreme V3 is applicable for >= 4L annual premium 2. The above rates are applicable only for the cases login and issuance from 1st Apr'25 to 31st Mar'26. 3. The above rates will not be applicable for the cases which are login before 1st Apr'25, revised rates will be shared for the cases log in from 1st Apr'26 onwards 4. Any contest, topline booster, VLI, product booster will not be applicable for the above product",at 2nd year: 0%
144,TATA_AIA,Par,Shubh Flexi (All Variants) - >= 15 Policy Term,,5,-,0.39,0.0,,,,,,"Fresh | Note: Rates for new PPT / PT & Products will be conveyed separately | Fortune Guarantee Supreme V3 (**) - Differed income - ROP (credits will be applied with below conditions) 1. The above rates of Fortune Guarantee Supreme V3 is applicable for >= 4L annual premium 2. The above rates are applicable only for the cases login and issuance from 1st Apr'25 to 31st Mar'26. 3. The above rates will not be applicable for the cases which are login before 1st Apr'25, revised rates will be shared for the cases log in from 1st Apr'26 onwards 4. Any contest, topline booster, VLI, product booster will not be applicable for the above product",at 2nd year: 0%
145,TATA_AIA,Par,Shubh Flexi (All Variants) - >= 20 Policy Term,,5,-,0.405,0.0,,,,,,"Fresh | Note: Rates for new PPT / PT & Products will be conveyed separately | Fortune Guarantee Supreme V3 (**) - Differed income - ROP (credits will be applied with below conditions) 1. The above rates of Fortune Guarantee Supreme V3 is applicable for >= 4L annual premium 2. The above rates are applicable only for the cases login and issuance from 1st Apr'25 to 31st Mar'26. 3. The above rates will not be applicable for the cases which are login before 1st Apr'25, revised rates will be shared for the cases log in from 1st Apr'26 onwards 4. Any contest, topline booster, VLI, product booster will not be applicable for the above product",at 2nd year: 0%
146,TATA_AIA,Par,Shubh Flexi (All Variants) - < 15 Policy Term,,6,-,0.315,0.0,,,,,,"Fresh | Note: Rates for new PPT / PT & Products will be conveyed separately | Fortune Guarantee Supreme V3 (**) - Differed income - ROP (credits will be applied with below conditions) 1. The above rates of Fortune Guarantee Supreme V3 is applicable for >= 4L annual premium 2. The above rates are applicable only for the cases login and issuance from 1st Apr'25 to 31st Mar'26. 3. The above rates will not be applicable for the cases which are login before 1st Apr'25, revised rates will be shared for the cases log in from 1st Apr'26 onwards 4. Any contest, topline booster, VLI, product booster will not be applicable for the above product",at 2nd year: 0%
147,TATA_AIA,Par,Shubh Flexi (All Variants) - 15 T0 19 Policy Term,,6,-,0.405,0.0,,,,,,"Fresh | Note: Rates for new PPT / PT & Products will be conveyed separately | Fortune Guarantee Supreme V3 (**) - Differed income - ROP (credits will be applied with below conditions) 1. The above rates of Fortune Guarantee Supreme V3 is applicable for >= 4L annual premium 2. The above rates are applicable only for the cases login and issuance from 1st Apr'25 to 31st Mar'26. 3. The above rates will not be applicable for the cases which are login before 1st Apr'25, revised rates will be shared for the cases log in from 1st Apr'26 onwards 4. Any contest, topline booster, VLI, product booster will not be applicable for the above product",at 2nd year: 0%
148,TATA_AIA,Par,Shubh Flexi (All Variants) - >= 20 Policy Term,,6,-,0.405,0.0,,,,,,"Fresh | Note: Rates for new PPT / PT & Products will be conveyed separately | Fortune Guarantee Supreme V3 (**) - Differed income - ROP (credits will be applied with below conditions) 1. The above rates of Fortune Guarantee Supreme V3 is applicable for >= 4L annual premium 2. The above rates are applicable only for the cases login and issuance from 1st Apr'25 to 31st Mar'26. 3. The above rates will not be applicable for the cases which are login before 1st Apr'25, revised rates will be shared for the cases log in from 1st Apr'26 onwards 4. Any contest, topline booster, VLI, product booster will not be applicable for the above product",at 2nd year: 0%
149,TATA_AIA,Par,Shubh Flexi (All Variants) - < 15 Policy Term,,7 To 9,-,0.315,0.0,,,,,,"Fresh | Note: Rates for new PPT / PT & Products will be conveyed separately | Fortune Guarantee Supreme V3 (**) - Differed income - ROP (credits will be applied with below conditions) 1. The above rates of Fortune Guarantee Supreme V3 is applicable for >= 4L annual premium 2. The above rates are applicable only for the cases login and issuance from 1st Apr'25 to 31st Mar'26. 3. The above rates will not be applicable for the cases which are login before 1st Apr'25, revised rates will be shared for the cases log in from 1st Apr'26 onwards 4. Any contest, topline booster, VLI, product booster will not be applicable for the above product",at 2nd year: 0%
150,TATA_AIA,Par,Shubh Flexi (All Variants) - 15 T0 19 Policy Term,,7 To 9,-,0.405,0.0,,,,,,"Fresh | Note: Rates for new PPT / PT & Products will be conveyed separately | Fortune Guarantee Supreme V3 (**) - Differed income - ROP (credits will be applied with below conditions) 1. The above rates of Fortune Guarantee Supreme V3 is applicable for >= 4L annual premium 2. The above rates are applicable only for the cases login and issuance from 1st Apr'25 to 31st Mar'26. 3. The above rates will not be applicable for the cases which are login before 1st Apr'25, revised rates will be shared for the cases log in from 1st Apr'26 onwards 4. Any contest, topline booster, VLI, product booster will not be applicable for the above product",at 2nd year: 0%
151,TATA_AIA,Par,Shubh Flexi (All Variants) - >= 20 Policy Term,,7 To 9,-,0.42,0.0,,,,,,"Fresh | Note: Rates for new PPT / PT & Products will be conveyed separately | Fortune Guarantee Supreme V3 (**) - Differed income - ROP (credits will be applied with below conditions) 1. The above rates of Fortune Guarantee Supreme V3 is applicable for >= 4L annual premium 2. The above rates are applicable only for the cases login and issuance from 1st Apr'25 to 31st Mar'26. 3. The above rates will not be applicable for the cases which are login before 1st Apr'25, revised rates will be shared for the cases log in from 1st Apr'26 onwards 4. Any contest, topline booster, VLI, product booster will not be applicable for the above product",at 2nd year: 0%
152,TATA_AIA,Par,Shubh Flexi (All Variants) - ALL Policy Term,,10 To 11,-,0.45,0.0,,,,,,"Fresh | Note: Rates for new PPT / PT & Products will be conveyed separately | Fortune Guarantee Supreme V3 (**) - Differed income - ROP (credits will be applied with below conditions) 1. The above rates of Fortune Guarantee Supreme V3 is applicable for >= 4L annual premium 2. The above rates are applicable only for the cases login and issuance from 1st Apr'25 to 31st Mar'26. 3. The above rates will not be applicable for the cases which are login before 1st Apr'25, revised rates will be shared for the cases log in from 1st Apr'26 onwards 4. Any contest, topline booster, VLI, product booster will not be applicable for the above product",at 2nd year: 0%
153,TATA_AIA,Par,Shubh Flexi (All Variants) & above - ALL Policy Term,,12,-,0.465,0.0,,,,,,"Fresh | Note: Rates for new PPT / PT & Products will be conveyed separately | Fortune Guarantee Supreme V3 (**) - Differed income - ROP (credits will be applied with below conditions) 1. The above rates of Fortune Guarantee Supreme V3 is applicable for >= 4L annual premium 2. The above rates are applicable only for the cases login and issuance from 1st Apr'25 to 31st Mar'26. 3. The above rates will not be applicable for the cases which are login before 1st Apr'25, revised rates will be shared for the cases log in from 1st Apr'26 onwards 4. Any contest, topline booster, VLI, product booster will not be applicable for the above product",at 2nd year: 0%
154,TATA_AIA,Par,SVIP_,,5,-,0.29,0.0,,,,,,"Fresh | Note: Rates for new PPT / PT & Products will be conveyed separately | Fortune Guarantee Supreme V3 (**) - Differed income - ROP (credits will be applied with below conditions) 1. The above rates of Fortune Guarantee Supreme V3 is applicable for >= 4L annual premium 2. The above rates are applicable only for the cases login and issuance from 1st Apr'25 to 31st Mar'26. 3. The above rates will not be applicable for the cases which are login before 1st Apr'25, revised rates will be shared for the cases log in from 1st Apr'26 onwards 4. Any contest, topline booster, VLI, product booster will not be applicable for the above product",at 2nd year: 0%
155,TATA_AIA,Par,SVIP_,,6,-,0.29,0.0,,,,,,"Fresh | Note: Rates for new PPT / PT & Products will be conveyed separately | Fortune Guarantee Supreme V3 (**) - Differed income - ROP (credits will be applied with below conditions) 1. The above rates of Fortune Guarantee Supreme V3 is applicable for >= 4L annual premium 2. The above rates are applicable only for the cases login and issuance from 1st Apr'25 to 31st Mar'26. 3. The above rates will not be applicable for the cases which are login before 1st Apr'25, revised rates will be shared for the cases log in from 1st Apr'26 onwards 4. Any contest, topline booster, VLI, product booster will not be applicable for the above product",at 2nd year: 0%
156,TATA_AIA,Par,SVIP_,,7,-,0.38,0.0,,,,,,"Fresh | Note: Rates for new PPT / PT & Products will be conveyed separately | Fortune Guarantee Supreme V3 (**) - Differed income - ROP (credits will be applied with below conditions) 1. The above rates of Fortune Guarantee Supreme V3 is applicable for >= 4L annual premium 2. The above rates are applicable only for the cases login and issuance from 1st Apr'25 to 31st Mar'26. 3. The above rates will not be applicable for the cases which are login before 1st Apr'25, revised rates will be shared for the cases log in from 1st Apr'26 onwards 4. Any contest, topline booster, VLI, product booster will not be applicable for the above product",at 2nd year: 0%
157,TATA_AIA,Par,SVIP_,,8,-,0.38,0.0,,,,,,"Fresh | Note: Rates for new PPT / PT & Products will be conveyed separately | Fortune Guarantee Supreme V3 (**) - Differed income - ROP (credits will be applied with below conditions) 1. The above rates of Fortune Guarantee Supreme V3 is applicable for >= 4L annual premium 2. The above rates are applicable only for the cases login and issuance from 1st Apr'25 to 31st Mar'26. 3. The above rates will not be applicable for the cases which are login before 1st Apr'25, revised rates will be shared for the cases log in from 1st Apr'26 onwards 4. Any contest, topline booster, VLI, product booster will not be applicable for the above product",at 2nd year: 0%
158,TATA_AIA,Par,SVIP_,,9,-,0.38,0.0,,,,,,"Fresh | Note: Rates for new PPT / PT & Products will be conveyed separately | Fortune Guarantee Supreme V3 (**) - Differed income - ROP (credits will be applied with below conditions) 1. The above rates of Fortune Guarantee Supreme V3 is applicable for >= 4L annual premium 2. The above rates are applicable only for the cases login and issuance from 1st Apr'25 to 31st Mar'26. 3. The above rates will not be applicable for the cases which are login before 1st Apr'25, revised rates will be shared for the cases log in from 1st Apr'26 onwards 4. Any contest, topline booster, VLI, product booster will not be applicable for the above product",at 2nd year: 0%
159,TATA_AIA,Par,SVIP_,,10,-,0.43,0.0,,,,,,"Fresh | Note: Rates for new PPT / PT & Products will be conveyed separately | Fortune Guarantee Supreme V3 (**) - Differed income - ROP (credits will be applied with below conditions) 1. The above rates of Fortune Guarantee Supreme V3 is applicable for >= 4L annual premium 2. The above rates are applicable only for the cases login and issuance from 1st Apr'25 to 31st Mar'26. 3. The above rates will not be applicable for the cases which are login before 1st Apr'25, revised rates will be shared for the cases log in from 1st Apr'26 onwards 4. Any contest, topline booster, VLI, product booster will not be applicable for the above product",at 2nd year: 0%
160,TATA_AIA,Par,SVIP_,,11,-,0.43,0.0,,,,,,"Fresh | Note: Rates for new PPT / PT & Products will be conveyed separately | Fortune Guarantee Supreme V3 (**) - Differed income - ROP (credits will be applied with below conditions) 1. The above rates of Fortune Guarantee Supreme V3 is applicable for >= 4L annual premium 2. The above rates are applicable only for the cases login and issuance from 1st Apr'25 to 31st Mar'26. 3. The above rates will not be applicable for the cases which are login before 1st Apr'25, revised rates will be shared for the cases log in from 1st Apr'26 onwards 4. Any contest, topline booster, VLI, product booster will not be applicable for the above product",at 2nd year: 0%
161,TATA_AIA,Par,SVIP_,,12 - 15,-,0.43,0.0,,,,,,"Fresh | Note: Rates for new PPT / PT & Products will be conveyed separately | Fortune Guarantee Supreme V3 (**) - Differed income - ROP (credits will be applied with below conditions) 1. The above rates of Fortune Guarantee Supreme V3 is applicable for >= 4L annual premium 2. The above rates are applicable only for the cases login and issuance from 1st Apr'25 to 31st Mar'26. 3. The above rates will not be applicable for the cases which are login before 1st Apr'25, revised rates will be shared for the cases log in from 1st Apr'26 onwards 4. Any contest, topline booster, VLI, product booster will not be applicable for the above product",at 2nd year: 0%
162,TATA_AIA,Par,DSP PLUS_,,5,-,0.29,0.0,,,,,,"Fresh | Note: Rates for new PPT / PT & Products will be conveyed separately | Fortune Guarantee Supreme V3 (**) - Differed income - ROP (credits will be applied with below conditions) 1. The above rates of Fortune Guarantee Supreme V3 is applicable for >= 4L annual premium 2. The above rates are applicable only for the cases login and issuance from 1st Apr'25 to 31st Mar'26. 3. The above rates will not be applicable for the cases which are login before 1st Apr'25, revised rates will be shared for the cases log in from 1st Apr'26 onwards 4. Any contest, topline booster, VLI, product booster will not be applicable for the above product",at 2nd year: 0%
163,TATA_AIA,Par,DSP PLUS_,,6,-,0.29,0.0,,,,,,"Fresh | Note: Rates for new PPT / PT & Products will be conveyed separately | Fortune Guarantee Supreme V3 (**) - Differed income - ROP (credits will be applied with below conditions) 1. The above rates of Fortune Guarantee Supreme V3 is applicable for >= 4L annual premium 2. The above rates are applicable only for the cases login and issuance from 1st Apr'25 to 31st Mar'26. 3. The above rates will not be applicable for the cases which are login before 1st Apr'25, revised rates will be shared for the cases log in from 1st Apr'26 onwards 4. Any contest, topline booster, VLI, product booster will not be applicable for the above product",at 2nd year: 0%
164,TATA_AIA,Par,DSP PLUS_,,7,-,0.35,0.0,,,,,,"Fresh | Note: Rates for new PPT / PT & Products will be conveyed separately | Fortune Guarantee Supreme V3 (**) - Differed income - ROP (credits will be applied with below conditions) 1. The above rates of Fortune Guarantee Supreme V3 is applicable for >= 4L annual premium 2. The above rates are applicable only for the cases login and issuance from 1st Apr'25 to 31st Mar'26. 3. The above rates will not be applicable for the cases which are login before 1st Apr'25, revised rates will be shared for the cases log in from 1st Apr'26 onwards 4. Any contest, topline booster, VLI, product booster will not be applicable for the above product",at 2nd year: 0%
165,TATA_AIA,Par,DSP PLUS_,,8,-,0.35,0.0,,,,,,"Fresh | Note: Rates for new PPT / PT & Products will be conveyed separately | Fortune Guarantee Supreme V3 (**) - Differed income - ROP (credits will be applied with below conditions) 1. The above rates of Fortune Guarantee Supreme V3 is applicable for >= 4L annual premium 2. The above rates are applicable only for the cases login and issuance from 1st Apr'25 to 31st Mar'26. 3. The above rates will not be applicable for the cases which are login before 1st Apr'25, revised rates will be shared for the cases log in from 1st Apr'26 onwards 4. Any contest, topline booster, VLI, product booster will not be applicable for the above product",at 2nd year: 0%
166,TATA_AIA,Par,DSP PLUS_,,9,-,0.39,0.0,,,,,,"Fresh | Note: Rates for new PPT / PT & Products will be conveyed separately | Fortune Guarantee Supreme V3 (**) - Differed income - ROP (credits will be applied with below conditions) 1. The above rates of Fortune Guarantee Supreme V3 is applicable for >= 4L annual premium 2. The above rates are applicable only for the cases login and issuance from 1st Apr'25 to 31st Mar'26. 3. The above rates will not be applicable for the cases which are login before 1st Apr'25, revised rates will be shared for the cases log in from 1st Apr'26 onwards 4. Any contest, topline booster, VLI, product booster will not be applicable for the above product",at 2nd year: 0%
167,TATA_AIA,Par,DSP PLUS_,,10,-,0.39,0.0,,,,,,"Fresh | Note: Rates for new PPT / PT & Products will be conveyed separately | Fortune Guarantee Supreme V3 (**) - Differed income - ROP (credits will be applied with below conditions) 1. The above rates of Fortune Guarantee Supreme V3 is applicable for >= 4L annual premium 2. The above rates are applicable only for the cases login and issuance from 1st Apr'25 to 31st Mar'26. 3. The above rates will not be applicable for the cases which are login before 1st Apr'25, revised rates will be shared for the cases log in from 1st Apr'26 onwards 4. Any contest, topline booster, VLI, product booster will not be applicable for the above product",at 2nd year: 0%
168,TATA_AIA,Par,DSP PLUS_,,11,-,0.41,0.0,,,,,,"Fresh | Note: Rates for new PPT / PT & Products will be conveyed separately | Fortune Guarantee Supreme V3 (**) - Differed income - ROP (credits will be applied with below conditions) 1. The above rates of Fortune Guarantee Supreme V3 is applicable for >= 4L annual premium 2. The above rates are applicable only for the cases login and issuance from 1st Apr'25 to 31st Mar'26. 3. The above rates will not be applicable for the cases which are login before 1st Apr'25, revised rates will be shared for the cases log in from 1st Apr'26 onwards 4. Any contest, topline booster, VLI, product booster will not be applicable for the above product",at 2nd year: 0%
169,TATA_AIA,Par,DSP PLUS_12 + Pay,,-,-,0.43,0.0,,,,,,"Fresh | Note: Rates for new PPT / PT & Products will be conveyed separately | Fortune Guarantee Supreme V3 (**) - Differed income - ROP (credits will be applied with below conditions) 1. The above rates of Fortune Guarantee Supreme V3 is applicable for >= 4L annual premium 2. The above rates are applicable only for the cases login and issuance from 1st Apr'25 to 31st Mar'26. 3. The above rates will not be applicable for the cases which are login before 1st Apr'25, revised rates will be shared for the cases log in from 1st Apr'26 onwards 4. Any contest, topline booster, VLI, product booster will not be applicable for the above product",at 2nd year: 0%
170,TATA_AIA,Par,DSP_,,5,-,0.24,0.0,,,,,,"Fresh | Note: Rates for new PPT / PT & Products will be conveyed separately | Fortune Guarantee Supreme V3 (**) - Differed income - ROP (credits will be applied with below conditions) 1. The above rates of Fortune Guarantee Supreme V3 is applicable for >= 4L annual premium 2. The above rates are applicable only for the cases login and issuance from 1st Apr'25 to 31st Mar'26. 3. The above rates will not be applicable for the cases which are login before 1st Apr'25, revised rates will be shared for the cases log in from 1st Apr'26 onwards 4. Any contest, topline booster, VLI, product booster will not be applicable for the above product",at 2nd year: 0%
171,TATA_AIA,Par,DSP_,,6,-,0.26,0.0,,,,,,"Fresh | Note: Rates for new PPT / PT & Products will be conveyed separately | Fortune Guarantee Supreme V3 (**) - Differed income - ROP (credits will be applied with below conditions) 1. The above rates of Fortune Guarantee Supreme V3 is applicable for >= 4L annual premium 2. The above rates are applicable only for the cases login and issuance from 1st Apr'25 to 31st Mar'26. 3. The above rates will not be applicable for the cases which are login before 1st Apr'25, revised rates will be shared for the cases log in from 1st Apr'26 onwards 4. Any contest, topline booster, VLI, product booster will not be applicable for the above product",at 2nd year: 0%
172,TATA_AIA,Par,DSP_,,8,-,0.38,0.0,,,,,,"Fresh | Note: Rates for new PPT / PT & Products will be conveyed separately | Fortune Guarantee Supreme V3 (**) - Differed income - ROP (credits will be applied with below conditions) 1. The above rates of Fortune Guarantee Supreme V3 is applicable for >= 4L annual premium 2. The above rates are applicable only for the cases login and issuance from 1st Apr'25 to 31st Mar'26. 3. The above rates will not be applicable for the cases which are login before 1st Apr'25, revised rates will be shared for the cases log in from 1st Apr'26 onwards 4. Any contest, topline booster, VLI, product booster will not be applicable for the above product",at 2nd year: 0%
173,TATA_AIA,Par,DSP_,,12,-,0.43,0.0,,,,,,"Fresh | Note: Rates for new PPT / PT & Products will be conveyed separately | Fortune Guarantee Supreme V3 (**) - Differed income - ROP (credits will be applied with below conditions) 1. The above rates of Fortune Guarantee Supreme V3 is applicable for >= 4L annual premium 2. The above rates are applicable only for the cases login and issuance from 1st Apr'25 to 31st Mar'26. 3. The above rates will not be applicable for the cases which are login before 1st Apr'25, revised rates will be shared for the cases log in from 1st Apr'26 onwards 4. Any contest, topline booster, VLI, product booster will not be applicable for the above product",at 2nd year: 0%
174,TATA_AIA,Par,MLG_,,6,-,0.34,0.0,,,,,,"Fresh | Note: Rates for new PPT / PT & Products will be conveyed separately | Fortune Guarantee Supreme V3 (**) - Differed income - ROP (credits will be applied with below conditions) 1. The above rates of Fortune Guarantee Supreme V3 is applicable for >= 4L annual premium 2. The above rates are applicable only for the cases login and issuance from 1st Apr'25 to 31st Mar'26. 3. The above rates will not be applicable for the cases which are login before 1st Apr'25, revised rates will be shared for the cases log in from 1st Apr'26 onwards 4. Any contest, topline booster, VLI, product booster will not be applicable for the above product",at 2nd year: 0%
175,TATA_AIA,Par,MLG_,,8,-,0.375,0.0,,,,,,"Fresh | Note: Rates for new PPT / PT & Products will be conveyed separately | Fortune Guarantee Supreme V3 (**) - Differed income - ROP (credits will be applied with below conditions) 1. The above rates of Fortune Guarantee Supreme V3 is applicable for >= 4L annual premium 2. The above rates are applicable only for the cases login and issuance from 1st Apr'25 to 31st Mar'26. 3. The above rates will not be applicable for the cases which are login before 1st Apr'25, revised rates will be shared for the cases log in from 1st Apr'26 onwards 4. Any contest, topline booster, VLI, product booster will not be applicable for the above product",at 2nd year: 0%
176,TATA_AIA,Par,MLG_,,15,-,0.41,0.0,,,,,,"Fresh | Note: Rates for new PPT / PT & Products will be conveyed separately | Fortune Guarantee Supreme V3 (**) - Differed income - ROP (credits will be applied with below conditions) 1. The above rates of Fortune Guarantee Supreme V3 is applicable for >= 4L annual premium 2. The above rates are applicable only for the cases login and issuance from 1st Apr'25 to 31st Mar'26. 3. The above rates will not be applicable for the cases which are login before 1st Apr'25, revised rates will be shared for the cases log in from 1st Apr'26 onwards 4. Any contest, topline booster, VLI, product booster will not be applicable for the above product",at 2nd year: 0%
177,TATA_AIA,Par,VIP_ 20PT,,5,-,0.315,0.0,,,,,,"Fresh | Note: Rates for new PPT / PT & Products will be conveyed separately | Fortune Guarantee Supreme V3 (**) - Differed income - ROP (credits will be applied with below conditions) 1. The above rates of Fortune Guarantee Supreme V3 is applicable for >= 4L annual premium 2. The above rates are applicable only for the cases login and issuance from 1st Apr'25 to 31st Mar'26. 3. The above rates will not be applicable for the cases which are login before 1st Apr'25, revised rates will be shared for the cases log in from 1st Apr'26 onwards 4. Any contest, topline booster, VLI, product booster will not be applicable for the above product",at 2nd year: 0%
178,TATA_AIA,Par,VIP_ 20PT,,6,-,0.315,0.0,,,,,,"Fresh | Note: Rates for new PPT / PT & Products will be conveyed separately | Fortune Guarantee Supreme V3 (**) - Differed income - ROP (credits will be applied with below conditions) 1. The above rates of Fortune Guarantee Supreme V3 is applicable for >= 4L annual premium 2. The above rates are applicable only for the cases login and issuance from 1st Apr'25 to 31st Mar'26. 3. The above rates will not be applicable for the cases which are login before 1st Apr'25, revised rates will be shared for the cases log in from 1st Apr'26 onwards 4. Any contest, topline booster, VLI, product booster will not be applicable for the above product",at 2nd year: 0%
179,TATA_AIA,Par,VIP_ 20PT,,7,-,0.315,0.0,,,,,,"Fresh | Note: Rates for new PPT / PT & Products will be conveyed separately | Fortune Guarantee Supreme V3 (**) - Differed income - ROP (credits will be applied with below conditions) 1. The above rates of Fortune Guarantee Supreme V3 is applicable for >= 4L annual premium 2. The above rates are applicable only for the cases login and issuance from 1st Apr'25 to 31st Mar'26. 3. The above rates will not be applicable for the cases which are login before 1st Apr'25, revised rates will be shared for the cases log in from 1st Apr'26 onwards 4. Any contest, topline booster, VLI, product booster will not be applicable for the above product",at 2nd year: 0%
180,TATA_AIA,Par,VIP_ 20PT,,8,-,0.345,0.0,,,,,,"Fresh | Note: Rates for new PPT / PT & Products will be conveyed separately | Fortune Guarantee Supreme V3 (**) - Differed income - ROP (credits will be applied with below conditions) 1. The above rates of Fortune Guarantee Supreme V3 is applicable for >= 4L annual premium 2. The above rates are applicable only for the cases login and issuance from 1st Apr'25 to 31st Mar'26. 3. The above rates will not be applicable for the cases which are login before 1st Apr'25, revised rates will be shared for the cases log in from 1st Apr'26 onwards 4. Any contest, topline booster, VLI, product booster will not be applicable for the above product",at 2nd year: 0%
181,TATA_AIA,Par,VIP_ 20PT,,9,-,0.345,0.0,,,,,,"Fresh | Note: Rates for new PPT / PT & Products will be conveyed separately | Fortune Guarantee Supreme V3 (**) - Differed income - ROP (credits will be applied with below conditions) 1. The above rates of Fortune Guarantee Supreme V3 is applicable for >= 4L annual premium 2. The above rates are applicable only for the cases login and issuance from 1st Apr'25 to 31st Mar'26. 3. The above rates will not be applicable for the cases which are login before 1st Apr'25, revised rates will be shared for the cases log in from 1st Apr'26 onwards 4. Any contest, topline booster, VLI, product booster will not be applicable for the above product",at 2nd year: 0%
182,TATA_AIA,Par,VIP_ 20PT,,10,-,0.345,0.0,,,,,,"Fresh | Note: Rates for new PPT / PT & Products will be conveyed separately | Fortune Guarantee Supreme V3 (**) - Differed income - ROP (credits will be applied with below conditions) 1. The above rates of Fortune Guarantee Supreme V3 is applicable for >= 4L annual premium 2. The above rates are applicable only for the cases login and issuance from 1st Apr'25 to 31st Mar'26. 3. The above rates will not be applicable for the cases which are login before 1st Apr'25, revised rates will be shared for the cases log in from 1st Apr'26 onwards 4. Any contest, topline booster, VLI, product booster will not be applicable for the above product",at 2nd year: 0%
183,TATA_AIA,Par,VIP_ 20PT,,11,-,0.345,0.0,,,,,,"Fresh | Note: Rates for new PPT / PT & Products will be conveyed separately | Fortune Guarantee Supreme V3 (**) - Differed income - ROP (credits will be applied with below conditions) 1. The above rates of Fortune Guarantee Supreme V3 is applicable for >= 4L annual premium 2. The above rates are applicable only for the cases login and issuance from 1st Apr'25 to 31st Mar'26. 3. The above rates will not be applicable for the cases which are login before 1st Apr'25, revised rates will be shared for the cases log in from 1st Apr'26 onwards 4. Any contest, topline booster, VLI, product booster will not be applicable for the above product",at 2nd year: 0%
184,TATA_AIA,Par,VIP_ 20PT,,12 - 15,-,0.375,0.0,,,,,,"Fresh | Note: Rates for new PPT / PT & Products will be conveyed separately | Fortune Guarantee Supreme V3 (**) - Differed income - ROP (credits will be applied with below conditions) 1. The above rates of Fortune Guarantee Supreme V3 is applicable for >= 4L annual premium 2. The above rates are applicable only for the cases login and issuance from 1st Apr'25 to 31st Mar'26. 3. The above rates will not be applicable for the cases which are login before 1st Apr'25, revised rates will be shared for the cases log in from 1st Apr'26 onwards 4. Any contest, topline booster, VLI, product booster will not be applicable for the above product",at 2nd year: 0%
185,TATA_AIA,Par,VIP_< 20PT,,5,-,0.28,0.0,,,,,,"Fresh | Note: Rates for new PPT / PT & Products will be conveyed separately | Fortune Guarantee Supreme V3 (**) - Differed income - ROP (credits will be applied with below conditions) 1. The above rates of Fortune Guarantee Supreme V3 is applicable for >= 4L annual premium 2. The above rates are applicable only for the cases login and issuance from 1st Apr'25 to 31st Mar'26. 3. The above rates will not be applicable for the cases which are login before 1st Apr'25, revised rates will be shared for the cases log in from 1st Apr'26 onwards 4. Any contest, topline booster, VLI, product booster will not be applicable for the above product",at 2nd year: 0%
186,TATA_AIA,Par,VIP_< 20PT,,6,-,0.28,0.0,,,,,,"Fresh | Note: Rates for new PPT / PT & Products will be conveyed separately | Fortune Guarantee Supreme V3 (**) - Differed income - ROP (credits will be applied with below conditions) 1. The above rates of Fortune Guarantee Supreme V3 is applicable for >= 4L annual premium 2. The above rates are applicable only for the cases login and issuance from 1st Apr'25 to 31st Mar'26. 3. The above rates will not be applicable for the cases which are login before 1st Apr'25, revised rates will be shared for the cases log in from 1st Apr'26 onwards 4. Any contest, topline booster, VLI, product booster will not be applicable for the above product",at 2nd year: 0%
187,TATA_AIA,Par,VIP_< 20PT,,7,-,0.28,0.0,,,,,,"Fresh | Note: Rates for new PPT / PT & Products will be conveyed separately | Fortune Guarantee Supreme V3 (**) - Differed income - ROP (credits will be applied with below conditions) 1. The above rates of Fortune Guarantee Supreme V3 is applicable for >= 4L annual premium 2. The above rates are applicable only for the cases login and issuance from 1st Apr'25 to 31st Mar'26. 3. The above rates will not be applicable for the cases which are login before 1st Apr'25, revised rates will be shared for the cases log in from 1st Apr'26 onwards 4. Any contest, topline booster, VLI, product booster will not be applicable for the above product",at 2nd year: 0%
188,TATA_AIA,Par,VIP_< 20PT,,8,-,0.315,0.0,,,,,,"Fresh | Note: Rates for new PPT / PT & Products will be conveyed separately | Fortune Guarantee Supreme V3 (**) - Differed income - ROP (credits will be applied with below conditions) 1. The above rates of Fortune Guarantee Supreme V3 is applicable for >= 4L annual premium 2. The above rates are applicable only for the cases login and issuance from 1st Apr'25 to 31st Mar'26. 3. The above rates will not be applicable for the cases which are login before 1st Apr'25, revised rates will be shared for the cases log in from 1st Apr'26 onwards 4. Any contest, topline booster, VLI, product booster will not be applicable for the above product",at 2nd year: 0%
189,TATA_AIA,Par,VIP_< 20PT,,9,-,0.315,0.0,,,,,,"Fresh | Note: Rates for new PPT / PT & Products will be conveyed separately | Fortune Guarantee Supreme V3 (**) - Differed income - ROP (credits will be applied with below conditions) 1. The above rates of Fortune Guarantee Supreme V3 is applicable for >= 4L annual premium 2. The above rates are applicable only for the cases login and issuance from 1st Apr'25 to 31st Mar'26. 3. The above rates will not be applicable for the cases which are login before 1st Apr'25, revised rates will be shared for the cases log in from 1st Apr'26 onwards 4. Any contest, topline booster, VLI, product booster will not be applicable for the above product",at 2nd year: 0%
190,TATA_AIA,Par,VIP_< 20PT,,10,-,0.315,0.0,,,,,,"Fresh | Note: Rates for new PPT / PT & Products will be conveyed separately | Fortune Guarantee Supreme V3 (**) - Differed income - ROP (credits will be applied with below conditions) 1. The above rates of Fortune Guarantee Supreme V3 is applicable for >= 4L annual premium 2. The above rates are applicable only for the cases login and issuance from 1st Apr'25 to 31st Mar'26. 3. The above rates will not be applicable for the cases which are login before 1st Apr'25, revised rates will be shared for the cases log in from 1st Apr'26 onwards 4. Any contest, topline booster, VLI, product booster will not be applicable for the above product",at 2nd year: 0%
191,TATA_AIA,Par,VIP_< 20PT,,11,-,0.315,0.0,,,,,,"Fresh | Note: Rates for new PPT / PT & Products will be conveyed separately | Fortune Guarantee Supreme V3 (**) - Differed income - ROP (credits will be applied with below conditions) 1. The above rates of Fortune Guarantee Supreme V3 is applicable for >= 4L annual premium 2. The above rates are applicable only for the cases login and issuance from 1st Apr'25 to 31st Mar'26. 3. The above rates will not be applicable for the cases which are login before 1st Apr'25, revised rates will be shared for the cases log in from 1st Apr'26 onwards 4. Any contest, topline booster, VLI, product booster will not be applicable for the above product",at 2nd year: 0%
192,TATA_AIA,Par,VIP_< 20PT,,12 - 15,-,0.345,0.0,,,,,,"Fresh | Note: Rates for new PPT / PT & Products will be conveyed separately | Fortune Guarantee Supreme V3 (**) - Differed income - ROP (credits will be applied with below conditions) 1. The above rates of Fortune Guarantee Supreme V3 is applicable for >= 4L annual premium 2. The above rates are applicable only for the cases login and issuance from 1st Apr'25 to 31st Mar'26. 3. The above rates will not be applicable for the cases which are login before 1st Apr'25, revised rates will be shared for the cases log in from 1st Apr'26 onwards 4. Any contest, topline booster, VLI, product booster will not be applicable for the above product",at 2nd year: 0%
193,TATA_AIA,Non-Par,Fortune Guarantee Secure - Immediate Income - Offline,,5,-,0.31,0.035,,,,,,"Fresh | Note: Rates for new PPT / PT & Products will be conveyed separately | Fortune Guarantee Supreme V3 (**) - Differed income - ROP (credits will be applied with below conditions) 1. The above rates of Fortune Guarantee Supreme V3 is applicable for >= 4L annual premium 2. The above rates are applicable only for the cases login and issuance from 1st Apr'25 to 31st Mar'26. 3. The above rates will not be applicable for the cases which are login before 1st Apr'25, revised rates will be shared for the cases log in from 1st Apr'26 onwards 4. Any contest, topline booster, VLI, product booster will not be applicable for the above product",at 2nd year: 3.5%
194,TATA_AIA,Non-Par,Fortune Guarantee Secure - Immediate Income - Offline,,6,-,0.33,0.04,,,,,,"Fresh | Note: Rates for new PPT / PT & Products will be conveyed separately | Fortune Guarantee Supreme V3 (**) - Differed income - ROP (credits will be applied with below conditions) 1. The above rates of Fortune Guarantee Supreme V3 is applicable for >= 4L annual premium 2. The above rates are applicable only for the cases login and issuance from 1st Apr'25 to 31st Mar'26. 3. The above rates will not be applicable for the cases which are login before 1st Apr'25, revised rates will be shared for the cases log in from 1st Apr'26 onwards 4. Any contest, topline booster, VLI, product booster will not be applicable for the above product",at 2nd year: 4%
195,TATA_AIA,Non-Par,Fortune Guarantee Secure - Immediate Income - Offline,,7,-,0.36,0.04,,,,,,"Fresh | Note: Rates for new PPT / PT & Products will be conveyed separately | Fortune Guarantee Supreme V3 (**) - Differed income - ROP (credits will be applied with below conditions) 1. The above rates of Fortune Guarantee Supreme V3 is applicable for >= 4L annual premium 2. The above rates are applicable only for the cases login and issuance from 1st Apr'25 to 31st Mar'26. 3. The above rates will not be applicable for the cases which are login before 1st Apr'25, revised rates will be shared for the cases log in from 1st Apr'26 onwards 4. Any contest, topline booster, VLI, product booster will not be applicable for the above product",at 2nd year: 4%
196,TATA_AIA,Non-Par,Fortune Guarantee Secure - Immediate Income - Offline,,8,-,0.36,0.04,,,,,,"Fresh | Note: Rates for new PPT / PT & Products will be conveyed separately | Fortune Guarantee Supreme V3 (**) - Differed income - ROP (credits will be applied with below conditions) 1. The above rates of Fortune Guarantee Supreme V3 is applicable for >= 4L annual premium 2. The above rates are applicable only for the cases login and issuance from 1st Apr'25 to 31st Mar'26. 3. The above rates will not be applicable for the cases which are login before 1st Apr'25, revised rates will be shared for the cases log in from 1st Apr'26 onwards 4. Any contest, topline booster, VLI, product booster will not be applicable for the above product",at 2nd year: 4%
197,TATA_AIA,Non-Par,Fortune Guarantee Secure - Immediate Income - Offline,,9,-,0.36,0.04,,,,,,"Fresh | Note: Rates for new PPT / PT & Products will be conveyed separately | Fortune Guarantee Supreme V3 (**) - Differed income - ROP (credits will be applied with below conditions) 1. The above rates of Fortune Guarantee Supreme V3 is applicable for >= 4L annual premium 2. The above rates are applicable only for the cases login and issuance from 1st Apr'25 to 31st Mar'26. 3. The above rates will not be applicable for the cases which are login before 1st Apr'25, revised rates will be shared for the cases log in from 1st Apr'26 onwards 4. Any contest, topline booster, VLI, product booster will not be applicable for the above product",at 2nd year: 4%
198,TATA_AIA,Non-Par,Fortune Guarantee Secure - Immediate Income - Offline,,10,-,0.38,0.045,,,,,,"Fresh | Note: Rates for new PPT / PT & Products will be conveyed separately | Fortune Guarantee Supreme V3 (**) - Differed income - ROP (credits will be applied with below conditions) 1. The above rates of Fortune Guarantee Supreme V3 is applicable for >= 4L annual premium 2. The above rates are applicable only for the cases login and issuance from 1st Apr'25 to 31st Mar'26. 3. The above rates will not be applicable for the cases which are login before 1st Apr'25, revised rates will be shared for the cases log in from 1st Apr'26 onwards 4. Any contest, topline booster, VLI, product booster will not be applicable for the above product",at 2nd year: 4.5%
199,TATA_AIA,Non-Par,Fortune Guarantee Secure - Immediate Income - Offline,,11,-,0.38,0.045,,,,,,"Fresh | Note: Rates for new PPT / PT & Products will be conveyed separately | Fortune Guarantee Supreme V3 (**) - Differed income - ROP (credits will be applied with below conditions) 1. The above rates of Fortune Guarantee Supreme V3 is applicable for >= 4L annual premium 2. The above rates are applicable only for the cases login and issuance from 1st Apr'25 to 31st Mar'26. 3. The above rates will not be applicable for the cases which are login before 1st Apr'25, revised rates will be shared for the cases log in from 1st Apr'26 onwards 4. Any contest, topline booster, VLI, product booster will not be applicable for the above product",at 2nd year: 4.5%
200,TATA_AIA,Non-Par,Fortune Guarantee Secure - Immediate Income - Offline,,12,-,0.395,0.045,,,,,,"Fresh | Note: Rates for new PPT / PT & Products will be conveyed separately | Fortune Guarantee Supreme V3 (**) - Differed income - ROP (credits will be applied with below conditions) 1. The above rates of Fortune Guarantee Supreme V3 is applicable for >= 4L annual premium 2. The above rates are applicable only for the cases login and issuance from 1st Apr'25 to 31st Mar'26. 3. The above rates will not be applicable for the cases which are login before 1st Apr'25, revised rates will be shared for the cases log in from 1st Apr'26 onwards 4. Any contest, topline booster, VLI, product booster will not be applicable for the above product",at 2nd year: 4.5%
201,TATA_AIA,Non-Par,Fortune Guarantee Secure Single Pay - Immediate Income - Offline,,-,-,0.00075,0.0,,,,,,"Fresh | Note: Rates for new PPT / PT & Products will be conveyed separately | Fortune Guarantee Supreme V3 (**) - Differed income - ROP (credits will be applied with below conditions) 1. The above rates of Fortune Guarantee Supreme V3 is applicable for >= 4L annual premium 2. The above rates are applicable only for the cases login and issuance from 1st Apr'25 to 31st Mar'26. 3. The above rates will not be applicable for the cases which are login before 1st Apr'25, revised rates will be shared for the cases log in from 1st Apr'26 onwards 4. Any contest, topline booster, VLI, product booster will not be applicable for the above product",at 2nd year: 0%
202,TATA_AIA,Non-Par,Fortune Guarantee Secure - Immediate Income - Digital Discount,,5,-,0.26,0.03,,,,,,"Fresh | Note: Rates for new PPT / PT & Products will be conveyed separately | Fortune Guarantee Supreme V3 (**) - Differed income - ROP (credits will be applied with below conditions) 1. The above rates of Fortune Guarantee Supreme V3 is applicable for >= 4L annual premium 2. The above rates are applicable only for the cases login and issuance from 1st Apr'25 to 31st Mar'26. 3. The above rates will not be applicable for the cases which are login before 1st Apr'25, revised rates will be shared for the cases log in from 1st Apr'26 onwards 4. Any contest, topline booster, VLI, product booster will not be applicable for the above product",at 2nd year: 3%
203,TATA_AIA,Non-Par,Fortune Guarantee Secure - Immediate Income - Digital Discount,,6,-,0.28,0.03,,,,,,"Fresh | Note: Rates for new PPT / PT & Products will be conveyed separately | Fortune Guarantee Supreme V3 (**) - Differed income - ROP (credits will be applied with below conditions) 1. The above rates of Fortune Guarantee Supreme V3 is applicable for >= 4L annual premium 2. The above rates are applicable only for the cases login and issuance from 1st Apr'25 to 31st Mar'26. 3. The above rates will not be applicable for the cases which are login before 1st Apr'25, revised rates will be shared for the cases log in from 1st Apr'26 onwards 4. Any contest, topline booster, VLI, product booster will not be applicable for the above product",at 2nd year: 3%
204,TATA_AIA,Non-Par,Fortune Guarantee Secure - Immediate Income - Digital Discount,,7,-,0.28,0.03,,,,,,"Fresh | Note: Rates for new PPT / PT & Products will be conveyed separately | Fortune Guarantee Supreme V3 (**) - Differed income - ROP (credits will be applied with below conditions) 1. The above rates of Fortune Guarantee Supreme V3 is applicable for >= 4L annual premium 2. The above rates are applicable only for the cases login and issuance from 1st Apr'25 to 31st Mar'26. 3. The above rates will not be applicable for the cases which are login before 1st Apr'25, revised rates will be shared for the cases log in from 1st Apr'26 onwards 4. Any contest, topline booster, VLI, product booster will not be applicable for the above product",at 2nd year: 3%
205,TATA_AIA,Non-Par,Fortune Guarantee Secure - Immediate Income - Digital Discount,,8,-,0.28,0.03,,,,,,"Fresh | Note: Rates for new PPT / PT & Products will be conveyed separately | Fortune Guarantee Supreme V3 (**) - Differed income - ROP (credits will be applied with below conditions) 1. The above rates of Fortune Guarantee Supreme V3 is applicable for >= 4L annual premium 2. The above rates are applicable only for the cases login and issuance from 1st Apr'25 to 31st Mar'26. 3. The above rates will not be applicable for the cases which are login before 1st Apr'25, revised rates will be shared for the cases log in from 1st Apr'26 onwards 4. Any contest, topline booster, VLI, product booster will not be applicable for the above product",at 2nd year: 3%
206,TATA_AIA,Non-Par,Fortune Guarantee Secure - Immediate Income - Digital Discount,,9,-,0.28,0.03,,,,,,"Fresh | Note: Rates for new PPT / PT & Products will be conveyed separately | Fortune Guarantee Supreme V3 (**) - Differed income - ROP (credits will be applied with below conditions) 1. The above rates of Fortune Guarantee Supreme V3 is applicable for >= 4L annual premium 2. The above rates are applicable only for the cases login and issuance from 1st Apr'25 to 31st Mar'26. 3. The above rates will not be applicable for the cases which are login before 1st Apr'25, revised rates will be shared for the cases log in from 1st Apr'26 onwards 4. Any contest, topline booster, VLI, product booster will not be applicable for the above product",at 2nd year: 3%
207,TATA_AIA,Non-Par,Fortune Guarantee Secure - Immediate Income - Digital Discount,,10,-,0.31,0.035,,,,,,"Fresh | Note: Rates for new PPT / PT & Products will be conveyed separately | Fortune Guarantee Supreme V3 (**) - Differed income - ROP (credits will be applied with below conditions) 1. The above rates of Fortune Guarantee Supreme V3 is applicable for >= 4L annual premium 2. The above rates are applicable only for the cases login and issuance from 1st Apr'25 to 31st Mar'26. 3. The above rates will not be applicable for the cases which are login before 1st Apr'25, revised rates will be shared for the cases log in from 1st Apr'26 onwards 4. Any contest, topline booster, VLI, product booster will not be applicable for the above product",at 2nd year: 3.5%
208,TATA_AIA,Non-Par,Fortune Guarantee Secure - Immediate Income - Digital Discount,,11,-,0.31,0.035,,,,,,"Fresh | Note: Rates for new PPT / PT & Products will be conveyed separately | Fortune Guarantee Supreme V3 (**) - Differed income - ROP (credits will be applied with below conditions) 1. The above rates of Fortune Guarantee Supreme V3 is applicable for >= 4L annual premium 2. The above rates are applicable only for the cases login and issuance from 1st Apr'25 to 31st Mar'26. 3. The above rates will not be applicable for the cases which are login before 1st Apr'25, revised rates will be shared for the cases log in from 1st Apr'26 onwards 4. Any contest, topline booster, VLI, product booster will not be applicable for the above product",at 2nd year: 3.5%
209,TATA_AIA,Non-Par,Fortune Guarantee Secure - Immediate Income - Digital Discount,,12,-,0.31,0.035,,,,,,"Fresh | Note: Rates for new PPT / PT & Products will be conveyed separately | Fortune Guarantee Supreme V3 (**) - Differed income - ROP (credits will be applied with below conditions) 1. The above rates of Fortune Guarantee Supreme V3 is applicable for >= 4L annual premium 2. The above rates are applicable only for the cases login and issuance from 1st Apr'25 to 31st Mar'26. 3. The above rates will not be applicable for the cases which are login before 1st Apr'25, revised rates will be shared for the cases log in from 1st Apr'26 onwards 4. Any contest, topline booster, VLI, product booster will not be applicable for the above product",at 2nd year: 3.5%
210,TATA_AIA,Non-Par,Fortune Guarantee Secure - Def. Income with Life Cover - Offline,,5,-,0.3,0.035,,,,,,"Fresh | Note: Rates for new PPT / PT & Products will be conveyed separately | Fortune Guarantee Supreme V3 (**) - Differed income - ROP (credits will be applied with below conditions) 1. The above rates of Fortune Guarantee Supreme V3 is applicable for >= 4L annual premium 2. The above rates are applicable only for the cases login and issuance from 1st Apr'25 to 31st Mar'26. 3. The above rates will not be applicable for the cases which are login before 1st Apr'25, revised rates will be shared for the cases log in from 1st Apr'26 onwards 4. Any contest, topline booster, VLI, product booster will not be applicable for the above product",at 2nd year: 3.5%
211,TATA_AIA,Non-Par,Fortune Guarantee Secure - Def. Income with Life Cover - Offline,,6,-,0.33,0.04,,,,,,"Fresh | Note: Rates for new PPT / PT & Products will be conveyed separately | Fortune Guarantee Supreme V3 (**) - Differed income - ROP (credits will be applied with below conditions) 1. The above rates of Fortune Guarantee Supreme V3 is applicable for >= 4L annual premium 2. The above rates are applicable only for the cases login and issuance from 1st Apr'25 to 31st Mar'26. 3. The above rates will not be applicable for the cases which are login before 1st Apr'25, revised rates will be shared for the cases log in from 1st Apr'26 onwards 4. Any contest, topline booster, VLI, product booster will not be applicable for the above product",at 2nd year: 4%
212,TATA_AIA,Non-Par,Fortune Guarantee Secure - Def. Income with Life Cover - Offline,,7,-,0.36,0.04,,,,,,"Fresh | Note: Rates for new PPT / PT & Products will be conveyed separately | Fortune Guarantee Supreme V3 (**) - Differed income - ROP (credits will be applied with below conditions) 1. The above rates of Fortune Guarantee Supreme V3 is applicable for >= 4L annual premium 2. The above rates are applicable only for the cases login and issuance from 1st Apr'25 to 31st Mar'26. 3. The above rates will not be applicable for the cases which are login before 1st Apr'25, revised rates will be shared for the cases log in from 1st Apr'26 onwards 4. Any contest, topline booster, VLI, product booster will not be applicable for the above product",at 2nd year: 4%
213,TATA_AIA,Non-Par,Fortune Guarantee Secure - Def. Income with Life Cover - Offline,,8,-,0.36,0.04,,,,,,"Fresh | Note: Rates for new PPT / PT & Products will be conveyed separately | Fortune Guarantee Supreme V3 (**) - Differed income - ROP (credits will be applied with below conditions) 1. The above rates of Fortune Guarantee Supreme V3 is applicable for >= 4L annual premium 2. The above rates are applicable only for the cases login and issuance from 1st Apr'25 to 31st Mar'26. 3. The above rates will not be applicable for the cases which are login before 1st Apr'25, revised rates will be shared for the cases log in from 1st Apr'26 onwards 4. Any contest, topline booster, VLI, product booster will not be applicable for the above product",at 2nd year: 4%
214,TATA_AIA,Non-Par,Fortune Guarantee Secure - Def. Income with Life Cover - Offline,,9,-,0.36,0.04,,,,,,"Fresh | Note: Rates for new PPT / PT & Products will be conveyed separately | Fortune Guarantee Supreme V3 (**) - Differed income - ROP (credits will be applied with below conditions) 1. The above rates of Fortune Guarantee Supreme V3 is applicable for >= 4L annual premium 2. The above rates are applicable only for the cases login and issuance from 1st Apr'25 to 31st Mar'26. 3. The above rates will not be applicable for the cases which are login before 1st Apr'25, revised rates will be shared for the cases log in from 1st Apr'26 onwards 4. Any contest, topline booster, VLI, product booster will not be applicable for the above product",at 2nd year: 4%
215,TATA_AIA,Non-Par,Fortune Guarantee Secure - Def. Income with Life Cover - Offline,,10,-,0.38,0.045,,,,,,"Fresh | Note: Rates for new PPT / PT & Products will be conveyed separately | Fortune Guarantee Supreme V3 (**) - Differed income - ROP (credits will be applied with below conditions) 1. The above rates of Fortune Guarantee Supreme V3 is applicable for >= 4L annual premium 2. The above rates are applicable only for the cases login and issuance from 1st Apr'25 to 31st Mar'26. 3. The above rates will not be applicable for the cases which are login before 1st Apr'25, revised rates will be shared for the cases log in from 1st Apr'26 onwards 4. Any contest, topline booster, VLI, product booster will not be applicable for the above product",at 2nd year: 4.5%
216,TATA_AIA,Non-Par,Fortune Guarantee Secure - Def. Income with Life Cover - Offline,,11,-,0.38,0.045,,,,,,"Fresh | Note: Rates for new PPT / PT & Products will be conveyed separately | Fortune Guarantee Supreme V3 (**) - Differed income - ROP (credits will be applied with below conditions) 1. The above rates of Fortune Guarantee Supreme V3 is applicable for >= 4L annual premium 2. The above rates are applicable only for the cases login and issuance from 1st Apr'25 to 31st Mar'26. 3. The above rates will not be applicable for the cases which are login before 1st Apr'25, revised rates will be shared for the cases log in from 1st Apr'26 onwards 4. Any contest, topline booster, VLI, product booster will not be applicable for the above product",at 2nd year: 4.5%
217,TATA_AIA,Non-Par,Fortune Guarantee Secure - Def. Income with Life Cover - Offline,,12,-,0.395,0.045,,,,,,"Fresh | Note: Rates for new PPT / PT & Products will be conveyed separately | Fortune Guarantee Supreme V3 (**) - Differed income - ROP (credits will be applied with below conditions) 1. The above rates of Fortune Guarantee Supreme V3 is applicable for >= 4L annual premium 2. The above rates are applicable only for the cases login and issuance from 1st Apr'25 to 31st Mar'26. 3. The above rates will not be applicable for the cases which are login before 1st Apr'25, revised rates will be shared for the cases log in from 1st Apr'26 onwards 4. Any contest, topline booster, VLI, product booster will not be applicable for the above product",at 2nd year: 4.5%
218,TATA_AIA,Non-Par,Fortune Guarantee Secure Single Pay - Def. Income with Life Cover - Offline,,-,-,0.00075,0.0,,,,,,"Fresh | Note: Rates for new PPT / PT & Products will be conveyed separately | Fortune Guarantee Supreme V3 (**) - Differed income - ROP (credits will be applied with below conditions) 1. The above rates of Fortune Guarantee Supreme V3 is applicable for >= 4L annual premium 2. The above rates are applicable only for the cases login and issuance from 1st Apr'25 to 31st Mar'26. 3. The above rates will not be applicable for the cases which are login before 1st Apr'25, revised rates will be shared for the cases log in from 1st Apr'26 onwards 4. Any contest, topline booster, VLI, product booster will not be applicable for the above product",at 2nd year: 0%
219,TATA_AIA,Non-Par,Fortune Guarantee Secure - Def. Income with Life Cover - Digital Discount,,5,-,0.27,0.03,,,,,,"Fresh | Note: Rates for new PPT / PT & Products will be conveyed separately | Fortune Guarantee Supreme V3 (**) - Differed income - ROP (credits will be applied with below conditions) 1. The above rates of Fortune Guarantee Supreme V3 is applicable for >= 4L annual premium 2. The above rates are applicable only for the cases login and issuance from 1st Apr'25 to 31st Mar'26. 3. The above rates will not be applicable for the cases which are login before 1st Apr'25, revised rates will be shared for the cases log in from 1st Apr'26 onwards 4. Any contest, topline booster, VLI, product booster will not be applicable for the above product",at 2nd year: 3%
220,TATA_AIA,Non-Par,Fortune Guarantee Secure - Def. Income with Life Cover - Digital Discount,,6,-,0.305,0.035,,,,,,"Fresh | Note: Rates for new PPT / PT & Products will be conveyed separately | Fortune Guarantee Supreme V3 (**) - Differed income - ROP (credits will be applied with below conditions) 1. The above rates of Fortune Guarantee Supreme V3 is applicable for >= 4L annual premium 2. The above rates are applicable only for the cases login and issuance from 1st Apr'25 to 31st Mar'26. 3. The above rates will not be applicable for the cases which are login before 1st Apr'25, revised rates will be shared for the cases log in from 1st Apr'26 onwards 4. Any contest, topline booster, VLI, product booster will not be applicable for the above product",at 2nd year: 3.5%
221,TATA_AIA,Non-Par,Fortune Guarantee Secure - Def. Income with Life Cover - Digital Discount,,7,-,0.305,0.035,,,,,,"Fresh | Note: Rates for new PPT / PT & Products will be conveyed separately | Fortune Guarantee Supreme V3 (**) - Differed income - ROP (credits will be applied with below conditions) 1. The above rates of Fortune Guarantee Supreme V3 is applicable for >= 4L annual premium 2. The above rates are applicable only for the cases login and issuance from 1st Apr'25 to 31st Mar'26. 3. The above rates will not be applicable for the cases which are login before 1st Apr'25, revised rates will be shared for the cases log in from 1st Apr'26 onwards 4. Any contest, topline booster, VLI, product booster will not be applicable for the above product",at 2nd year: 3.5%
222,TATA_AIA,Non-Par,Fortune Guarantee Secure - Def. Income with Life Cover - Digital Discount,,8,-,0.305,0.035,,,,,,"Fresh | Note: Rates for new PPT / PT & Products will be conveyed separately | Fortune Guarantee Supreme V3 (**) - Differed income - ROP (credits will be applied with below conditions) 1. The above rates of Fortune Guarantee Supreme V3 is applicable for >= 4L annual premium 2. The above rates are applicable only for the cases login and issuance from 1st Apr'25 to 31st Mar'26. 3. The above rates will not be applicable for the cases which are login before 1st Apr'25, revised rates will be shared for the cases log in from 1st Apr'26 onwards 4. Any contest, topline booster, VLI, product booster will not be applicable for the above product",at 2nd year: 3.5%
223,TATA_AIA,Non-Par,Fortune Guarantee Secure - Def. Income with Life Cover - Digital Discount,,9,-,0.305,0.035,,,,,,"Fresh | Note: Rates for new PPT / PT & Products will be conveyed separately | Fortune Guarantee Supreme V3 (**) - Differed income - ROP (credits will be applied with below conditions) 1. The above rates of Fortune Guarantee Supreme V3 is applicable for >= 4L annual premium 2. The above rates are applicable only for the cases login and issuance from 1st Apr'25 to 31st Mar'26. 3. The above rates will not be applicable for the cases which are login before 1st Apr'25, revised rates will be shared for the cases log in from 1st Apr'26 onwards 4. Any contest, topline booster, VLI, product booster will not be applicable for the above product",at 2nd year: 3.5%
224,TATA_AIA,Non-Par,Fortune Guarantee Secure - Def. Income with Life Cover - Digital Discount,,10,-,0.305,0.035,,,,,,"Fresh | Note: Rates for new PPT / PT & Products will be conveyed separately | Fortune Guarantee Supreme V3 (**) - Differed income - ROP (credits will be applied with below conditions) 1. The above rates of Fortune Guarantee Supreme V3 is applicable for >= 4L annual premium 2. The above rates are applicable only for the cases login and issuance from 1st Apr'25 to 31st Mar'26. 3. The above rates will not be applicable for the cases which are login before 1st Apr'25, revised rates will be shared for the cases log in from 1st Apr'26 onwards 4. Any contest, topline booster, VLI, product booster will not be applicable for the above product",at 2nd year: 3.5%
225,TATA_AIA,Non-Par,Fortune Guarantee Secure - Def. Income with Life Cover - Digital Discount,,11,-,0.305,0.035,,,,,,"Fresh | Note: Rates for new PPT / PT & Products will be conveyed separately | Fortune Guarantee Supreme V3 (**) - Differed income - ROP (credits will be applied with below conditions) 1. The above rates of Fortune Guarantee Supreme V3 is applicable for >= 4L annual premium 2. The above rates are applicable only for the cases login and issuance from 1st Apr'25 to 31st Mar'26. 3. The above rates will not be applicable for the cases which are login before 1st Apr'25, revised rates will be shared for the cases log in from 1st Apr'26 onwards 4. Any contest, topline booster, VLI, product booster will not be applicable for the above product",at 2nd year: 3.5%
226,TATA_AIA,Non-Par,Fortune Guarantee Secure - Def. Income with Life Cover - Digital Discount,,12,-,0.305,0.035,,,,,,"Fresh | Note: Rates for new PPT / PT & Products will be conveyed separately | Fortune Guarantee Supreme V3 (**) - Differed income - ROP (credits will be applied with below conditions) 1. The above rates of Fortune Guarantee Supreme V3 is applicable for >= 4L annual premium 2. The above rates are applicable only for the cases login and issuance from 1st Apr'25 to 31st Mar'26. 3. The above rates will not be applicable for the cases which are login before 1st Apr'25, revised rates will be shared for the cases log in from 1st Apr'26 onwards 4. Any contest, topline booster, VLI, product booster will not be applicable for the above product",at 2nd year: 3.5%
227,TATA_AIA,Non-Par,Fortune Guarantee Plus - Offline,,5,-,0.33,0.04,,,,,,"Fresh | Note: Rates for new PPT / PT & Products will be conveyed separately | Fortune Guarantee Supreme V3 (**) - Differed income - ROP (credits will be applied with below conditions) 1. The above rates of Fortune Guarantee Supreme V3 is applicable for >= 4L annual premium 2. The above rates are applicable only for the cases login and issuance from 1st Apr'25 to 31st Mar'26. 3. The above rates will not be applicable for the cases which are login before 1st Apr'25, revised rates will be shared for the cases log in from 1st Apr'26 onwards 4. Any contest, topline booster, VLI, product booster will not be applicable for the above product",at 2nd year: 4%
228,TATA_AIA,Non-Par,Fortune Guarantee Plus - Offline,,6,-,0.33,0.04,,,,,,"Fresh | Note: Rates for new PPT / PT & Products will be conveyed separately | Fortune Guarantee Supreme V3 (**) - Differed income - ROP (credits will be applied with below conditions) 1. The above rates of Fortune Guarantee Supreme V3 is applicable for >= 4L annual premium 2. The above rates are applicable only for the cases login and issuance from 1st Apr'25 to 31st Mar'26. 3. The above rates will not be applicable for the cases which are login before 1st Apr'25, revised rates will be shared for the cases log in from 1st Apr'26 onwards 4. Any contest, topline booster, VLI, product booster will not be applicable for the above product",at 2nd year: 4%
229,TATA_AIA,Non-Par,Fortune Guarantee Plus - Offline,,7,-,0.35,0.04,,,,,,"Fresh | Note: Rates for new PPT / PT & Products will be conveyed separately | Fortune Guarantee Supreme V3 (**) - Differed income - ROP (credits will be applied with below conditions) 1. The above rates of Fortune Guarantee Supreme V3 is applicable for >= 4L annual premium 2. The above rates are applicable only for the cases login and issuance from 1st Apr'25 to 31st Mar'26. 3. The above rates will not be applicable for the cases which are login before 1st Apr'25, revised rates will be shared for the cases log in from 1st Apr'26 onwards 4. Any contest, topline booster, VLI, product booster will not be applicable for the above product",at 2nd year: 4%
230,TATA_AIA,Non-Par,Fortune Guarantee Plus - Offline,,8,-,0.36,0.04,,,,,,"Fresh | Note: Rates for new PPT / PT & Products will be conveyed separately | Fortune Guarantee Supreme V3 (**) - Differed income - ROP (credits will be applied with below conditions) 1. The above rates of Fortune Guarantee Supreme V3 is applicable for >= 4L annual premium 2. The above rates are applicable only for the cases login and issuance from 1st Apr'25 to 31st Mar'26. 3. The above rates will not be applicable for the cases which are login before 1st Apr'25, revised rates will be shared for the cases log in from 1st Apr'26 onwards 4. Any contest, topline booster, VLI, product booster will not be applicable for the above product",at 2nd year: 4%
231,TATA_AIA,Non-Par,Fortune Guarantee Plus - Offline,,9,-,0.36,0.04,,,,,,"Fresh | Note: Rates for new PPT / PT & Products will be conveyed separately | Fortune Guarantee Supreme V3 (**) - Differed income - ROP (credits will be applied with below conditions) 1. The above rates of Fortune Guarantee Supreme V3 is applicable for >= 4L annual premium 2. The above rates are applicable only for the cases login and issuance from 1st Apr'25 to 31st Mar'26. 3. The above rates will not be applicable for the cases which are login before 1st Apr'25, revised rates will be shared for the cases log in from 1st Apr'26 onwards 4. Any contest, topline booster, VLI, product booster will not be applicable for the above product",at 2nd year: 4%
232,TATA_AIA,Non-Par,Fortune Guarantee Plus - Offline,,10,-,0.375,0.045,,,,,,"Fresh | Note: Rates for new PPT / PT & Products will be conveyed separately | Fortune Guarantee Supreme V3 (**) - Differed income - ROP (credits will be applied with below conditions) 1. The above rates of Fortune Guarantee Supreme V3 is applicable for >= 4L annual premium 2. The above rates are applicable only for the cases login and issuance from 1st Apr'25 to 31st Mar'26. 3. The above rates will not be applicable for the cases which are login before 1st Apr'25, revised rates will be shared for the cases log in from 1st Apr'26 onwards 4. Any contest, topline booster, VLI, product booster will not be applicable for the above product",at 2nd year: 4.5%
233,TATA_AIA,Non-Par,Fortune Guarantee Plus - Offline,,11,-,0.375,0.045,,,,,,"Fresh | Note: Rates for new PPT / PT & Products will be conveyed separately | Fortune Guarantee Supreme V3 (**) - Differed income - ROP (credits will be applied with below conditions) 1. The above rates of Fortune Guarantee Supreme V3 is applicable for >= 4L annual premium 2. The above rates are applicable only for the cases login and issuance from 1st Apr'25 to 31st Mar'26. 3. The above rates will not be applicable for the cases which are login before 1st Apr'25, revised rates will be shared for the cases log in from 1st Apr'26 onwards 4. Any contest, topline booster, VLI, product booster will not be applicable for the above product",at 2nd year: 4.5%
234,TATA_AIA,Non-Par,Fortune Guarantee Plus - Offline,,12,-,0.38,0.045,,,,,,"Fresh | Note: Rates for new PPT / PT & Products will be conveyed separately | Fortune Guarantee Supreme V3 (**) - Differed income - ROP (credits will be applied with below conditions) 1. The above rates of Fortune Guarantee Supreme V3 is applicable for >= 4L annual premium 2. The above rates are applicable only for the cases login and issuance from 1st Apr'25 to 31st Mar'26. 3. The above rates will not be applicable for the cases which are login before 1st Apr'25, revised rates will be shared for the cases log in from 1st Apr'26 onwards 4. Any contest, topline booster, VLI, product booster will not be applicable for the above product",at 2nd year: 4.5%
235,TATA_AIA,Non-Par,Fortune Guarantee Plus Single Pay - Offline,,-,-,0.00075,0.0,,,,,,"Fresh | Note: Rates for new PPT / PT & Products will be conveyed separately | Fortune Guarantee Supreme V3 (**) - Differed income - ROP (credits will be applied with below conditions) 1. The above rates of Fortune Guarantee Supreme V3 is applicable for >= 4L annual premium 2. The above rates are applicable only for the cases login and issuance from 1st Apr'25 to 31st Mar'26. 3. The above rates will not be applicable for the cases which are login before 1st Apr'25, revised rates will be shared for the cases log in from 1st Apr'26 onwards 4. Any contest, topline booster, VLI, product booster will not be applicable for the above product",at 2nd year: 0%
236,TATA_AIA,Non-Par,Fortune Guarantee Plus - Digital Discount,,5,-,0.3,0.035,,,,,,"Fresh | Note: Rates for new PPT / PT & Products will be conveyed separately | Fortune Guarantee Supreme V3 (**) - Differed income - ROP (credits will be applied with below conditions) 1. The above rates of Fortune Guarantee Supreme V3 is applicable for >= 4L annual premium 2. The above rates are applicable only for the cases login and issuance from 1st Apr'25 to 31st Mar'26. 3. The above rates will not be applicable for the cases which are login before 1st Apr'25, revised rates will be shared for the cases log in from 1st Apr'26 onwards 4. Any contest, topline booster, VLI, product booster will not be applicable for the above product",at 2nd year: 3.5%
237,TATA_AIA,Non-Par,Fortune Guarantee Plus - Digital Discount,,6,-,0.29,0.035,,,,,,"Fresh | Note: Rates for new PPT / PT & Products will be conveyed separately | Fortune Guarantee Supreme V3 (**) - Differed income - ROP (credits will be applied with below conditions) 1. The above rates of Fortune Guarantee Supreme V3 is applicable for >= 4L annual premium 2. The above rates are applicable only for the cases login and issuance from 1st Apr'25 to 31st Mar'26. 3. The above rates will not be applicable for the cases which are login before 1st Apr'25, revised rates will be shared for the cases log in from 1st Apr'26 onwards 4. Any contest, topline booster, VLI, product booster will not be applicable for the above product",at 2nd year: 3.5%
238,TATA_AIA,Non-Par,Fortune Guarantee Plus - Digital Discount,,7,-,0.305,0.035,,,,,,"Fresh | Note: Rates for new PPT / PT & Products will be conveyed separately | Fortune Guarantee Supreme V3 (**) - Differed income - ROP (credits will be applied with below conditions) 1. The above rates of Fortune Guarantee Supreme V3 is applicable for >= 4L annual premium 2. The above rates are applicable only for the cases login and issuance from 1st Apr'25 to 31st Mar'26. 3. The above rates will not be applicable for the cases which are login before 1st Apr'25, revised rates will be shared for the cases log in from 1st Apr'26 onwards 4. Any contest, topline booster, VLI, product booster will not be applicable for the above product",at 2nd year: 3.5%
239,TATA_AIA,Non-Par,Fortune Guarantee Plus - Digital Discount,,8,-,0.31,0.035,,,,,,"Fresh | Note: Rates for new PPT / PT & Products will be conveyed separately | Fortune Guarantee Supreme V3 (**) - Differed income - ROP (credits will be applied with below conditions) 1. The above rates of Fortune Guarantee Supreme V3 is applicable for >= 4L annual premium 2. The above rates are applicable only for the cases login and issuance from 1st Apr'25 to 31st Mar'26. 3. The above rates will not be applicable for the cases which are login before 1st Apr'25, revised rates will be shared for the cases log in from 1st Apr'26 onwards 4. Any contest, topline booster, VLI, product booster will not be applicable for the above product",at 2nd year: 3.5%
240,TATA_AIA,Non-Par,Fortune Guarantee Plus - Digital Discount,,9,-,0.31,0.035,,,,,,"Fresh | Note: Rates for new PPT / PT & Products will be conveyed separately | Fortune Guarantee Supreme V3 (**) - Differed income - ROP (credits will be applied with below conditions) 1. The above rates of Fortune Guarantee Supreme V3 is applicable for >= 4L annual premium 2. The above rates are applicable only for the cases login and issuance from 1st Apr'25 to 31st Mar'26. 3. The above rates will not be applicable for the cases which are login before 1st Apr'25, revised rates will be shared for the cases log in from 1st Apr'26 onwards 4. Any contest, topline booster, VLI, product booster will not be applicable for the above product",at 2nd year: 3.5%
241,TATA_AIA,Non-Par,Fortune Guarantee Plus - Digital Discount,,10,-,0.32,0.04,,,,,,"Fresh | Note: Rates for new PPT / PT & Products will be conveyed separately | Fortune Guarantee Supreme V3 (**) - Differed income - ROP (credits will be applied with below conditions) 1. The above rates of Fortune Guarantee Supreme V3 is applicable for >= 4L annual premium 2. The above rates are applicable only for the cases login and issuance from 1st Apr'25 to 31st Mar'26. 3. The above rates will not be applicable for the cases which are login before 1st Apr'25, revised rates will be shared for the cases log in from 1st Apr'26 onwards 4. Any contest, topline booster, VLI, product booster will not be applicable for the above product",at 2nd year: 4%
242,TATA_AIA,Non-Par,Fortune Guarantee Plus - Digital Discount,,11,-,0.31,0.035,,,,,,"Fresh | Note: Rates for new PPT / PT & Products will be conveyed separately | Fortune Guarantee Supreme V3 (**) - Differed income - ROP (credits will be applied with below conditions) 1. The above rates of Fortune Guarantee Supreme V3 is applicable for >= 4L annual premium 2. The above rates are applicable only for the cases login and issuance from 1st Apr'25 to 31st Mar'26. 3. The above rates will not be applicable for the cases which are login before 1st Apr'25, revised rates will be shared for the cases log in from 1st Apr'26 onwards 4. Any contest, topline booster, VLI, product booster will not be applicable for the above product",at 2nd year: 3.5%
243,TATA_AIA,Non-Par,Fortune Guarantee Plus - Digital Discount,,12,-,0.325,0.04,,,,,,"Fresh | Note: Rates for new PPT / PT & Products will be conveyed separately | Fortune Guarantee Supreme V3 (**) - Differed income - ROP (credits will be applied with below conditions) 1. The above rates of Fortune Guarantee Supreme V3 is applicable for >= 4L annual premium 2. The above rates are applicable only for the cases login and issuance from 1st Apr'25 to 31st Mar'26. 3. The above rates will not be applicable for the cases which are login before 1st Apr'25, revised rates will be shared for the cases log in from 1st Apr'26 onwards 4. Any contest, topline booster, VLI, product booster will not be applicable for the above product",at 2nd year: 4%
244,TATA_AIA,Non-Par,Fortune Guarantee Pension,,2,-,0.11,0.01,,,,,,"Fresh | Note: Rates for new PPT / PT & Products will be conveyed separately | Fortune Guarantee Supreme V3 (**) - Differed income - ROP (credits will be applied with below conditions) 1. The above rates of Fortune Guarantee Supreme V3 is applicable for >= 4L annual premium 2. The above rates are applicable only for the cases login and issuance from 1st Apr'25 to 31st Mar'26. 3. The above rates will not be applicable for the cases which are login before 1st Apr'25, revised rates will be shared for the cases log in from 1st Apr'26 onwards 4. Any contest, topline booster, VLI, product booster will not be applicable for the above product",at 2nd year: 1%
245,TATA_AIA,Non-Par,Fortune Guarantee Pension,,3,-,0.14,0.015,,,,,,"Fresh | Note: Rates for new PPT / PT & Products will be conveyed separately | Fortune Guarantee Supreme V3 (**) - Differed income - ROP (credits will be applied with below conditions) 1. The above rates of Fortune Guarantee Supreme V3 is applicable for >= 4L annual premium 2. The above rates are applicable only for the cases login and issuance from 1st Apr'25 to 31st Mar'26. 3. The above rates will not be applicable for the cases which are login before 1st Apr'25, revised rates will be shared for the cases log in from 1st Apr'26 onwards 4. Any contest, topline booster, VLI, product booster will not be applicable for the above product",at 2nd year: 1.5%
246,TATA_AIA,Non-Par,Fortune Guarantee Pension,,4,-,0.2,0.02,,,,,,"Fresh | Note: Rates for new PPT / PT & Products will be conveyed separately | Fortune Guarantee Supreme V3 (**) - Differed income - ROP (credits will be applied with below conditions) 1. The above rates of Fortune Guarantee Supreme V3 is applicable for >= 4L annual premium 2. The above rates are applicable only for the cases login and issuance from 1st Apr'25 to 31st Mar'26. 3. The above rates will not be applicable for the cases which are login before 1st Apr'25, revised rates will be shared for the cases log in from 1st Apr'26 onwards 4. Any contest, topline booster, VLI, product booster will not be applicable for the above product",at 2nd year: 2%
247,TATA_AIA,Non-Par,Fortune Guarantee Pension,,5,-,0.3,0.035,,,,,,"Fresh | Note: Rates for new PPT / PT & Products will be conveyed separately | Fortune Guarantee Supreme V3 (**) - Differed income - ROP (credits will be applied with below conditions) 1. The above rates of Fortune Guarantee Supreme V3 is applicable for >= 4L annual premium 2. The above rates are applicable only for the cases login and issuance from 1st Apr'25 to 31st Mar'26. 3. The above rates will not be applicable for the cases which are login before 1st Apr'25, revised rates will be shared for the cases log in from 1st Apr'26 onwards 4. Any contest, topline booster, VLI, product booster will not be applicable for the above product",at 2nd year: 3.5%
248,TATA_AIA,Non-Par,Fortune Guarantee Pension,,6,-,0.33,0.04,,,,,,"Fresh | Note: Rates for new PPT / PT & Products will be conveyed separately | Fortune Guarantee Supreme V3 (**) - Differed income - ROP (credits will be applied with below conditions) 1. The above rates of Fortune Guarantee Supreme V3 is applicable for >= 4L annual premium 2. The above rates are applicable only for the cases login and issuance from 1st Apr'25 to 31st Mar'26. 3. The above rates will not be applicable for the cases which are login before 1st Apr'25, revised rates will be shared for the cases log in from 1st Apr'26 onwards 4. Any contest, topline booster, VLI, product booster will not be applicable for the above product",at 2nd year: 4%
249,TATA_AIA,Non-Par,Fortune Guarantee Pension,,7,-,0.36,0.04,,,,,,"Fresh | Note: Rates for new PPT / PT & Products will be conveyed separately | Fortune Guarantee Supreme V3 (**) - Differed income - ROP (credits will be applied with below conditions) 1. The above rates of Fortune Guarantee Supreme V3 is applicable for >= 4L annual premium 2. The above rates are applicable only for the cases login and issuance from 1st Apr'25 to 31st Mar'26. 3. The above rates will not be applicable for the cases which are login before 1st Apr'25, revised rates will be shared for the cases log in from 1st Apr'26 onwards 4. Any contest, topline booster, VLI, product booster will not be applicable for the above product",at 2nd year: 4%
250,TATA_AIA,Non-Par,Fortune Guarantee Pension,,8,-,0.36,0.04,,,,,,"Fresh | Note: Rates for new PPT / PT & Products will be conveyed separately | Fortune Guarantee Supreme V3 (**) - Differed income - ROP (credits will be applied with below conditions) 1. The above rates of Fortune Guarantee Supreme V3 is applicable for >= 4L annual premium 2. The above rates are applicable only for the cases login and issuance from 1st Apr'25 to 31st Mar'26. 3. The above rates will not be applicable for the cases which are login before 1st Apr'25, revised rates will be shared for the cases log in from 1st Apr'26 onwards 4. Any contest, topline booster, VLI, product booster will not be applicable for the above product",at 2nd year: 4%
251,TATA_AIA,Non-Par,Fortune Guarantee Pension,,9,-,0.36,0.04,,,,,,"Fresh | Note: Rates for new PPT / PT & Products will be conveyed separately | Fortune Guarantee Supreme V3 (**) - Differed income - ROP (credits will be applied with below conditions) 1. The above rates of Fortune Guarantee Supreme V3 is applicable for >= 4L annual premium 2. The above rates are applicable only for the cases login and issuance from 1st Apr'25 to 31st Mar'26. 3. The above rates will not be applicable for the cases which are login before 1st Apr'25, revised rates will be shared for the cases log in from 1st Apr'26 onwards 4. Any contest, topline booster, VLI, product booster will not be applicable for the above product",at 2nd year: 4%
252,TATA_AIA,Non-Par,Fortune Guarantee Pension,,10,-,0.395,0.045,,,,,,"Fresh | Note: Rates for new PPT / PT & Products will be conveyed separately | Fortune Guarantee Supreme V3 (**) - Differed income - ROP (credits will be applied with below conditions) 1. The above rates of Fortune Guarantee Supreme V3 is applicable for >= 4L annual premium 2. The above rates are applicable only for the cases login and issuance from 1st Apr'25 to 31st Mar'26. 3. The above rates will not be applicable for the cases which are login before 1st Apr'25, revised rates will be shared for the cases log in from 1st Apr'26 onwards 4. Any contest, topline booster, VLI, product booster will not be applicable for the above product",at 2nd year: 4.5%
253,TATA_AIA,Non-Par,Fortune Guarantee Pension,,11,-,0.395,0.045,,,,,,"Fresh | Note: Rates for new PPT / PT & Products will be conveyed separately | Fortune Guarantee Supreme V3 (**) - Differed income - ROP (credits will be applied with below conditions) 1. The above rates of Fortune Guarantee Supreme V3 is applicable for >= 4L annual premium 2. The above rates are applicable only for the cases login and issuance from 1st Apr'25 to 31st Mar'26. 3. The above rates will not be applicable for the cases which are login before 1st Apr'25, revised rates will be shared for the cases log in from 1st Apr'26 onwards 4. Any contest, topline booster, VLI, product booster will not be applicable for the above product",at 2nd year: 4.5%
254,TATA_AIA,Non-Par,Fortune Guarantee Pension,,12,-,0.395,0.045,,,,,,"Fresh | Note: Rates for new PPT / PT & Products will be conveyed separately | Fortune Guarantee Supreme V3 (**) - Differed income - ROP (credits will be applied with below conditions) 1. The above rates of Fortune Guarantee Supreme V3 is applicable for >= 4L annual premium 2. The above rates are applicable only for the cases login and issuance from 1st Apr'25 to 31st Mar'26. 3. The above rates will not be applicable for the cases which are login before 1st Apr'25, revised rates will be shared for the cases log in from 1st Apr'26 onwards 4. Any contest, topline booster, VLI, product booster will not be applicable for the above product",at 2nd year: 4.5%
255,TATA_AIA,Non-Par,Fortune Guarantee Pension Single Pay,,-,-,0.01,0.0,,,,,,"Fresh | Note: Rates for new PPT / PT & Products will be conveyed separately | Fortune Guarantee Supreme V3 (**) - Differed income - ROP (credits will be applied with below conditions) 1. The above rates of Fortune Guarantee Supreme V3 is applicable for >= 4L annual premium 2. The above rates are applicable only for the cases login and issuance from 1st Apr'25 to 31st Mar'26. 3. The above rates will not be applicable for the cases which are login before 1st Apr'25, revised rates will be shared for the cases log in from 1st Apr'26 onwards 4. Any contest, topline booster, VLI, product booster will not be applicable for the above product",at 2nd year: 0%
256,TATA_AIA,Non-Par,Shubh Flexi Pension,,2,-,0.12,0.015,,,,,,"Fresh | Note: Rates for new PPT / PT & Products will be conveyed separately | Fortune Guarantee Supreme V3 (**) - Differed income - ROP (credits will be applied with below conditions) 1. The above rates of Fortune Guarantee Supreme V3 is applicable for >= 4L annual premium 2. The above rates are applicable only for the cases login and issuance from 1st Apr'25 to 31st Mar'26. 3. The above rates will not be applicable for the cases which are login before 1st Apr'25, revised rates will be shared for the cases log in from 1st Apr'26 onwards 4. Any contest, topline booster, VLI, product booster will not be applicable for the above product",at 2nd year: 1.5%
257,TATA_AIA,Non-Par,Shubh Flexi Pension,,3,-,0.15,0.02,,,,,,"Fresh | Note: Rates for new PPT / PT & Products will be conveyed separately | Fortune Guarantee Supreme V3 (**) - Differed income - ROP (credits will be applied with below conditions) 1. The above rates of Fortune Guarantee Supreme V3 is applicable for >= 4L annual premium 2. The above rates are applicable only for the cases login and issuance from 1st Apr'25 to 31st Mar'26. 3. The above rates will not be applicable for the cases which are login before 1st Apr'25, revised rates will be shared for the cases log in from 1st Apr'26 onwards 4. Any contest, topline booster, VLI, product booster will not be applicable for the above product",at 2nd year: 2%
258,TATA_AIA,Non-Par,Shubh Flexi Pension,,4,-,0.215,0.025,,,,,,"Fresh | Note: Rates for new PPT / PT & Products will be conveyed separately | Fortune Guarantee Supreme V3 (**) - Differed income - ROP (credits will be applied with below conditions) 1. The above rates of Fortune Guarantee Supreme V3 is applicable for >= 4L annual premium 2. The above rates are applicable only for the cases login and issuance from 1st Apr'25 to 31st Mar'26. 3. The above rates will not be applicable for the cases which are login before 1st Apr'25, revised rates will be shared for the cases log in from 1st Apr'26 onwards 4. Any contest, topline booster, VLI, product booster will not be applicable for the above product",at 2nd year: 2.5%
259,TATA_AIA,Non-Par,Shubh Flexi Pension,,5,-,0.3,0.035,,,,,,"Fresh | Note: Rates for new PPT / PT & Products will be conveyed separately | Fortune Guarantee Supreme V3 (**) - Differed income - ROP (credits will be applied with below conditions) 1. The above rates of Fortune Guarantee Supreme V3 is applicable for >= 4L annual premium 2. The above rates are applicable only for the cases login and issuance from 1st Apr'25 to 31st Mar'26. 3. The above rates will not be applicable for the cases which are login before 1st Apr'25, revised rates will be shared for the cases log in from 1st Apr'26 onwards 4. Any contest, topline booster, VLI, product booster will not be applicable for the above product",at 2nd year: 3.5%
260,TATA_AIA,Non-Par,Shubh Flexi Pension,,6,-,0.33,0.04,,,,,,"Fresh | Note: Rates for new PPT / PT & Products will be conveyed separately | Fortune Guarantee Supreme V3 (**) - Differed income - ROP (credits will be applied with below conditions) 1. The above rates of Fortune Guarantee Supreme V3 is applicable for >= 4L annual premium 2. The above rates are applicable only for the cases login and issuance from 1st Apr'25 to 31st Mar'26. 3. The above rates will not be applicable for the cases which are login before 1st Apr'25, revised rates will be shared for the cases log in from 1st Apr'26 onwards 4. Any contest, topline booster, VLI, product booster will not be applicable for the above product",at 2nd year: 4%
261,TATA_AIA,Non-Par,Shubh Flexi Pension,,7,-,0.36,0.04,,,,,,"Fresh | Note: Rates for new PPT / PT & Products will be conveyed separately | Fortune Guarantee Supreme V3 (**) - Differed income - ROP (credits will be applied with below conditions) 1. The above rates of Fortune Guarantee Supreme V3 is applicable for >= 4L annual premium 2. The above rates are applicable only for the cases login and issuance from 1st Apr'25 to 31st Mar'26. 3. The above rates will not be applicable for the cases which are login before 1st Apr'25, revised rates will be shared for the cases log in from 1st Apr'26 onwards 4. Any contest, topline booster, VLI, product booster will not be applicable for the above product",at 2nd year: 4%
262,TATA_AIA,Non-Par,Shubh Flexi Pension,,8,-,0.36,0.04,,,,,,"Fresh | Note: Rates for new PPT / PT & Products will be conveyed separately | Fortune Guarantee Supreme V3 (**) - Differed income - ROP (credits will be applied with below conditions) 1. The above rates of Fortune Guarantee Supreme V3 is applicable for >= 4L annual premium 2. The above rates are applicable only for the cases login and issuance from 1st Apr'25 to 31st Mar'26. 3. The above rates will not be applicable for the cases which are login before 1st Apr'25, revised rates will be shared for the cases log in from 1st Apr'26 onwards 4. Any contest, topline booster, VLI, product booster will not be applicable for the above product",at 2nd year: 4%
263,TATA_AIA,Non-Par,Shubh Flexi Pension,,9,-,0.36,0.04,,,,,,"Fresh | Note: Rates for new PPT / PT & Products will be conveyed separately | Fortune Guarantee Supreme V3 (**) - Differed income - ROP (credits will be applied with below conditions) 1. The above rates of Fortune Guarantee Supreme V3 is applicable for >= 4L annual premium 2. The above rates are applicable only for the cases login and issuance from 1st Apr'25 to 31st Mar'26. 3. The above rates will not be applicable for the cases which are login before 1st Apr'25, revised rates will be shared for the cases log in from 1st Apr'26 onwards 4. Any contest, topline booster, VLI, product booster will not be applicable for the above product",at 2nd year: 4%
264,TATA_AIA,Non-Par,Shubh Flexi Pension,,10,-,0.395,0.045,,,,,,"Fresh | Note: Rates for new PPT / PT & Products will be conveyed separately | Fortune Guarantee Supreme V3 (**) - Differed income - ROP (credits will be applied with below conditions) 1. The above rates of Fortune Guarantee Supreme V3 is applicable for >= 4L annual premium 2. The above rates are applicable only for the cases login and issuance from 1st Apr'25 to 31st Mar'26. 3. The above rates will not be applicable for the cases which are login before 1st Apr'25, revised rates will be shared for the cases log in from 1st Apr'26 onwards 4. Any contest, topline booster, VLI, product booster will not be applicable for the above product",at 2nd year: 4.5%
265,TATA_AIA,Non-Par,Shubh Flexi Pension,,11,-,0.395,0.045,,,,,,"Fresh | Note: Rates for new PPT / PT & Products will be conveyed separately | Fortune Guarantee Supreme V3 (**) - Differed income - ROP (credits will be applied with below conditions) 1. The above rates of Fortune Guarantee Supreme V3 is applicable for >= 4L annual premium 2. The above rates are applicable only for the cases login and issuance from 1st Apr'25 to 31st Mar'26. 3. The above rates will not be applicable for the cases which are login before 1st Apr'25, revised rates will be shared for the cases log in from 1st Apr'26 onwards 4. Any contest, topline booster, VLI, product booster will not be applicable for the above product",at 2nd year: 4.5%
266,TATA_AIA,Non-Par,Shubh Flexi Pension,,12,-,0.395,0.045,,,,,,"Fresh | Note: Rates for new PPT / PT & Products will be conveyed separately | Fortune Guarantee Supreme V3 (**) - Differed income - ROP (credits will be applied with below conditions) 1. The above rates of Fortune Guarantee Supreme V3 is applicable for >= 4L annual premium 2. The above rates are applicable only for the cases login and issuance from 1st Apr'25 to 31st Mar'26. 3. The above rates will not be applicable for the cases which are login before 1st Apr'25, revised rates will be shared for the cases log in from 1st Apr'26 onwards 4. Any contest, topline booster, VLI, product booster will not be applicable for the above product",at 2nd year: 4.5%
267,TATA_AIA,Non-Par,Shubh Flexi Pension Single Pay,,-,-,0.01,0.0,,,,,,"Fresh | Note: Rates for new PPT / PT & Products will be conveyed separately | Fortune Guarantee Supreme V3 (**) - Differed income - ROP (credits will be applied with below conditions) 1. The above rates of Fortune Guarantee Supreme V3 is applicable for >= 4L annual premium 2. The above rates are applicable only for the cases login and issuance from 1st Apr'25 to 31st Mar'26. 3. The above rates will not be applicable for the cases which are login before 1st Apr'25, revised rates will be shared for the cases log in from 1st Apr'26 onwards 4. Any contest, topline booster, VLI, product booster will not be applicable for the above product",at 2nd year: 0%
268,TATA_AIA,Non-Par,SIP_7,,-,-,0.25,0.03,,,,,,"Fresh | Note: Rates for new PPT / PT & Products will be conveyed separately | Fortune Guarantee Supreme V3 (**) - Differed income - ROP (credits will be applied with below conditions) 1. The above rates of Fortune Guarantee Supreme V3 is applicable for >= 4L annual premium 2. The above rates are applicable only for the cases login and issuance from 1st Apr'25 to 31st Mar'26. 3. The above rates will not be applicable for the cases which are login before 1st Apr'25, revised rates will be shared for the cases log in from 1st Apr'26 onwards 4. Any contest, topline booster, VLI, product booster will not be applicable for the above product",at 2nd year: 3%
269,TATA_AIA,Non-Par,SIP_10,,-,-,0.305,0.035,,,,,,"Fresh | Note: Rates for new PPT / PT & Products will be conveyed separately | Fortune Guarantee Supreme V3 (**) - Differed income - ROP (credits will be applied with below conditions) 1. The above rates of Fortune Guarantee Supreme V3 is applicable for >= 4L annual premium 2. The above rates are applicable only for the cases login and issuance from 1st Apr'25 to 31st Mar'26. 3. The above rates will not be applicable for the cases which are login before 1st Apr'25, revised rates will be shared for the cases log in from 1st Apr'26 onwards 4. Any contest, topline booster, VLI, product booster will not be applicable for the above product",at 2nd year: 3.5%
270,TATA_AIA,Non-Par,SIP_12,,-,-,0.325,0.04,,,,,,"Fresh | Note: Rates for new PPT / PT & Products will be conveyed separately | Fortune Guarantee Supreme V3 (**) - Differed income - ROP (credits will be applied with below conditions) 1. The above rates of Fortune Guarantee Supreme V3 is applicable for >= 4L annual premium 2. The above rates are applicable only for the cases login and issuance from 1st Apr'25 to 31st Mar'26. 3. The above rates will not be applicable for the cases which are login before 1st Apr'25, revised rates will be shared for the cases log in from 1st Apr'26 onwards 4. Any contest, topline booster, VLI, product booster will not be applicable for the above product",at 2nd year: 4%
271,TATA_AIA,Non-Par,GIP,,5,-,0.18,0.02,,,,,,"Fresh | Note: Rates for new PPT / PT & Products will be conveyed separately | Fortune Guarantee Supreme V3 (**) - Differed income - ROP (credits will be applied with below conditions) 1. The above rates of Fortune Guarantee Supreme V3 is applicable for >= 4L annual premium 2. The above rates are applicable only for the cases login and issuance from 1st Apr'25 to 31st Mar'26. 3. The above rates will not be applicable for the cases which are login before 1st Apr'25, revised rates will be shared for the cases log in from 1st Apr'26 onwards 4. Any contest, topline booster, VLI, product booster will not be applicable for the above product",at 2nd year: 2%
272,TATA_AIA,Non-Par,GIP,,12,-,0.235,0.025,,,,,,"Fresh | Note: Rates for new PPT / PT & Products will be conveyed separately | Fortune Guarantee Supreme V3 (**) - Differed income - ROP (credits will be applied with below conditions) 1. The above rates of Fortune Guarantee Supreme V3 is applicable for >= 4L annual premium 2. The above rates are applicable only for the cases login and issuance from 1st Apr'25 to 31st Mar'26. 3. The above rates will not be applicable for the cases which are login before 1st Apr'25, revised rates will be shared for the cases log in from 1st Apr'26 onwards 4. Any contest, topline booster, VLI, product booster will not be applicable for the above product",at 2nd year: 2.5%
273,TATA_AIA,Non-Par,GMIP_,,5,-,0.235,0.025,,,,,,"Fresh | Note: Rates for new PPT / PT & Products will be conveyed separately | Fortune Guarantee Supreme V3 (**) - Differed income - ROP (credits will be applied with below conditions) 1. The above rates of Fortune Guarantee Supreme V3 is applicable for >= 4L annual premium 2. The above rates are applicable only for the cases login and issuance from 1st Apr'25 to 31st Mar'26. 3. The above rates will not be applicable for the cases which are login before 1st Apr'25, revised rates will be shared for the cases log in from 1st Apr'26 onwards 4. Any contest, topline booster, VLI, product booster will not be applicable for the above product",at 2nd year: 2.5%
274,TATA_AIA,Non-Par,GMIP_,,8,-,0.235,0.025,,,,,,"Fresh | Note: Rates for new PPT / PT & Products will be conveyed separately | Fortune Guarantee Supreme V3 (**) - Differed income - ROP (credits will be applied with below conditions) 1. The above rates of Fortune Guarantee Supreme V3 is applicable for >= 4L annual premium 2. The above rates are applicable only for the cases login and issuance from 1st Apr'25 to 31st Mar'26. 3. The above rates will not be applicable for the cases which are login before 1st Apr'25, revised rates will be shared for the cases log in from 1st Apr'26 onwards 4. Any contest, topline booster, VLI, product booster will not be applicable for the above product",at 2nd year: 2.5%
275,TATA_AIA,Non-Par,GMIP_,,12,-,0.32,0.04,,,,,,"Fresh | Note: Rates for new PPT / PT & Products will be conveyed separately | Fortune Guarantee Supreme V3 (**) - Differed income - ROP (credits will be applied with below conditions) 1. The above rates of Fortune Guarantee Supreme V3 is applicable for >= 4L annual premium 2. The above rates are applicable only for the cases login and issuance from 1st Apr'25 to 31st Mar'26. 3. The above rates will not be applicable for the cases which are login before 1st Apr'25, revised rates will be shared for the cases log in from 1st Apr'26 onwards 4. Any contest, topline booster, VLI, product booster will not be applicable for the above product",at 2nd year: 4%
276,TATA_AIA,Non-Par,Fortune Guarantee 10 PT,,5,-,0.16,0.02,,,,,,"Fresh | Note: Rates for new PPT / PT & Products will be conveyed separately | Fortune Guarantee Supreme V3 (**) - Differed income - ROP (credits will be applied with below conditions) 1. The above rates of Fortune Guarantee Supreme V3 is applicable for >= 4L annual premium 2. The above rates are applicable only for the cases login and issuance from 1st Apr'25 to 31st Mar'26. 3. The above rates will not be applicable for the cases which are login before 1st Apr'25, revised rates will be shared for the cases log in from 1st Apr'26 onwards 4. Any contest, topline booster, VLI, product booster will not be applicable for the above product",at 2nd year: 2%
277,TATA_AIA,Non-Par,Fortune Guarantee 12 PT,,5,-,0.16,0.02,,,,,,"Fresh | Note: Rates for new PPT / PT & Products will be conveyed separately | Fortune Guarantee Supreme V3 (**) - Differed income - ROP (credits will be applied with below conditions) 1. The above rates of Fortune Guarantee Supreme V3 is applicable for >= 4L annual premium 2. The above rates are applicable only for the cases login and issuance from 1st Apr'25 to 31st Mar'26. 3. The above rates will not be applicable for the cases which are login before 1st Apr'25, revised rates will be shared for the cases log in from 1st Apr'26 onwards 4. Any contest, topline booster, VLI, product booster will not be applicable for the above product",at 2nd year: 2%
278,TATA_AIA,Non-Par,Fortune Guarantee 15 PT,,5,-,0.16,0.02,,,,,,"Fresh | Note: Rates for new PPT / PT & Products will be conveyed separately | Fortune Guarantee Supreme V3 (**) - Differed income - ROP (credits will be applied with below conditions) 1. The above rates of Fortune Guarantee Supreme V3 is applicable for >= 4L annual premium 2. The above rates are applicable only for the cases login and issuance from 1st Apr'25 to 31st Mar'26. 3. The above rates will not be applicable for the cases which are login before 1st Apr'25, revised rates will be shared for the cases log in from 1st Apr'26 onwards 4. Any contest, topline booster, VLI, product booster will not be applicable for the above product",at 2nd year: 2%
279,TATA_AIA,Non-Par,Fortune Guarantee 12 PT,,7,-,0.21,0.025,,,,,,"Fresh | Note: Rates for new PPT / PT & Products will be conveyed separately | Fortune Guarantee Supreme V3 (**) - Differed income - ROP (credits will be applied with below conditions) 1. The above rates of Fortune Guarantee Supreme V3 is applicable for >= 4L annual premium 2. The above rates are applicable only for the cases login and issuance from 1st Apr'25 to 31st Mar'26. 3. The above rates will not be applicable for the cases which are login before 1st Apr'25, revised rates will be shared for the cases log in from 1st Apr'26 onwards 4. Any contest, topline booster, VLI, product booster will not be applicable for the above product",at 2nd year: 2.5%
280,TATA_AIA,Non-Par,Fortune Guarantee 15 PT,,7,-,0.21,0.025,,,,,,"Fresh | Note: Rates for new PPT / PT & Products will be conveyed separately | Fortune Guarantee Supreme V3 (**) - Differed income - ROP (credits will be applied with below conditions) 1. The above rates of Fortune Guarantee Supreme V3 is applicable for >= 4L annual premium 2. The above rates are applicable only for the cases login and issuance from 1st Apr'25 to 31st Mar'26. 3. The above rates will not be applicable for the cases which are login before 1st Apr'25, revised rates will be shared for the cases log in from 1st Apr'26 onwards 4. Any contest, topline booster, VLI, product booster will not be applicable for the above product",at 2nd year: 2.5%
281,TATA_AIA,Non-Par,Fortune Guarantee,,10,-,0.21,0.025,,,,,,"Fresh | Note: Rates for new PPT / PT & Products will be conveyed separately | Fortune Guarantee Supreme V3 (**) - Differed income - ROP (credits will be applied with below conditions) 1. The above rates of Fortune Guarantee Supreme V3 is applicable for >= 4L annual premium 2. The above rates are applicable only for the cases login and issuance from 1st Apr'25 to 31st Mar'26. 3. The above rates will not be applicable for the cases which are login before 1st Apr'25, revised rates will be shared for the cases log in from 1st Apr'26 onwards 4. Any contest, topline booster, VLI, product booster will not be applicable for the above product",at 2nd year: 2.5%
282,TATA_AIA,Non-Par,Fortune Guarantee,,12,-,0.21,0.025,,,,,,"Fresh | Note: Rates for new PPT / PT & Products will be conveyed separately | Fortune Guarantee Supreme V3 (**) - Differed income - ROP (credits will be applied with below conditions) 1. The above rates of Fortune Guarantee Supreme V3 is applicable for >= 4L annual premium 2. The above rates are applicable only for the cases login and issuance from 1st Apr'25 to 31st Mar'26. 3. The above rates will not be applicable for the cases which are login before 1st Apr'25, revised rates will be shared for the cases log in from 1st Apr'26 onwards 4. Any contest, topline booster, VLI, product booster will not be applicable for the above product",at 2nd year: 2.5%
283,TATA_AIA,Non-Par,FG supreme - Power of,,6 - 6,-,0.33,0.04,,,,,,"Fresh | Note: Rates for new PPT / PT & Products will be conveyed separately | Fortune Guarantee Supreme V3 (**) - Differed income - ROP (credits will be applied with below conditions) 1. The above rates of Fortune Guarantee Supreme V3 is applicable for >= 4L annual premium 2. The above rates are applicable only for the cases login and issuance from 1st Apr'25 to 31st Mar'26. 3. The above rates will not be applicable for the cases which are login before 1st Apr'25, revised rates will be shared for the cases log in from 1st Apr'26 onwards 4. Any contest, topline booster, VLI, product booster will not be applicable for the above product",at 2nd year: 4%
284,TATA_AIA,Non-Par,FG supreme - Power of,,6 - 7,-,0.345,0.04,,,,,,"Fresh | Note: Rates for new PPT / PT & Products will be conveyed separately | Fortune Guarantee Supreme V3 (**) - Differed income - ROP (credits will be applied with below conditions) 1. The above rates of Fortune Guarantee Supreme V3 is applicable for >= 4L annual premium 2. The above rates are applicable only for the cases login and issuance from 1st Apr'25 to 31st Mar'26. 3. The above rates will not be applicable for the cases which are login before 1st Apr'25, revised rates will be shared for the cases log in from 1st Apr'26 onwards 4. Any contest, topline booster, VLI, product booster will not be applicable for the above product",at 2nd year: 4%
285,TATA_AIA,Non-Par,FG supreme - Power of,,6 - 10,-,0.36,0.04,,,,,,"Fresh | Note: Rates for new PPT / PT & Products will be conveyed separately | Fortune Guarantee Supreme V3 (**) - Differed income - ROP (credits will be applied with below conditions) 1. The above rates of Fortune Guarantee Supreme V3 is applicable for >= 4L annual premium 2. The above rates are applicable only for the cases login and issuance from 1st Apr'25 to 31st Mar'26. 3. The above rates will not be applicable for the cases which are login before 1st Apr'25, revised rates will be shared for the cases log in from 1st Apr'26 onwards 4. Any contest, topline booster, VLI, product booster will not be applicable for the above product",at 2nd year: 4%
286,TATA_AIA,Non-Par,FG supreme - Power of,,6 - 12,-,0.395,0.045,,,,,,"Fresh | Note: Rates for new PPT / PT & Products will be conveyed separately | Fortune Guarantee Supreme V3 (**) - Differed income - ROP (credits will be applied with below conditions) 1. The above rates of Fortune Guarantee Supreme V3 is applicable for >= 4L annual premium 2. The above rates are applicable only for the cases login and issuance from 1st Apr'25 to 31st Mar'26. 3. The above rates will not be applicable for the cases which are login before 1st Apr'25, revised rates will be shared for the cases log in from 1st Apr'26 onwards 4. Any contest, topline booster, VLI, product booster will not be applicable for the above product",at 2nd year: 4.5%
287,TATA_AIA,Non-Par,FG supreme premium offset variant,,12,-,0.36,0.04,,,,,,"Fresh | Note: Rates for new PPT / PT & Products will be conveyed separately | Fortune Guarantee Supreme V3 (**) - Differed income - ROP (credits will be applied with below conditions) 1. The above rates of Fortune Guarantee Supreme V3 is applicable for >= 4L annual premium 2. The above rates are applicable only for the cases login and issuance from 1st Apr'25 to 31st Mar'26. 3. The above rates will not be applicable for the cases which are login before 1st Apr'25, revised rates will be shared for the cases log in from 1st Apr'26 onwards 4. Any contest, topline booster, VLI, product booster will not be applicable for the above product",at 2nd year: 4%
288,TATA_AIA,Non-Par,Fortune Guarantee Supreme - Immediate Income - ROP - Offline,,5,-,0.185,0.02,,,,,,"Fresh | Note: Rates for new PPT / PT & Products will be conveyed separately | Fortune Guarantee Supreme V3 (**) - Differed income - ROP (credits will be applied with below conditions) 1. The above rates of Fortune Guarantee Supreme V3 is applicable for >= 4L annual premium 2. The above rates are applicable only for the cases login and issuance from 1st Apr'25 to 31st Mar'26. 3. The above rates will not be applicable for the cases which are login before 1st Apr'25, revised rates will be shared for the cases log in from 1st Apr'26 onwards 4. Any contest, topline booster, VLI, product booster will not be applicable for the above product",at 2nd year: 2%
289,TATA_AIA,Non-Par,Fortune Guarantee Supreme - Immediate Income - ROP - Offline,,6,-,0.2,0.02,,,,,,"Fresh | Note: Rates for new PPT / PT & Products will be conveyed separately | Fortune Guarantee Supreme V3 (**) - Differed income - ROP (credits will be applied with below conditions) 1. The above rates of Fortune Guarantee Supreme V3 is applicable for >= 4L annual premium 2. The above rates are applicable only for the cases login and issuance from 1st Apr'25 to 31st Mar'26. 3. The above rates will not be applicable for the cases which are login before 1st Apr'25, revised rates will be shared for the cases log in from 1st Apr'26 onwards 4. Any contest, topline booster, VLI, product booster will not be applicable for the above product",at 2nd year: 2%
290,TATA_AIA,Non-Par,Fortune Guarantee Supreme - Immediate Income - ROP - Offline,,7,-,0.2,0.02,,,,,,"Fresh | Note: Rates for new PPT / PT & Products will be conveyed separately | Fortune Guarantee Supreme V3 (**) - Differed income - ROP (credits will be applied with below conditions) 1. The above rates of Fortune Guarantee Supreme V3 is applicable for >= 4L annual premium 2. The above rates are applicable only for the cases login and issuance from 1st Apr'25 to 31st Mar'26. 3. The above rates will not be applicable for the cases which are login before 1st Apr'25, revised rates will be shared for the cases log in from 1st Apr'26 onwards 4. Any contest, topline booster, VLI, product booster will not be applicable for the above product",at 2nd year: 2%
291,TATA_AIA,Non-Par,Fortune Guarantee Supreme - Immediate Income - ROP - Offline,,8,-,0.22,0.025,,,,,,"Fresh | Note: Rates for new PPT / PT & Products will be conveyed separately | Fortune Guarantee Supreme V3 (**) - Differed income - ROP (credits will be applied with below conditions) 1. The above rates of Fortune Guarantee Supreme V3 is applicable for >= 4L annual premium 2. The above rates are applicable only for the cases login and issuance from 1st Apr'25 to 31st Mar'26. 3. The above rates will not be applicable for the cases which are login before 1st Apr'25, revised rates will be shared for the cases log in from 1st Apr'26 onwards 4. Any contest, topline booster, VLI, product booster will not be applicable for the above product",at 2nd year: 2.5%
292,TATA_AIA,Non-Par,Fortune Guarantee Supreme - Immediate Income - ROP - Offline,,9,-,0.22,0.025,,,,,,"Fresh | Note: Rates for new PPT / PT & Products will be conveyed separately | Fortune Guarantee Supreme V3 (**) - Differed income - ROP (credits will be applied with below conditions) 1. The above rates of Fortune Guarantee Supreme V3 is applicable for >= 4L annual premium 2. The above rates are applicable only for the cases login and issuance from 1st Apr'25 to 31st Mar'26. 3. The above rates will not be applicable for the cases which are login before 1st Apr'25, revised rates will be shared for the cases log in from 1st Apr'26 onwards 4. Any contest, topline booster, VLI, product booster will not be applicable for the above product",at 2nd year: 2.5%
293,TATA_AIA,Non-Par,Fortune Guarantee Supreme - Immediate Income - ROP - Offline,,10,-,0.235,0.025,,,,,,"Fresh | Note: Rates for new PPT / PT & Products will be conveyed separately | Fortune Guarantee Supreme V3 (**) - Differed income - ROP (credits will be applied with below conditions) 1. The above rates of Fortune Guarantee Supreme V3 is applicable for >= 4L annual premium 2. The above rates are applicable only for the cases login and issuance from 1st Apr'25 to 31st Mar'26. 3. The above rates will not be applicable for the cases which are login before 1st Apr'25, revised rates will be shared for the cases log in from 1st Apr'26 onwards 4. Any contest, topline booster, VLI, product booster will not be applicable for the above product",at 2nd year: 2.5%
294,TATA_AIA,Non-Par,Fortune Guarantee Supreme - Immediate Income - ROP - Offline,,11,-,0.235,0.025,,,,,,"Fresh | Note: Rates for new PPT / PT & Products will be conveyed separately | Fortune Guarantee Supreme V3 (**) - Differed income - ROP (credits will be applied with below conditions) 1. The above rates of Fortune Guarantee Supreme V3 is applicable for >= 4L annual premium 2. The above rates are applicable only for the cases login and issuance from 1st Apr'25 to 31st Mar'26. 3. The above rates will not be applicable for the cases which are login before 1st Apr'25, revised rates will be shared for the cases log in from 1st Apr'26 onwards 4. Any contest, topline booster, VLI, product booster will not be applicable for the above product",at 2nd year: 2.5%
295,TATA_AIA,Non-Par,Fortune Guarantee Supreme - Immediate Income - ROP - Offline,,12,-,0.25,0.03,,,,,,"Fresh | Note: Rates for new PPT / PT & Products will be conveyed separately | Fortune Guarantee Supreme V3 (**) - Differed income - ROP (credits will be applied with below conditions) 1. The above rates of Fortune Guarantee Supreme V3 is applicable for >= 4L annual premium 2. The above rates are applicable only for the cases login and issuance from 1st Apr'25 to 31st Mar'26. 3. The above rates will not be applicable for the cases which are login before 1st Apr'25, revised rates will be shared for the cases log in from 1st Apr'26 onwards 4. Any contest, topline booster, VLI, product booster will not be applicable for the above product",at 2nd year: 3%
296,TATA_AIA,Non-Par,Fortune Guarantee Supreme - Immediate Income - ROP - Digital Discount,,5,-,0.15,0.02,,,,,,"Fresh | Note: Rates for new PPT / PT & Products will be conveyed separately | Fortune Guarantee Supreme V3 (**) - Differed income - ROP (credits will be applied with below conditions) 1. The above rates of Fortune Guarantee Supreme V3 is applicable for >= 4L annual premium 2. The above rates are applicable only for the cases login and issuance from 1st Apr'25 to 31st Mar'26. 3. The above rates will not be applicable for the cases which are login before 1st Apr'25, revised rates will be shared for the cases log in from 1st Apr'26 onwards 4. Any contest, topline booster, VLI, product booster will not be applicable for the above product",at 2nd year: 2%
297,TATA_AIA,Non-Par,Fortune Guarantee Supreme - Immediate Income - ROP - Digital Discount,,6,-,0.165,0.02,,,,,,"Fresh | Note: Rates for new PPT / PT & Products will be conveyed separately | Fortune Guarantee Supreme V3 (**) - Differed income - ROP (credits will be applied with below conditions) 1. The above rates of Fortune Guarantee Supreme V3 is applicable for >= 4L annual premium 2. The above rates are applicable only for the cases login and issuance from 1st Apr'25 to 31st Mar'26. 3. The above rates will not be applicable for the cases which are login before 1st Apr'25, revised rates will be shared for the cases log in from 1st Apr'26 onwards 4. Any contest, topline booster, VLI, product booster will not be applicable for the above product",at 2nd year: 2%
298,TATA_AIA,Non-Par,Fortune Guarantee Supreme - Immediate Income - ROP - Digital Discount,,7,-,0.16,0.02,,,,,,"Fresh | Note: Rates for new PPT / PT & Products will be conveyed separately | Fortune Guarantee Supreme V3 (**) - Differed income - ROP (credits will be applied with below conditions) 1. The above rates of Fortune Guarantee Supreme V3 is applicable for >= 4L annual premium 2. The above rates are applicable only for the cases login and issuance from 1st Apr'25 to 31st Mar'26. 3. The above rates will not be applicable for the cases which are login before 1st Apr'25, revised rates will be shared for the cases log in from 1st Apr'26 onwards 4. Any contest, topline booster, VLI, product booster will not be applicable for the above product",at 2nd year: 2%
299,TATA_AIA,Non-Par,Fortune Guarantee Supreme - Immediate Income - ROP - Digital Discount,,8,-,0.17,0.02,,,,,,"Fresh | Note: Rates for new PPT / PT & Products will be conveyed separately | Fortune Guarantee Supreme V3 (**) - Differed income - ROP (credits will be applied with below conditions) 1. The above rates of Fortune Guarantee Supreme V3 is applicable for >= 4L annual premium 2. The above rates are applicable only for the cases login and issuance from 1st Apr'25 to 31st Mar'26. 3. The above rates will not be applicable for the cases which are login before 1st Apr'25, revised rates will be shared for the cases log in from 1st Apr'26 onwards 4. Any contest, topline booster, VLI, product booster will not be applicable for the above product",at 2nd year: 2%
300,TATA_AIA,Non-Par,Fortune Guarantee Supreme - Immediate Income - ROP - Digital Discount,,9,-,0.165,0.02,,,,,,"Fresh | Note: Rates for new PPT / PT & Products will be conveyed separately | Fortune Guarantee Supreme V3 (**) - Differed income - ROP (credits will be applied with below conditions) 1. The above rates of Fortune Guarantee Supreme V3 is applicable for >= 4L annual premium 2. The above rates are applicable only for the cases login and issuance from 1st Apr'25 to 31st Mar'26. 3. The above rates will not be applicable for the cases which are login before 1st Apr'25, revised rates will be shared for the cases log in from 1st Apr'26 onwards 4. Any contest, topline booster, VLI, product booster will not be applicable for the above product",at 2nd year: 2%
301,TATA_AIA,Non-Par,Fortune Guarantee Supreme - Immediate Income - ROP - Digital Discount,,10,-,0.17,0.02,,,,,,"Fresh | Note: Rates for new PPT / PT & Products will be conveyed separately | Fortune Guarantee Supreme V3 (**) - Differed income - ROP (credits will be applied with below conditions) 1. The above rates of Fortune Guarantee Supreme V3 is applicable for >= 4L annual premium 2. The above rates are applicable only for the cases login and issuance from 1st Apr'25 to 31st Mar'26. 3. The above rates will not be applicable for the cases which are login before 1st Apr'25, revised rates will be shared for the cases log in from 1st Apr'26 onwards 4. Any contest, topline booster, VLI, product booster will not be applicable for the above product",at 2nd year: 2%
302,TATA_AIA,Non-Par,Fortune Guarantee Supreme - Immediate Income - ROP - Digital Discount,,11,-,0.165,0.02,,,,,,"Fresh | Note: Rates for new PPT / PT & Products will be conveyed separately | Fortune Guarantee Supreme V3 (**) - Differed income - ROP (credits will be applied with below conditions) 1. The above rates of Fortune Guarantee Supreme V3 is applicable for >= 4L annual premium 2. The above rates are applicable only for the cases login and issuance from 1st Apr'25 to 31st Mar'26. 3. The above rates will not be applicable for the cases which are login before 1st Apr'25, revised rates will be shared for the cases log in from 1st Apr'26 onwards 4. Any contest, topline booster, VLI, product booster will not be applicable for the above product",at 2nd year: 2%
303,TATA_AIA,Non-Par,Fortune Guarantee Supreme - Immediate Income - ROP - Digital Discount,,12,-,0.18,0.02,,,,,,"Fresh | Note: Rates for new PPT / PT & Products will be conveyed separately | Fortune Guarantee Supreme V3 (**) - Differed income - ROP (credits will be applied with below conditions) 1. The above rates of Fortune Guarantee Supreme V3 is applicable for >= 4L annual premium 2. The above rates are applicable only for the cases login and issuance from 1st Apr'25 to 31st Mar'26. 3. The above rates will not be applicable for the cases which are login before 1st Apr'25, revised rates will be shared for the cases log in from 1st Apr'26 onwards 4. Any contest, topline booster, VLI, product booster will not be applicable for the above product",at 2nd year: 2%
304,TATA_AIA,Non-Par,Fortune Gurantee Supreme V3 & 20-35 Deferred Income Term - ROP (**) - Offline,,6,-,0.2,0.02,,,,,,"Fresh | Note: Rates for new PPT / PT & Products will be conveyed separately | Fortune Guarantee Supreme V3 (**) - Differed income - ROP (credits will be applied with below conditions) 1. The above rates of Fortune Guarantee Supreme V3 is applicable for >= 4L annual premium 2. The above rates are applicable only for the cases login and issuance from 1st Apr'25 to 31st Mar'26. 3. The above rates will not be applicable for the cases which are login before 1st Apr'25, revised rates will be shared for the cases log in from 1st Apr'26 onwards 4. Any contest, topline booster, VLI, product booster will not be applicable for the above product",at 2nd year: 2%
305,TATA_AIA,Non-Par,Fortune Gurantee Supreme V3 & 15-35 Deferred Income Term - ROP (**) - Offline,,7,-,0.2,0.02,,,,,,"Fresh | Note: Rates for new PPT / PT & Products will be conveyed separately | Fortune Guarantee Supreme V3 (**) - Differed income - ROP (credits will be applied with below conditions) 1. The above rates of Fortune Guarantee Supreme V3 is applicable for >= 4L annual premium 2. The above rates are applicable only for the cases login and issuance from 1st Apr'25 to 31st Mar'26. 3. The above rates will not be applicable for the cases which are login before 1st Apr'25, revised rates will be shared for the cases log in from 1st Apr'26 onwards 4. Any contest, topline booster, VLI, product booster will not be applicable for the above product",at 2nd year: 2%
306,TATA_AIA,Non-Par,Fortune Gurantee Supreme V3 & 15-20 Deferred Income Term - ROP (**) - Offline,,10,-,0.235,0.025,,,,,,"Fresh | Note: Rates for new PPT / PT & Products will be conveyed separately | Fortune Guarantee Supreme V3 (**) - Differed income - ROP (credits will be applied with below conditions) 1. The above rates of Fortune Guarantee Supreme V3 is applicable for >= 4L annual premium 2. The above rates are applicable only for the cases login and issuance from 1st Apr'25 to 31st Mar'26. 3. The above rates will not be applicable for the cases which are login before 1st Apr'25, revised rates will be shared for the cases log in from 1st Apr'26 onwards 4. Any contest, topline booster, VLI, product booster will not be applicable for the above product",at 2nd year: 2.5%
307,TATA_AIA,Non-Par,Fortune Gurantee Supreme V3 & 25 Deferred Income Term - ROP (**) - Offline,,10,-,0.235,0.025,,,,,,"Fresh | Note: Rates for new PPT / PT & Products will be conveyed separately | Fortune Guarantee Supreme V3 (**) - Differed income - ROP (credits will be applied with below conditions) 1. The above rates of Fortune Guarantee Supreme V3 is applicable for >= 4L annual premium 2. The above rates are applicable only for the cases login and issuance from 1st Apr'25 to 31st Mar'26. 3. The above rates will not be applicable for the cases which are login before 1st Apr'25, revised rates will be shared for the cases log in from 1st Apr'26 onwards 4. Any contest, topline booster, VLI, product booster will not be applicable for the above product",at 2nd year: 2.5%
308,TATA_AIA,Non-Par,Fortune Gurantee Supreme V3 & 30 Deferred Income Term - ROP (**) - Offline,,10,-,0.235,0.025,,,,,,"Fresh | Note: Rates for new PPT / PT & Products will be conveyed separately | Fortune Guarantee Supreme V3 (**) - Differed income - ROP (credits will be applied with below conditions) 1. The above rates of Fortune Guarantee Supreme V3 is applicable for >= 4L annual premium 2. The above rates are applicable only for the cases login and issuance from 1st Apr'25 to 31st Mar'26. 3. The above rates will not be applicable for the cases which are login before 1st Apr'25, revised rates will be shared for the cases log in from 1st Apr'26 onwards 4. Any contest, topline booster, VLI, product booster will not be applicable for the above product",at 2nd year: 2.5%
309,TATA_AIA,Non-Par,Fortune Gurantee Supreme V3 & 35 Deferred Income Term - ROP (**) - Offline,,10,-,0.235,0.025,,,,,,"Fresh | Note: Rates for new PPT / PT & Products will be conveyed separately | Fortune Guarantee Supreme V3 (**) - Differed income - ROP (credits will be applied with below conditions) 1. The above rates of Fortune Guarantee Supreme V3 is applicable for >= 4L annual premium 2. The above rates are applicable only for the cases login and issuance from 1st Apr'25 to 31st Mar'26. 3. The above rates will not be applicable for the cases which are login before 1st Apr'25, revised rates will be shared for the cases log in from 1st Apr'26 onwards 4. Any contest, topline booster, VLI, product booster will not be applicable for the above product",at 2nd year: 2.5%
310,TATA_AIA,Non-Par,Fortune Gurantee Supreme V3 & 15-35 Deferred Income Term - ROP (**) - Offline,,12,-,0.25,0.03,,,,,,"Fresh | Note: Rates for new PPT / PT & Products will be conveyed separately | Fortune Guarantee Supreme V3 (**) - Differed income - ROP (credits will be applied with below conditions) 1. The above rates of Fortune Guarantee Supreme V3 is applicable for >= 4L annual premium 2. The above rates are applicable only for the cases login and issuance from 1st Apr'25 to 31st Mar'26. 3. The above rates will not be applicable for the cases which are login before 1st Apr'25, revised rates will be shared for the cases log in from 1st Apr'26 onwards 4. Any contest, topline booster, VLI, product booster will not be applicable for the above product",at 2nd year: 3%
311,TATA_AIA,Non-Par,Fortune Gurantee Supreme V3 & 20-35 Deferred Income Term - ROP (**) - Digital Discount,,6,-,0.165,0.02,,,,,,"Fresh | Note: Rates for new PPT / PT & Products will be conveyed separately | Fortune Guarantee Supreme V3 (**) - Differed income - ROP (credits will be applied with below conditions) 1. The above rates of Fortune Guarantee Supreme V3 is applicable for >= 4L annual premium 2. The above rates are applicable only for the cases login and issuance from 1st Apr'25 to 31st Mar'26. 3. The above rates will not be applicable for the cases which are login before 1st Apr'25, revised rates will be shared for the cases log in from 1st Apr'26 onwards 4. Any contest, topline booster, VLI, product booster will not be applicable for the above product",at 2nd year: 2%
312,TATA_AIA,Non-Par,Fortune Gurantee Supreme V3 & 15-35 Deferred Income Term - ROP (**) - Digital Discount,,7,-,0.16,0.02,,,,,,"Fresh | Note: Rates for new PPT / PT & Products will be conveyed separately | Fortune Guarantee Supreme V3 (**) - Differed income - ROP (credits will be applied with below conditions) 1. The above rates of Fortune Guarantee Supreme V3 is applicable for >= 4L annual premium 2. The above rates are applicable only for the cases login and issuance from 1st Apr'25 to 31st Mar'26. 3. The above rates will not be applicable for the cases which are login before 1st Apr'25, revised rates will be shared for the cases log in from 1st Apr'26 onwards 4. Any contest, topline booster, VLI, product booster will not be applicable for the above product",at 2nd year: 2%
313,TATA_AIA,Non-Par,Fortune Gurantee Supreme V3 & 15-20 Deferred Income Term - ROP (**) - Digital Discount,,10,-,0.17,0.02,,,,,,"Fresh | Note: Rates for new PPT / PT & Products will be conveyed separately | Fortune Guarantee Supreme V3 (**) - Differed income - ROP (credits will be applied with below conditions) 1. The above rates of Fortune Guarantee Supreme V3 is applicable for >= 4L annual premium 2. The above rates are applicable only for the cases login and issuance from 1st Apr'25 to 31st Mar'26. 3. The above rates will not be applicable for the cases which are login before 1st Apr'25, revised rates will be shared for the cases log in from 1st Apr'26 onwards 4. Any contest, topline booster, VLI, product booster will not be applicable for the above product",at 2nd year: 2%
314,TATA_AIA,Non-Par,Fortune Gurantee Supreme V3 & 25 Deferred Income Term - ROP (**) - Digital Discount,,10,-,0.17,0.02,,,,,,"Fresh | Note: Rates for new PPT / PT & Products will be conveyed separately | Fortune Guarantee Supreme V3 (**) - Differed income - ROP (credits will be applied with below conditions) 1. The above rates of Fortune Guarantee Supreme V3 is applicable for >= 4L annual premium 2. The above rates are applicable only for the cases login and issuance from 1st Apr'25 to 31st Mar'26. 3. The above rates will not be applicable for the cases which are login before 1st Apr'25, revised rates will be shared for the cases log in from 1st Apr'26 onwards 4. Any contest, topline booster, VLI, product booster will not be applicable for the above product",at 2nd year: 2%
315,TATA_AIA,Non-Par,Fortune Gurantee Supreme V3 & 30 Deferred Income Term - ROP (**) - Digital Discount,,10,-,0.17,0.02,,,,,,"Fresh | Note: Rates for new PPT / PT & Products will be conveyed separately | Fortune Guarantee Supreme V3 (**) - Differed income - ROP (credits will be applied with below conditions) 1. The above rates of Fortune Guarantee Supreme V3 is applicable for >= 4L annual premium 2. The above rates are applicable only for the cases login and issuance from 1st Apr'25 to 31st Mar'26. 3. The above rates will not be applicable for the cases which are login before 1st Apr'25, revised rates will be shared for the cases log in from 1st Apr'26 onwards 4. Any contest, topline booster, VLI, product booster will not be applicable for the above product",at 2nd year: 2%
316,TATA_AIA,Non-Par,Fortune Gurantee Supreme V3 & 35 Deferred Income Term - ROP (**) - Digital Discount,,10,-,0.17,0.02,,,,,,"Fresh | Note: Rates for new PPT / PT & Products will be conveyed separately | Fortune Guarantee Supreme V3 (**) - Differed income - ROP (credits will be applied with below conditions) 1. The above rates of Fortune Guarantee Supreme V3 is applicable for >= 4L annual premium 2. The above rates are applicable only for the cases login and issuance from 1st Apr'25 to 31st Mar'26. 3. The above rates will not be applicable for the cases which are login before 1st Apr'25, revised rates will be shared for the cases log in from 1st Apr'26 onwards 4. Any contest, topline booster, VLI, product booster will not be applicable for the above product",at 2nd year: 2%
317,TATA_AIA,Non-Par,Fortune Gurantee Supreme V3 & 15-35 Deferred Income Term - ROP (**) - Digital Discount,,12,-,0.18,0.02,,,,,,"Fresh | Note: Rates for new PPT / PT & Products will be conveyed separately | Fortune Guarantee Supreme V3 (**) - Differed income - ROP (credits will be applied with below conditions) 1. The above rates of Fortune Guarantee Supreme V3 is applicable for >= 4L annual premium 2. The above rates are applicable only for the cases login and issuance from 1st Apr'25 to 31st Mar'26. 3. The above rates will not be applicable for the cases which are login before 1st Apr'25, revised rates will be shared for the cases log in from 1st Apr'26 onwards 4. Any contest, topline booster, VLI, product booster will not be applicable for the above product",at 2nd year: 2%
318,TATA_AIA,Non-Par,Fortune Gurantee Supreme V4 & ALL PT Deferred Income Term - NROP - Offline,,6,-,0.2,0.02,,,,,,"Fresh | Note: Rates for new PPT / PT & Products will be conveyed separately | Fortune Guarantee Supreme V3 (**) - Differed income - ROP (credits will be applied with below conditions) 1. The above rates of Fortune Guarantee Supreme V3 is applicable for >= 4L annual premium 2. The above rates are applicable only for the cases login and issuance from 1st Apr'25 to 31st Mar'26. 3. The above rates will not be applicable for the cases which are login before 1st Apr'25, revised rates will be shared for the cases log in from 1st Apr'26 onwards 4. Any contest, topline booster, VLI, product booster will not be applicable for the above product",at 2nd year: 2%
319,TATA_AIA,Non-Par,Fortune Gurantee Supreme V4 & ALL PT Deferred Income Term - NROP - Offline,,7,-,0.2,0.02,,,,,,"Fresh | Note: Rates for new PPT / PT & Products will be conveyed separately | Fortune Guarantee Supreme V3 (**) - Differed income - ROP (credits will be applied with below conditions) 1. The above rates of Fortune Guarantee Supreme V3 is applicable for >= 4L annual premium 2. The above rates are applicable only for the cases login and issuance from 1st Apr'25 to 31st Mar'26. 3. The above rates will not be applicable for the cases which are login before 1st Apr'25, revised rates will be shared for the cases log in from 1st Apr'26 onwards 4. Any contest, topline booster, VLI, product booster will not be applicable for the above product",at 2nd year: 2%
320,TATA_AIA,Non-Par,Fortune Gurantee Supreme V4 & ALL PT Deferred Income Term - NROP - Offline,,8,-,0.22,0.025,,,,,,"Fresh | Note: Rates for new PPT / PT & Products will be conveyed separately | Fortune Guarantee Supreme V3 (**) - Differed income - ROP (credits will be applied with below conditions) 1. The above rates of Fortune Guarantee Supreme V3 is applicable for >= 4L annual premium 2. The above rates are applicable only for the cases login and issuance from 1st Apr'25 to 31st Mar'26. 3. The above rates will not be applicable for the cases which are login before 1st Apr'25, revised rates will be shared for the cases log in from 1st Apr'26 onwards 4. Any contest, topline booster, VLI, product booster will not be applicable for the above product",at 2nd year: 2.5%
321,TATA_AIA,Non-Par,Fortune Gurantee Supreme V4 & 25 Deferred Income Term - NROP - Offline,,10,-,0.235,0.025,,,,,,"Fresh | Note: Rates for new PPT / PT & Products will be conveyed separately | Fortune Guarantee Supreme V3 (**) - Differed income - ROP (credits will be applied with below conditions) 1. The above rates of Fortune Guarantee Supreme V3 is applicable for >= 4L annual premium 2. The above rates are applicable only for the cases login and issuance from 1st Apr'25 to 31st Mar'26. 3. The above rates will not be applicable for the cases which are login before 1st Apr'25, revised rates will be shared for the cases log in from 1st Apr'26 onwards 4. Any contest, topline booster, VLI, product booster will not be applicable for the above product",at 2nd year: 2.5%
322,TATA_AIA,Non-Par,Fortune Gurantee Supreme V4 & 26=> Deferred Income Term - NROP - Offline,,10,-,0.235,0.025,,,,,,"Fresh | Note: Rates for new PPT / PT & Products will be conveyed separately | Fortune Guarantee Supreme V3 (**) - Differed income - ROP (credits will be applied with below conditions) 1. The above rates of Fortune Guarantee Supreme V3 is applicable for >= 4L annual premium 2. The above rates are applicable only for the cases login and issuance from 1st Apr'25 to 31st Mar'26. 3. The above rates will not be applicable for the cases which are login before 1st Apr'25, revised rates will be shared for the cases log in from 1st Apr'26 onwards 4. Any contest, topline booster, VLI, product booster will not be applicable for the above product",at 2nd year: 2.5%
323,TATA_AIA,Non-Par,Fortune Gurantee Supreme V4 & ALL PT Deferred Income Term - NROP - Offline,,12,-,0.25,0.03,,,,,,"Fresh | Note: Rates for new PPT / PT & Products will be conveyed separately | Fortune Guarantee Supreme V3 (**) - Differed income - ROP (credits will be applied with below conditions) 1. The above rates of Fortune Guarantee Supreme V3 is applicable for >= 4L annual premium 2. The above rates are applicable only for the cases login and issuance from 1st Apr'25 to 31st Mar'26. 3. The above rates will not be applicable for the cases which are login before 1st Apr'25, revised rates will be shared for the cases log in from 1st Apr'26 onwards 4. Any contest, topline booster, VLI, product booster will not be applicable for the above product",at 2nd year: 3%
324,TATA_AIA,Non-Par,Fortune Gurantee Supreme V4 & ALL PT Deferred Income Term - NROP - Digital Discount,,6,-,0.165,0.02,,,,,,"Fresh | Note: Rates for new PPT / PT & Products will be conveyed separately | Fortune Guarantee Supreme V3 (**) - Differed income - ROP (credits will be applied with below conditions) 1. The above rates of Fortune Guarantee Supreme V3 is applicable for >= 4L annual premium 2. The above rates are applicable only for the cases login and issuance from 1st Apr'25 to 31st Mar'26. 3. The above rates will not be applicable for the cases which are login before 1st Apr'25, revised rates will be shared for the cases log in from 1st Apr'26 onwards 4. Any contest, topline booster, VLI, product booster will not be applicable for the above product",at 2nd year: 2%
325,TATA_AIA,Non-Par,Fortune Gurantee Supreme V4 & ALL PT Deferred Income Term - NROP - Digital Discount,,7,-,0.16,0.02,,,,,,"Fresh | Note: Rates for new PPT / PT & Products will be conveyed separately | Fortune Guarantee Supreme V3 (**) - Differed income - ROP (credits will be applied with below conditions) 1. The above rates of Fortune Guarantee Supreme V3 is applicable for >= 4L annual premium 2. The above rates are applicable only for the cases login and issuance from 1st Apr'25 to 31st Mar'26. 3. The above rates will not be applicable for the cases which are login before 1st Apr'25, revised rates will be shared for the cases log in from 1st Apr'26 onwards 4. Any contest, topline booster, VLI, product booster will not be applicable for the above product",at 2nd year: 2%
326,TATA_AIA,Non-Par,Fortune Gurantee Supreme V4 & ALL PT Deferred Income Term - NROP - Digital Discount,,8,-,0.17,0.02,,,,,,"Fresh | Note: Rates for new PPT / PT & Products will be conveyed separately | Fortune Guarantee Supreme V3 (**) - Differed income - ROP (credits will be applied with below conditions) 1. The above rates of Fortune Guarantee Supreme V3 is applicable for >= 4L annual premium 2. The above rates are applicable only for the cases login and issuance from 1st Apr'25 to 31st Mar'26. 3. The above rates will not be applicable for the cases which are login before 1st Apr'25, revised rates will be shared for the cases log in from 1st Apr'26 onwards 4. Any contest, topline booster, VLI, product booster will not be applicable for the above product",at 2nd year: 2%
327,TATA_AIA,Non-Par,Fortune Gurantee Supreme V4 & 25 Deferred Income Term - NROP - Digital Discount,,10,-,0.17,0.02,,,,,,"Fresh | Note: Rates for new PPT / PT & Products will be conveyed separately | Fortune Guarantee Supreme V3 (**) - Differed income - ROP (credits will be applied with below conditions) 1. The above rates of Fortune Guarantee Supreme V3 is applicable for >= 4L annual premium 2. The above rates are applicable only for the cases login and issuance from 1st Apr'25 to 31st Mar'26. 3. The above rates will not be applicable for the cases which are login before 1st Apr'25, revised rates will be shared for the cases log in from 1st Apr'26 onwards 4. Any contest, topline booster, VLI, product booster will not be applicable for the above product",at 2nd year: 2%
328,TATA_AIA,Non-Par,Fortune Gurantee Supreme V4 & 26=> Deferred Income Term - NROP - Digital Discount,,10,-,0.17,0.02,,,,,,"Fresh | Note: Rates for new PPT / PT & Products will be conveyed separately | Fortune Guarantee Supreme V3 (**) - Differed income - ROP (credits will be applied with below conditions) 1. The above rates of Fortune Guarantee Supreme V3 is applicable for >= 4L annual premium 2. The above rates are applicable only for the cases login and issuance from 1st Apr'25 to 31st Mar'26. 3. The above rates will not be applicable for the cases which are login before 1st Apr'25, revised rates will be shared for the cases log in from 1st Apr'26 onwards 4. Any contest, topline booster, VLI, product booster will not be applicable for the above product",at 2nd year: 2%
329,TATA_AIA,Non-Par,Fortune Gurantee Supreme V4 & ALL PT Deferred Income Term - NROP - Digital Discount,,12,-,0.18,0.02,,,,,,"Fresh | Note: Rates for new PPT / PT & Products will be conveyed separately | Fortune Guarantee Supreme V3 (**) - Differed income - ROP (credits will be applied with below conditions) 1. The above rates of Fortune Guarantee Supreme V3 is applicable for >= 4L annual premium 2. The above rates are applicable only for the cases login and issuance from 1st Apr'25 to 31st Mar'26. 3. The above rates will not be applicable for the cases which are login before 1st Apr'25, revised rates will be shared for the cases log in from 1st Apr'26 onwards 4. Any contest, topline booster, VLI, product booster will not be applicable for the above product",at 2nd year: 2%
330,TATA_AIA,Non-Par,Fortune Guarantee Retirement Ready - Offline,,5,-,0.27,0.03,,,,,,"Fresh | Note: Rates for new PPT / PT & Products will be conveyed separately | Fortune Guarantee Supreme V3 (**) - Differed income - ROP (credits will be applied with below conditions) 1. The above rates of Fortune Guarantee Supreme V3 is applicable for >= 4L annual premium 2. The above rates are applicable only for the cases login and issuance from 1st Apr'25 to 31st Mar'26. 3. The above rates will not be applicable for the cases which are login before 1st Apr'25, revised rates will be shared for the cases log in from 1st Apr'26 onwards 4. Any contest, topline booster, VLI, product booster will not be applicable for the above product",at 2nd year: 3%
331,TATA_AIA,Non-Par,Fortune Guarantee Retirement Ready - Offline,,6,-,0.33,0.04,,,,,,"Fresh | Note: Rates for new PPT / PT & Products will be conveyed separately | Fortune Guarantee Supreme V3 (**) - Differed income - ROP (credits will be applied with below conditions) 1. The above rates of Fortune Guarantee Supreme V3 is applicable for >= 4L annual premium 2. The above rates are applicable only for the cases login and issuance from 1st Apr'25 to 31st Mar'26. 3. The above rates will not be applicable for the cases which are login before 1st Apr'25, revised rates will be shared for the cases log in from 1st Apr'26 onwards 4. Any contest, topline booster, VLI, product booster will not be applicable for the above product",at 2nd year: 4%
332,TATA_AIA,Non-Par,Fortune Guarantee Retirement Ready - Offline,,7,-,0.35,0.04,,,,,,"Fresh | Note: Rates for new PPT / PT & Products will be conveyed separately | Fortune Guarantee Supreme V3 (**) - Differed income - ROP (credits will be applied with below conditions) 1. The above rates of Fortune Guarantee Supreme V3 is applicable for >= 4L annual premium 2. The above rates are applicable only for the cases login and issuance from 1st Apr'25 to 31st Mar'26. 3. The above rates will not be applicable for the cases which are login before 1st Apr'25, revised rates will be shared for the cases log in from 1st Apr'26 onwards 4. Any contest, topline booster, VLI, product booster will not be applicable for the above product",at 2nd year: 4%
333,TATA_AIA,Non-Par,Fortune Guarantee Retirement Ready - Offline,,8,-,0.36,0.04,,,,,,"Fresh | Note: Rates for new PPT / PT & Products will be conveyed separately | Fortune Guarantee Supreme V3 (**) - Differed income - ROP (credits will be applied with below conditions) 1. The above rates of Fortune Guarantee Supreme V3 is applicable for >= 4L annual premium 2. The above rates are applicable only for the cases login and issuance from 1st Apr'25 to 31st Mar'26. 3. The above rates will not be applicable for the cases which are login before 1st Apr'25, revised rates will be shared for the cases log in from 1st Apr'26 onwards 4. Any contest, topline booster, VLI, product booster will not be applicable for the above product",at 2nd year: 4%
334,TATA_AIA,Non-Par,Fortune Guarantee Retirement Ready - Offline,,9,-,0.36,0.04,,,,,,"Fresh | Note: Rates for new PPT / PT & Products will be conveyed separately | Fortune Guarantee Supreme V3 (**) - Differed income - ROP (credits will be applied with below conditions) 1. The above rates of Fortune Guarantee Supreme V3 is applicable for >= 4L annual premium 2. The above rates are applicable only for the cases login and issuance from 1st Apr'25 to 31st Mar'26. 3. The above rates will not be applicable for the cases which are login before 1st Apr'25, revised rates will be shared for the cases log in from 1st Apr'26 onwards 4. Any contest, topline booster, VLI, product booster will not be applicable for the above product",at 2nd year: 4%
335,TATA_AIA,Non-Par,Fortune Guarantee Retirement Ready - Offline,,10,-,0.36,0.04,,,,,,"Fresh | Note: Rates for new PPT / PT & Products will be conveyed separately | Fortune Guarantee Supreme V3 (**) - Differed income - ROP (credits will be applied with below conditions) 1. The above rates of Fortune Guarantee Supreme V3 is applicable for >= 4L annual premium 2. The above rates are applicable only for the cases login and issuance from 1st Apr'25 to 31st Mar'26. 3. The above rates will not be applicable for the cases which are login before 1st Apr'25, revised rates will be shared for the cases log in from 1st Apr'26 onwards 4. Any contest, topline booster, VLI, product booster will not be applicable for the above product",at 2nd year: 4%
336,TATA_AIA,Non-Par,Fortune Guarantee Retirement Ready - Offline,,11,-,0.36,0.04,,,,,,"Fresh | Note: Rates for new PPT / PT & Products will be conveyed separately | Fortune Guarantee Supreme V3 (**) - Differed income - ROP (credits will be applied with below conditions) 1. The above rates of Fortune Guarantee Supreme V3 is applicable for >= 4L annual premium 2. The above rates are applicable only for the cases login and issuance from 1st Apr'25 to 31st Mar'26. 3. The above rates will not be applicable for the cases which are login before 1st Apr'25, revised rates will be shared for the cases log in from 1st Apr'26 onwards 4. Any contest, topline booster, VLI, product booster will not be applicable for the above product",at 2nd year: 4%
337,TATA_AIA,Non-Par,Fortune Guarantee Retirement Ready - Offline,,12,-,0.36,0.04,,,,,,"Fresh | Note: Rates for new PPT / PT & Products will be conveyed separately | Fortune Guarantee Supreme V3 (**) - Differed income - ROP (credits will be applied with below conditions) 1. The above rates of Fortune Guarantee Supreme V3 is applicable for >= 4L annual premium 2. The above rates are applicable only for the cases login and issuance from 1st Apr'25 to 31st Mar'26. 3. The above rates will not be applicable for the cases which are login before 1st Apr'25, revised rates will be shared for the cases log in from 1st Apr'26 onwards 4. Any contest, topline booster, VLI, product booster will not be applicable for the above product",at 2nd year: 4%
338,TATA_AIA,Non-Par,Fortune Guarantee Retirement Ready Single Pay - Offline,,-,-,0.00075,0.0,,,,,,"Fresh | Note: Rates for new PPT / PT & Products will be conveyed separately | Fortune Guarantee Supreme V3 (**) - Differed income - ROP (credits will be applied with below conditions) 1. The above rates of Fortune Guarantee Supreme V3 is applicable for >= 4L annual premium 2. The above rates are applicable only for the cases login and issuance from 1st Apr'25 to 31st Mar'26. 3. The above rates will not be applicable for the cases which are login before 1st Apr'25, revised rates will be shared for the cases log in from 1st Apr'26 onwards 4. Any contest, topline booster, VLI, product booster will not be applicable for the above product",at 2nd year: 0%
339,TATA_AIA,Non-Par,Fortune Guarantee Retirement Ready - Digital Discount,,5,-,0.235,0.025,,,,,,"Fresh | Note: Rates for new PPT / PT & Products will be conveyed separately | Fortune Guarantee Supreme V3 (**) - Differed income - ROP (credits will be applied with below conditions) 1. The above rates of Fortune Guarantee Supreme V3 is applicable for >= 4L annual premium 2. The above rates are applicable only for the cases login and issuance from 1st Apr'25 to 31st Mar'26. 3. The above rates will not be applicable for the cases which are login before 1st Apr'25, revised rates will be shared for the cases log in from 1st Apr'26 onwards 4. Any contest, topline booster, VLI, product booster will not be applicable for the above product",at 2nd year: 2.5%
340,TATA_AIA,Non-Par,Fortune Guarantee Retirement Ready - Digital Discount,,6,-,0.235,0.025,,,,,,"Fresh | Note: Rates for new PPT / PT & Products will be conveyed separately | Fortune Guarantee Supreme V3 (**) - Differed income - ROP (credits will be applied with below conditions) 1. The above rates of Fortune Guarantee Supreme V3 is applicable for >= 4L annual premium 2. The above rates are applicable only for the cases login and issuance from 1st Apr'25 to 31st Mar'26. 3. The above rates will not be applicable for the cases which are login before 1st Apr'25, revised rates will be shared for the cases log in from 1st Apr'26 onwards 4. Any contest, topline booster, VLI, product booster will not be applicable for the above product",at 2nd year: 2.5%
341,TATA_AIA,Non-Par,Fortune Guarantee Retirement Ready - Digital Discount,,7,-,0.255,0.03,,,,,,"Fresh | Note: Rates for new PPT / PT & Products will be conveyed separately | Fortune Guarantee Supreme V3 (**) - Differed income - ROP (credits will be applied with below conditions) 1. The above rates of Fortune Guarantee Supreme V3 is applicable for >= 4L annual premium 2. The above rates are applicable only for the cases login and issuance from 1st Apr'25 to 31st Mar'26. 3. The above rates will not be applicable for the cases which are login before 1st Apr'25, revised rates will be shared for the cases log in from 1st Apr'26 onwards 4. Any contest, topline booster, VLI, product booster will not be applicable for the above product",at 2nd year: 3%
342,TATA_AIA,Non-Par,Fortune Guarantee Retirement Ready - Digital Discount,,8,-,0.27,0.03,,,,,,"Fresh | Note: Rates for new PPT / PT & Products will be conveyed separately | Fortune Guarantee Supreme V3 (**) - Differed income - ROP (credits will be applied with below conditions) 1. The above rates of Fortune Guarantee Supreme V3 is applicable for >= 4L annual premium 2. The above rates are applicable only for the cases login and issuance from 1st Apr'25 to 31st Mar'26. 3. The above rates will not be applicable for the cases which are login before 1st Apr'25, revised rates will be shared for the cases log in from 1st Apr'26 onwards 4. Any contest, topline booster, VLI, product booster will not be applicable for the above product",at 2nd year: 3%
343,TATA_AIA,Non-Par,Fortune Guarantee Retirement Ready - Digital Discount,,9,-,0.275,0.03,,,,,,"Fresh | Note: Rates for new PPT / PT & Products will be conveyed separately | Fortune Guarantee Supreme V3 (**) - Differed income - ROP (credits will be applied with below conditions) 1. The above rates of Fortune Guarantee Supreme V3 is applicable for >= 4L annual premium 2. The above rates are applicable only for the cases login and issuance from 1st Apr'25 to 31st Mar'26. 3. The above rates will not be applicable for the cases which are login before 1st Apr'25, revised rates will be shared for the cases log in from 1st Apr'26 onwards 4. Any contest, topline booster, VLI, product booster will not be applicable for the above product",at 2nd year: 3%
344,TATA_AIA,Non-Par,Fortune Guarantee Retirement Ready - Digital Discount,,10,-,0.285,0.03,,,,,,"Fresh | Note: Rates for new PPT / PT & Products will be conveyed separately | Fortune Guarantee Supreme V3 (**) - Differed income - ROP (credits will be applied with below conditions) 1. The above rates of Fortune Guarantee Supreme V3 is applicable for >= 4L annual premium 2. The above rates are applicable only for the cases login and issuance from 1st Apr'25 to 31st Mar'26. 3. The above rates will not be applicable for the cases which are login before 1st Apr'25, revised rates will be shared for the cases log in from 1st Apr'26 onwards 4. Any contest, topline booster, VLI, product booster will not be applicable for the above product",at 2nd year: 3%
345,TATA_AIA,Non-Par,Fortune Guarantee Retirement Ready - Digital Discount,,11,-,0.285,0.03,,,,,,"Fresh | Note: Rates for new PPT / PT & Products will be conveyed separately | Fortune Guarantee Supreme V3 (**) - Differed income - ROP (credits will be applied with below conditions) 1. The above rates of Fortune Guarantee Supreme V3 is applicable for >= 4L annual premium 2. The above rates are applicable only for the cases login and issuance from 1st Apr'25 to 31st Mar'26. 3. The above rates will not be applicable for the cases which are login before 1st Apr'25, revised rates will be shared for the cases log in from 1st Apr'26 onwards 4. Any contest, topline booster, VLI, product booster will not be applicable for the above product",at 2nd year: 3%
346,TATA_AIA,Non-Par,Fortune Guarantee Retirement Ready - Digital Discount,,12,-,0.3,0.035,,,,,,"Fresh | Note: Rates for new PPT / PT & Products will be conveyed separately | Fortune Guarantee Supreme V3 (**) - Differed income - ROP (credits will be applied with below conditions) 1. The above rates of Fortune Guarantee Supreme V3 is applicable for >= 4L annual premium 2. The above rates are applicable only for the cases login and issuance from 1st Apr'25 to 31st Mar'26. 3. The above rates will not be applicable for the cases which are login before 1st Apr'25, revised rates will be shared for the cases log in from 1st Apr'26 onwards 4. Any contest, topline booster, VLI, product booster will not be applicable for the above product",at 2nd year: 3.5%
347,TATA_AIA,Non-Par,Guaranteed Return Insurance Plan5/End Option 1,,15,-,0.2,0.02,,,,,,"Fresh | Note: Rates for new PPT / PT & Products will be conveyed separately | Fortune Guarantee Supreme V3 (**) - Differed income - ROP (credits will be applied with below conditions) 1. The above rates of Fortune Guarantee Supreme V3 is applicable for >= 4L annual premium 2. The above rates are applicable only for the cases login and issuance from 1st Apr'25 to 31st Mar'26. 3. The above rates will not be applicable for the cases which are login before 1st Apr'25, revised rates will be shared for the cases log in from 1st Apr'26 onwards 4. Any contest, topline booster, VLI, product booster will not be applicable for the above product",at 2nd year: 2%
348,TATA_AIA,Non-Par,Guaranteed Return Insurance Plan5/End Option 1,,10 -14,-,0.235,0.025,,,,,,"Fresh | Note: Rates for new PPT / PT & Products will be conveyed separately | Fortune Guarantee Supreme V3 (**) - Differed income - ROP (credits will be applied with below conditions) 1. The above rates of Fortune Guarantee Supreme V3 is applicable for >= 4L annual premium 2. The above rates are applicable only for the cases login and issuance from 1st Apr'25 to 31st Mar'26. 3. The above rates will not be applicable for the cases which are login before 1st Apr'25, revised rates will be shared for the cases log in from 1st Apr'26 onwards 4. Any contest, topline booster, VLI, product booster will not be applicable for the above product",at 2nd year: 2.5%
349,TATA_AIA,Non-Par,Guaranteed Return Insurance Plan5/End Option 1,,17+,-,0.27,0.03,,,,,,"Fresh | Note: Rates for new PPT / PT & Products will be conveyed separately | Fortune Guarantee Supreme V3 (**) - Differed income - ROP (credits will be applied with below conditions) 1. The above rates of Fortune Guarantee Supreme V3 is applicable for >= 4L annual premium 2. The above rates are applicable only for the cases login and issuance from 1st Apr'25 to 31st Mar'26. 3. The above rates will not be applicable for the cases which are login before 1st Apr'25, revised rates will be shared for the cases log in from 1st Apr'26 onwards 4. Any contest, topline booster, VLI, product booster will not be applicable for the above product",at 2nd year: 3%
350,TATA_AIA,Non-Par,Guaranteed Return Insurance Plan 10 End - LP,,6,-,0.235,0.025,,,,,,"Fresh | Note: Rates for new PPT / PT & Products will be conveyed separately | Fortune Guarantee Supreme V3 (**) - Differed income - ROP (credits will be applied with below conditions) 1. The above rates of Fortune Guarantee Supreme V3 is applicable for >= 4L annual premium 2. The above rates are applicable only for the cases login and issuance from 1st Apr'25 to 31st Mar'26. 3. The above rates will not be applicable for the cases which are login before 1st Apr'25, revised rates will be shared for the cases log in from 1st Apr'26 onwards 4. Any contest, topline booster, VLI, product booster will not be applicable for the above product",at 2nd year: 2.5%
351,TATA_AIA,Non-Par,Guaranteed Return Insurance Plan 11 TO 14 End,,6,-,0.27,0.03,,,,,,"Fresh | Note: Rates for new PPT / PT & Products will be conveyed separately | Fortune Guarantee Supreme V3 (**) - Differed income - ROP (credits will be applied with below conditions) 1. The above rates of Fortune Guarantee Supreme V3 is applicable for >= 4L annual premium 2. The above rates are applicable only for the cases login and issuance from 1st Apr'25 to 31st Mar'26. 3. The above rates will not be applicable for the cases which are login before 1st Apr'25, revised rates will be shared for the cases log in from 1st Apr'26 onwards 4. Any contest, topline booster, VLI, product booster will not be applicable for the above product",at 2nd year: 3%
352,TATA_AIA,Non-Par,Guaranteed Return Insurance Plan 15 TO 16 End,,6,-,0.3,0.035,,,,,,"Fresh | Note: Rates for new PPT / PT & Products will be conveyed separately | Fortune Guarantee Supreme V3 (**) - Differed income - ROP (credits will be applied with below conditions) 1. The above rates of Fortune Guarantee Supreme V3 is applicable for >= 4L annual premium 2. The above rates are applicable only for the cases login and issuance from 1st Apr'25 to 31st Mar'26. 3. The above rates will not be applicable for the cases which are login before 1st Apr'25, revised rates will be shared for the cases log in from 1st Apr'26 onwards 4. Any contest, topline booster, VLI, product booster will not be applicable for the above product",at 2nd year: 3.5%
353,TATA_AIA,Non-Par,Guaranteed Return Insurance Plan 17 End,,6,-,0.3,0.035,,,,,,"Fresh | Note: Rates for new PPT / PT & Products will be conveyed separately | Fortune Guarantee Supreme V3 (**) - Differed income - ROP (credits will be applied with below conditions) 1. The above rates of Fortune Guarantee Supreme V3 is applicable for >= 4L annual premium 2. The above rates are applicable only for the cases login and issuance from 1st Apr'25 to 31st Mar'26. 3. The above rates will not be applicable for the cases which are login before 1st Apr'25, revised rates will be shared for the cases log in from 1st Apr'26 onwards 4. Any contest, topline booster, VLI, product booster will not be applicable for the above product",at 2nd year: 3.5%
354,TATA_AIA,Non-Par,Guaranteed Return Insurance Plan 18+ End,,6,-,0.3,0.035,,,,,,"Fresh | Note: Rates for new PPT / PT & Products will be conveyed separately | Fortune Guarantee Supreme V3 (**) - Differed income - ROP (credits will be applied with below conditions) 1. The above rates of Fortune Guarantee Supreme V3 is applicable for >= 4L annual premium 2. The above rates are applicable only for the cases login and issuance from 1st Apr'25 to 31st Mar'26. 3. The above rates will not be applicable for the cases which are login before 1st Apr'25, revised rates will be shared for the cases log in from 1st Apr'26 onwards 4. Any contest, topline booster, VLI, product booster will not be applicable for the above product",at 2nd year: 3.5%
355,TATA_AIA,Non-Par,Guaranteed Return Insurance Plan End - 20 Year & above policy term,,7,-,0.3,0.035,,,,,,"Fresh | Note: Rates for new PPT / PT & Products will be conveyed separately | Fortune Guarantee Supreme V3 (**) - Differed income - ROP (credits will be applied with below conditions) 1. The above rates of Fortune Guarantee Supreme V3 is applicable for >= 4L annual premium 2. The above rates are applicable only for the cases login and issuance from 1st Apr'25 to 31st Mar'26. 3. The above rates will not be applicable for the cases which are login before 1st Apr'25, revised rates will be shared for the cases log in from 1st Apr'26 onwards 4. Any contest, topline booster, VLI, product booster will not be applicable for the above product",at 2nd year: 3.5%
356,TATA_AIA,Non-Par,Guaranteed Return Insurance Plan End - 20 Year & above policy term,,8,-,0.3,0.035,,,,,,"Fresh | Note: Rates for new PPT / PT & Products will be conveyed separately | Fortune Guarantee Supreme V3 (**) - Differed income - ROP (credits will be applied with below conditions) 1. The above rates of Fortune Guarantee Supreme V3 is applicable for >= 4L annual premium 2. The above rates are applicable only for the cases login and issuance from 1st Apr'25 to 31st Mar'26. 3. The above rates will not be applicable for the cases which are login before 1st Apr'25, revised rates will be shared for the cases log in from 1st Apr'26 onwards 4. Any contest, topline booster, VLI, product booster will not be applicable for the above product",at 2nd year: 3.5%
357,TATA_AIA,Non-Par,Guaranteed Return Insurance Plan End - 20 Year & above policy term,,9,-,0.3,0.035,,,,,,"Fresh | Note: Rates for new PPT / PT & Products will be conveyed separately | Fortune Guarantee Supreme V3 (**) - Differed income - ROP (credits will be applied with below conditions) 1. The above rates of Fortune Guarantee Supreme V3 is applicable for >= 4L annual premium 2. The above rates are applicable only for the cases login and issuance from 1st Apr'25 to 31st Mar'26. 3. The above rates will not be applicable for the cases which are login before 1st Apr'25, revised rates will be shared for the cases log in from 1st Apr'26 onwards 4. Any contest, topline booster, VLI, product booster will not be applicable for the above product",at 2nd year: 3.5%
358,TATA_AIA,Non-Par,Guaranteed Return Insurance Plan & above End - 20 Year & above policy term,,10,-,0.3,0.035,,,,,,"Fresh | Note: Rates for new PPT / PT & Products will be conveyed separately | Fortune Guarantee Supreme V3 (**) - Differed income - ROP (credits will be applied with below conditions) 1. The above rates of Fortune Guarantee Supreme V3 is applicable for >= 4L annual premium 2. The above rates are applicable only for the cases login and issuance from 1st Apr'25 to 31st Mar'26. 3. The above rates will not be applicable for the cases which are login before 1st Apr'25, revised rates will be shared for the cases log in from 1st Apr'26 onwards 4. Any contest, topline booster, VLI, product booster will not be applicable for the above product",at 2nd year: 3.5%
359,TATA_AIA,Non-Par,Guaranteed Return Insurance Plan End - <=19 Year Policy Term,,7,-,0.3,0.035,,,,,,"Fresh | Note: Rates for new PPT / PT & Products will be conveyed separately | Fortune Guarantee Supreme V3 (**) - Differed income - ROP (credits will be applied with below conditions) 1. The above rates of Fortune Guarantee Supreme V3 is applicable for >= 4L annual premium 2. The above rates are applicable only for the cases login and issuance from 1st Apr'25 to 31st Mar'26. 3. The above rates will not be applicable for the cases which are login before 1st Apr'25, revised rates will be shared for the cases log in from 1st Apr'26 onwards 4. Any contest, topline booster, VLI, product booster will not be applicable for the above product",at 2nd year: 3.5%
360,TATA_AIA,Non-Par,Guaranteed Return Insurance Plan End - <=19 Year Policy Term,,8,-,0.3,0.035,,,,,,"Fresh | Note: Rates for new PPT / PT & Products will be conveyed separately | Fortune Guarantee Supreme V3 (**) - Differed income - ROP (credits will be applied with below conditions) 1. The above rates of Fortune Guarantee Supreme V3 is applicable for >= 4L annual premium 2. The above rates are applicable only for the cases login and issuance from 1st Apr'25 to 31st Mar'26. 3. The above rates will not be applicable for the cases which are login before 1st Apr'25, revised rates will be shared for the cases log in from 1st Apr'26 onwards 4. Any contest, topline booster, VLI, product booster will not be applicable for the above product",at 2nd year: 3.5%
361,TATA_AIA,Non-Par,Guaranteed Return Insurance Plan End - <=19 Year Policy Term,,9,-,0.3,0.035,,,,,,"Fresh | Note: Rates for new PPT / PT & Products will be conveyed separately | Fortune Guarantee Supreme V3 (**) - Differed income - ROP (credits will be applied with below conditions) 1. The above rates of Fortune Guarantee Supreme V3 is applicable for >= 4L annual premium 2. The above rates are applicable only for the cases login and issuance from 1st Apr'25 to 31st Mar'26. 3. The above rates will not be applicable for the cases which are login before 1st Apr'25, revised rates will be shared for the cases log in from 1st Apr'26 onwards 4. Any contest, topline booster, VLI, product booster will not be applicable for the above product",at 2nd year: 3.5%
362,TATA_AIA,Non-Par,Guaranteed Return Insurance Plan End - <=19 Year Policy Term,,10,-,0.36,0.04,,,,,,"Fresh | Note: Rates for new PPT / PT & Products will be conveyed separately | Fortune Guarantee Supreme V3 (**) - Differed income - ROP (credits will be applied with below conditions) 1. The above rates of Fortune Guarantee Supreme V3 is applicable for >= 4L annual premium 2. The above rates are applicable only for the cases login and issuance from 1st Apr'25 to 31st Mar'26. 3. The above rates will not be applicable for the cases which are login before 1st Apr'25, revised rates will be shared for the cases log in from 1st Apr'26 onwards 4. Any contest, topline booster, VLI, product booster will not be applicable for the above product",at 2nd year: 4%
363,TATA_AIA,Non-Par,Guaranteed Return Insurance Plan End - <=19 Year Policy Term,,11,-,0.36,0.04,,,,,,"Fresh | Note: Rates for new PPT / PT & Products will be conveyed separately | Fortune Guarantee Supreme V3 (**) - Differed income - ROP (credits will be applied with below conditions) 1. The above rates of Fortune Guarantee Supreme V3 is applicable for >= 4L annual premium 2. The above rates are applicable only for the cases login and issuance from 1st Apr'25 to 31st Mar'26. 3. The above rates will not be applicable for the cases which are login before 1st Apr'25, revised rates will be shared for the cases log in from 1st Apr'26 onwards 4. Any contest, topline booster, VLI, product booster will not be applicable for the above product",at 2nd year: 4%
364,TATA_AIA,Non-Par,Guaranteed Return Insurance Plan & above End - <=19 Year Policy Term,,12,-,0.36,0.04,,,,,,"Fresh | Note: Rates for new PPT / PT & Products will be conveyed separately | Fortune Guarantee Supreme V3 (**) - Differed income - ROP (credits will be applied with below conditions) 1. The above rates of Fortune Guarantee Supreme V3 is applicable for >= 4L annual premium 2. The above rates are applicable only for the cases login and issuance from 1st Apr'25 to 31st Mar'26. 3. The above rates will not be applicable for the cases which are login before 1st Apr'25, revised rates will be shared for the cases log in from 1st Apr'26 onwards 4. Any contest, topline booster, VLI, product booster will not be applicable for the above product",at 2nd year: 4%
365,TATA_AIA,Non-Par,Guaranteed Return Insurance Plan Inc Option 2,,5,-,0.235,0.025,,,,,,"Fresh | Note: Rates for new PPT / PT & Products will be conveyed separately | Fortune Guarantee Supreme V3 (**) - Differed income - ROP (credits will be applied with below conditions) 1. The above rates of Fortune Guarantee Supreme V3 is applicable for >= 4L annual premium 2. The above rates are applicable only for the cases login and issuance from 1st Apr'25 to 31st Mar'26. 3. The above rates will not be applicable for the cases which are login before 1st Apr'25, revised rates will be shared for the cases log in from 1st Apr'26 onwards 4. Any contest, topline booster, VLI, product booster will not be applicable for the above product",at 2nd year: 2.5%
366,TATA_AIA,Non-Par,Guaranteed Return Insurance Plan Inc Option 2,,6,-,0.235,0.025,,,,,,"Fresh | Note: Rates for new PPT / PT & Products will be conveyed separately | Fortune Guarantee Supreme V3 (**) - Differed income - ROP (credits will be applied with below conditions) 1. The above rates of Fortune Guarantee Supreme V3 is applicable for >= 4L annual premium 2. The above rates are applicable only for the cases login and issuance from 1st Apr'25 to 31st Mar'26. 3. The above rates will not be applicable for the cases which are login before 1st Apr'25, revised rates will be shared for the cases log in from 1st Apr'26 onwards 4. Any contest, topline booster, VLI, product booster will not be applicable for the above product",at 2nd year: 2.5%
367,TATA_AIA,Non-Par,Guaranteed Return Insurance Plan Inc Option 2,,7,-,0.235,0.025,,,,,,"Fresh | Note: Rates for new PPT / PT & Products will be conveyed separately | Fortune Guarantee Supreme V3 (**) - Differed income - ROP (credits will be applied with below conditions) 1. The above rates of Fortune Guarantee Supreme V3 is applicable for >= 4L annual premium 2. The above rates are applicable only for the cases login and issuance from 1st Apr'25 to 31st Mar'26. 3. The above rates will not be applicable for the cases which are login before 1st Apr'25, revised rates will be shared for the cases log in from 1st Apr'26 onwards 4. Any contest, topline booster, VLI, product booster will not be applicable for the above product",at 2nd year: 2.5%
368,TATA_AIA,Non-Par,Guaranteed Return Insurance Plan Inc Option 2,,8,-,0.235,0.025,,,,,,"Fresh | Note: Rates for new PPT / PT & Products will be conveyed separately | Fortune Guarantee Supreme V3 (**) - Differed income - ROP (credits will be applied with below conditions) 1. The above rates of Fortune Guarantee Supreme V3 is applicable for >= 4L annual premium 2. The above rates are applicable only for the cases login and issuance from 1st Apr'25 to 31st Mar'26. 3. The above rates will not be applicable for the cases which are login before 1st Apr'25, revised rates will be shared for the cases log in from 1st Apr'26 onwards 4. Any contest, topline booster, VLI, product booster will not be applicable for the above product",at 2nd year: 2.5%
369,TATA_AIA,Non-Par,Guaranteed Return Insurance Plan Inc Option 2,,9,-,0.235,0.025,,,,,,"Fresh | Note: Rates for new PPT / PT & Products will be conveyed separately | Fortune Guarantee Supreme V3 (**) - Differed income - ROP (credits will be applied with below conditions) 1. The above rates of Fortune Guarantee Supreme V3 is applicable for >= 4L annual premium 2. The above rates are applicable only for the cases login and issuance from 1st Apr'25 to 31st Mar'26. 3. The above rates will not be applicable for the cases which are login before 1st Apr'25, revised rates will be shared for the cases log in from 1st Apr'26 onwards 4. Any contest, topline booster, VLI, product booster will not be applicable for the above product",at 2nd year: 2.5%
370,TATA_AIA,Non-Par,Guaranteed Return Insurance Plan Inc Option 2,,10,-,0.36,0.04,,,,,,"Fresh | Note: Rates for new PPT / PT & Products will be conveyed separately | Fortune Guarantee Supreme V3 (**) - Differed income - ROP (credits will be applied with below conditions) 1. The above rates of Fortune Guarantee Supreme V3 is applicable for >= 4L annual premium 2. The above rates are applicable only for the cases login and issuance from 1st Apr'25 to 31st Mar'26. 3. The above rates will not be applicable for the cases which are login before 1st Apr'25, revised rates will be shared for the cases log in from 1st Apr'26 onwards 4. Any contest, topline booster, VLI, product booster will not be applicable for the above product",at 2nd year: 4%
371,TATA_AIA,Non-Par,Guaranteed Return Insurance Plan Inc Option 2,,12,-,0.36,0.04,,,,,,"Fresh | Note: Rates for new PPT / PT & Products will be conveyed separately | Fortune Guarantee Supreme V3 (**) - Differed income - ROP (credits will be applied with below conditions) 1. The above rates of Fortune Guarantee Supreme V3 is applicable for >= 4L annual premium 2. The above rates are applicable only for the cases login and issuance from 1st Apr'25 to 31st Mar'26. 3. The above rates will not be applicable for the cases which are login before 1st Apr'25, revised rates will be shared for the cases log in from 1st Apr'26 onwards 4. Any contest, topline booster, VLI, product booster will not be applicable for the above product",at 2nd year: 4%
372,TATA_AIA,Non-Par,Guaranteed Return Insurance Plan Whole Life,,5,-,0.27,0.03,,,,,,"Fresh | Note: Rates for new PPT / PT & Products will be conveyed separately | Fortune Guarantee Supreme V3 (**) - Differed income - ROP (credits will be applied with below conditions) 1. The above rates of Fortune Guarantee Supreme V3 is applicable for >= 4L annual premium 2. The above rates are applicable only for the cases login and issuance from 1st Apr'25 to 31st Mar'26. 3. The above rates will not be applicable for the cases which are login before 1st Apr'25, revised rates will be shared for the cases log in from 1st Apr'26 onwards 4. Any contest, topline booster, VLI, product booster will not be applicable for the above product",at 2nd year: 3%
373,TATA_AIA,Non-Par,Guaranteed Return Insurance Plan Whole Life,,6,-,0.27,0.03,,,,,,"Fresh | Note: Rates for new PPT / PT & Products will be conveyed separately | Fortune Guarantee Supreme V3 (**) - Differed income - ROP (credits will be applied with below conditions) 1. The above rates of Fortune Guarantee Supreme V3 is applicable for >= 4L annual premium 2. The above rates are applicable only for the cases login and issuance from 1st Apr'25 to 31st Mar'26. 3. The above rates will not be applicable for the cases which are login before 1st Apr'25, revised rates will be shared for the cases log in from 1st Apr'26 onwards 4. Any contest, topline booster, VLI, product booster will not be applicable for the above product",at 2nd year: 3%
374,TATA_AIA,Non-Par,Guaranteed Return Insurance Plan Whole Life,,10,-,0.36,0.04,,,,,,"Fresh | Note: Rates for new PPT / PT & Products will be conveyed separately | Fortune Guarantee Supreme V3 (**) - Differed income - ROP (credits will be applied with below conditions) 1. The above rates of Fortune Guarantee Supreme V3 is applicable for >= 4L annual premium 2. The above rates are applicable only for the cases login and issuance from 1st Apr'25 to 31st Mar'26. 3. The above rates will not be applicable for the cases which are login before 1st Apr'25, revised rates will be shared for the cases log in from 1st Apr'26 onwards 4. Any contest, topline booster, VLI, product booster will not be applicable for the above product",at 2nd year: 4%
375,TATA_AIA,Non-Par,Guaranteed Return Insurance Plan Whole Life,,12,-,0.375,0.045,,,,,,"Fresh | Note: Rates for new PPT / PT & Products will be conveyed separately | Fortune Guarantee Supreme V3 (**) - Differed income - ROP (credits will be applied with below conditions) 1. The above rates of Fortune Guarantee Supreme V3 is applicable for >= 4L annual premium 2. The above rates are applicable only for the cases login and issuance from 1st Apr'25 to 31st Mar'26. 3. The above rates will not be applicable for the cases which are login before 1st Apr'25, revised rates will be shared for the cases log in from 1st Apr'26 onwards 4. Any contest, topline booster, VLI, product booster will not be applicable for the above product",at 2nd year: 4.5%
376,TATA_AIA,Non-Par,Guaranteed Return Insurance Plan Single Pay Whole Life,,-,-,0.00075,0.0,,,,,,"Fresh | Note: Rates for new PPT / PT & Products will be conveyed separately | Fortune Guarantee Supreme V3 (**) - Differed income - ROP (credits will be applied with below conditions) 1. The above rates of Fortune Guarantee Supreme V3 is applicable for >= 4L annual premium 2. The above rates are applicable only for the cases login and issuance from 1st Apr'25 to 31st Mar'26. 3. The above rates will not be applicable for the cases which are login before 1st Apr'25, revised rates will be shared for the cases log in from 1st Apr'26 onwards 4. Any contest, topline booster, VLI, product booster will not be applicable for the above product",at 2nd year: 0%
377,TATA_AIA,Pro - Fit - NROP,Pro - Fit,,5,-,0.35,0.0,,,,,,"Fresh | Note: Rates for new PPT / PT & Products will be conveyed separately | Fortune Guarantee Supreme V3 (**) - Differed income - ROP (credits will be applied with below conditions) 1. The above rates of Fortune Guarantee Supreme V3 is applicable for >= 4L annual premium 2. The above rates are applicable only for the cases login and issuance from 1st Apr'25 to 31st Mar'26. 3. The above rates will not be applicable for the cases which are login before 1st Apr'25, revised rates will be shared for the cases log in from 1st Apr'26 onwards 4. Any contest, topline booster, VLI, product booster will not be applicable for the above product",at 2nd year: 0%
378,TATA_AIA,Pro - Fit - NROP,Pro - Fit,,6,-,0.35,0.0,,,,,,"Fresh | Note: Rates for new PPT / PT & Products will be conveyed separately | Fortune Guarantee Supreme V3 (**) - Differed income - ROP (credits will be applied with below conditions) 1. The above rates of Fortune Guarantee Supreme V3 is applicable for >= 4L annual premium 2. The above rates are applicable only for the cases login and issuance from 1st Apr'25 to 31st Mar'26. 3. The above rates will not be applicable for the cases which are login before 1st Apr'25, revised rates will be shared for the cases log in from 1st Apr'26 onwards 4. Any contest, topline booster, VLI, product booster will not be applicable for the above product",at 2nd year: 0%
379,TATA_AIA,Pro - Fit - NROP,Pro - Fit,,7,-,0.35,0.0,,,,,,"Fresh | Note: Rates for new PPT / PT & Products will be conveyed separately | Fortune Guarantee Supreme V3 (**) - Differed income - ROP (credits will be applied with below conditions) 1. The above rates of Fortune Guarantee Supreme V3 is applicable for >= 4L annual premium 2. The above rates are applicable only for the cases login and issuance from 1st Apr'25 to 31st Mar'26. 3. The above rates will not be applicable for the cases which are login before 1st Apr'25, revised rates will be shared for the cases log in from 1st Apr'26 onwards 4. Any contest, topline booster, VLI, product booster will not be applicable for the above product",at 2nd year: 0%
380,TATA_AIA,Pro - Fit - NROP,Pro - Fit,,8,-,0.35,0.0,,,,,,"Fresh | Note: Rates for new PPT / PT & Products will be conveyed separately | Fortune Guarantee Supreme V3 (**) - Differed income - ROP (credits will be applied with below conditions) 1. The above rates of Fortune Guarantee Supreme V3 is applicable for >= 4L annual premium 2. The above rates are applicable only for the cases login and issuance from 1st Apr'25 to 31st Mar'26. 3. The above rates will not be applicable for the cases which are login before 1st Apr'25, revised rates will be shared for the cases log in from 1st Apr'26 onwards 4. Any contest, topline booster, VLI, product booster will not be applicable for the above product",at 2nd year: 0%
381,TATA_AIA,Pro - Fit - NROP,Pro - Fit,,9,-,0.35,0.0,,,,,,"Fresh | Note: Rates for new PPT / PT & Products will be conveyed separately | Fortune Guarantee Supreme V3 (**) - Differed income - ROP (credits will be applied with below conditions) 1. The above rates of Fortune Guarantee Supreme V3 is applicable for >= 4L annual premium 2. The above rates are applicable only for the cases login and issuance from 1st Apr'25 to 31st Mar'26. 3. The above rates will not be applicable for the cases which are login before 1st Apr'25, revised rates will be shared for the cases log in from 1st Apr'26 onwards 4. Any contest, topline booster, VLI, product booster will not be applicable for the above product",at 2nd year: 0%
382,TATA_AIA,Pro - Fit - NROP,Pro - Fit,,10,-,0.39,0.0,,,,,,"Fresh | Note: Rates for new PPT / PT & Products will be conveyed separately | Fortune Guarantee Supreme V3 (**) - Differed income - ROP (credits will be applied with below conditions) 1. The above rates of Fortune Guarantee Supreme V3 is applicable for >= 4L annual premium 2. The above rates are applicable only for the cases login and issuance from 1st Apr'25 to 31st Mar'26. 3. The above rates will not be applicable for the cases which are login before 1st Apr'25, revised rates will be shared for the cases log in from 1st Apr'26 onwards 4. Any contest, topline booster, VLI, product booster will not be applicable for the above product",at 2nd year: 0%
383,TATA_AIA,Pro - Fit - NROP,Pro - Fit,,11,-,0.39,0.0,,,,,,"Fresh | Note: Rates for new PPT / PT & Products will be conveyed separately | Fortune Guarantee Supreme V3 (**) - Differed income - ROP (credits will be applied with below conditions) 1. The above rates of Fortune Guarantee Supreme V3 is applicable for >= 4L annual premium 2. The above rates are applicable only for the cases login and issuance from 1st Apr'25 to 31st Mar'26. 3. The above rates will not be applicable for the cases which are login before 1st Apr'25, revised rates will be shared for the cases log in from 1st Apr'26 onwards 4. Any contest, topline booster, VLI, product booster will not be applicable for the above product",at 2nd year: 0%
384,TATA_AIA,Pro - Fit - NROP,Pro - Fit & Above,,12,-,0.39,0.0,,,,,,"Fresh | Note: Rates for new PPT / PT & Products will be conveyed separately | Fortune Guarantee Supreme V3 (**) - Differed income - ROP (credits will be applied with below conditions) 1. The above rates of Fortune Guarantee Supreme V3 is applicable for >= 4L annual premium 2. The above rates are applicable only for the cases login and issuance from 1st Apr'25 to 31st Mar'26. 3. The above rates will not be applicable for the cases which are login before 1st Apr'25, revised rates will be shared for the cases log in from 1st Apr'26 onwards 4. Any contest, topline booster, VLI, product booster will not be applicable for the above product",at 2nd year: 0%
385,TATA_AIA,Pro - Fit - ROP,Pro - Fit,,5,-,0.39,0.0,,,,,,"Fresh | Note: Rates for new PPT / PT & Products will be conveyed separately | Fortune Guarantee Supreme V3 (**) - Differed income - ROP (credits will be applied with below conditions) 1. The above rates of Fortune Guarantee Supreme V3 is applicable for >= 4L annual premium 2. The above rates are applicable only for the cases login and issuance from 1st Apr'25 to 31st Mar'26. 3. The above rates will not be applicable for the cases which are login before 1st Apr'25, revised rates will be shared for the cases log in from 1st Apr'26 onwards 4. Any contest, topline booster, VLI, product booster will not be applicable for the above product",at 2nd year: 0%
386,TATA_AIA,Pro - Fit - ROP,Pro - Fit,,6,-,0.39,0.0,,,,,,"Fresh | Note: Rates for new PPT / PT & Products will be conveyed separately | Fortune Guarantee Supreme V3 (**) - Differed income - ROP (credits will be applied with below conditions) 1. The above rates of Fortune Guarantee Supreme V3 is applicable for >= 4L annual premium 2. The above rates are applicable only for the cases login and issuance from 1st Apr'25 to 31st Mar'26. 3. The above rates will not be applicable for the cases which are login before 1st Apr'25, revised rates will be shared for the cases log in from 1st Apr'26 onwards 4. Any contest, topline booster, VLI, product booster will not be applicable for the above product",at 2nd year: 0%
387,TATA_AIA,Pro - Fit - ROP,Pro - Fit,,7,-,0.39,0.0,,,,,,"Fresh | Note: Rates for new PPT / PT & Products will be conveyed separately | Fortune Guarantee Supreme V3 (**) - Differed income - ROP (credits will be applied with below conditions) 1. The above rates of Fortune Guarantee Supreme V3 is applicable for >= 4L annual premium 2. The above rates are applicable only for the cases login and issuance from 1st Apr'25 to 31st Mar'26. 3. The above rates will not be applicable for the cases which are login before 1st Apr'25, revised rates will be shared for the cases log in from 1st Apr'26 onwards 4. Any contest, topline booster, VLI, product booster will not be applicable for the above product",at 2nd year: 0%
388,TATA_AIA,Pro - Fit - ROP,Pro - Fit,,8,-,0.39,0.0,,,,,,"Fresh | Note: Rates for new PPT / PT & Products will be conveyed separately | Fortune Guarantee Supreme V3 (**) - Differed income - ROP (credits will be applied with below conditions) 1. The above rates of Fortune Guarantee Supreme V3 is applicable for >= 4L annual premium 2. The above rates are applicable only for the cases login and issuance from 1st Apr'25 to 31st Mar'26. 3. The above rates will not be applicable for the cases which are login before 1st Apr'25, revised rates will be shared for the cases log in from 1st Apr'26 onwards 4. Any contest, topline booster, VLI, product booster will not be applicable for the above product",at 2nd year: 0%
389,TATA_AIA,Pro - Fit - ROP,Pro - Fit,,9,-,0.39,0.0,,,,,,"Fresh | Note: Rates for new PPT / PT & Products will be conveyed separately | Fortune Guarantee Supreme V3 (**) - Differed income - ROP (credits will be applied with below conditions) 1. The above rates of Fortune Guarantee Supreme V3 is applicable for >= 4L annual premium 2. The above rates are applicable only for the cases login and issuance from 1st Apr'25 to 31st Mar'26. 3. The above rates will not be applicable for the cases which are login before 1st Apr'25, revised rates will be shared for the cases log in from 1st Apr'26 onwards 4. Any contest, topline booster, VLI, product booster will not be applicable for the above product",at 2nd year: 0%
390,TATA_AIA,Pro - Fit - ROP,Pro - Fit,,10,-,0.43,0.0,,,,,,"Fresh | Note: Rates for new PPT / PT & Products will be conveyed separately | Fortune Guarantee Supreme V3 (**) - Differed income - ROP (credits will be applied with below conditions) 1. The above rates of Fortune Guarantee Supreme V3 is applicable for >= 4L annual premium 2. The above rates are applicable only for the cases login and issuance from 1st Apr'25 to 31st Mar'26. 3. The above rates will not be applicable for the cases which are login before 1st Apr'25, revised rates will be shared for the cases log in from 1st Apr'26 onwards 4. Any contest, topline booster, VLI, product booster will not be applicable for the above product",at 2nd year: 0%
391,TATA_AIA,Pro - Fit - ROP,Pro - Fit,,11,-,0.43,0.0,,,,,,"Fresh | Note: Rates for new PPT / PT & Products will be conveyed separately | Fortune Guarantee Supreme V3 (**) - Differed income - ROP (credits will be applied with below conditions) 1. The above rates of Fortune Guarantee Supreme V3 is applicable for >= 4L annual premium 2. The above rates are applicable only for the cases login and issuance from 1st Apr'25 to 31st Mar'26. 3. The above rates will not be applicable for the cases which are login before 1st Apr'25, revised rates will be shared for the cases log in from 1st Apr'26 onwards 4. Any contest, topline booster, VLI, product booster will not be applicable for the above product",at 2nd year: 0%
392,TATA_AIA,Pro - Fit - ROP,Pro - Fit & Above,,12,-,0.43,0.0,,,,,,"Fresh | Note: Rates for new PPT / PT & Products will be conveyed separately | Fortune Guarantee Supreme V3 (**) - Differed income - ROP (credits will be applied with below conditions) 1. The above rates of Fortune Guarantee Supreme V3 is applicable for >= 4L annual premium 2. The above rates are applicable only for the cases login and issuance from 1st Apr'25 to 31st Mar'26. 3. The above rates will not be applicable for the cases which are login before 1st Apr'25, revised rates will be shared for the cases log in from 1st Apr'26 onwards 4. Any contest, topline booster, VLI, product booster will not be applicable for the above product",at 2nd year: 0%
393,TATA_AIA,Pro - Fit - WL,Pro - Fit,,5,-,0.43,0.0,,,,,,"Fresh | Note: Rates for new PPT / PT & Products will be conveyed separately | Fortune Guarantee Supreme V3 (**) - Differed income - ROP (credits will be applied with below conditions) 1. The above rates of Fortune Guarantee Supreme V3 is applicable for >= 4L annual premium 2. The above rates are applicable only for the cases login and issuance from 1st Apr'25 to 31st Mar'26. 3. The above rates will not be applicable for the cases which are login before 1st Apr'25, revised rates will be shared for the cases log in from 1st Apr'26 onwards 4. Any contest, topline booster, VLI, product booster will not be applicable for the above product",at 2nd year: 0%
394,TATA_AIA,Pro - Fit - WL,Pro - Fit,,6,-,0.43,0.0,,,,,,"Fresh | Note: Rates for new PPT / PT & Products will be conveyed separately | Fortune Guarantee Supreme V3 (**) - Differed income - ROP (credits will be applied with below conditions) 1. The above rates of Fortune Guarantee Supreme V3 is applicable for >= 4L annual premium 2. The above rates are applicable only for the cases login and issuance from 1st Apr'25 to 31st Mar'26. 3. The above rates will not be applicable for the cases which are login before 1st Apr'25, revised rates will be shared for the cases log in from 1st Apr'26 onwards 4. Any contest, topline booster, VLI, product booster will not be applicable for the above product",at 2nd year: 0%
395,TATA_AIA,Pro - Fit - WL,Pro - Fit,,7,-,0.43,0.0,,,,,,"Fresh | Note: Rates for new PPT / PT & Products will be conveyed separately | Fortune Guarantee Supreme V3 (**) - Differed income - ROP (credits will be applied with below conditions) 1. The above rates of Fortune Guarantee Supreme V3 is applicable for >= 4L annual premium 2. The above rates are applicable only for the cases login and issuance from 1st Apr'25 to 31st Mar'26. 3. The above rates will not be applicable for the cases which are login before 1st Apr'25, revised rates will be shared for the cases log in from 1st Apr'26 onwards 4. Any contest, topline booster, VLI, product booster will not be applicable for the above product",at 2nd year: 0%
396,TATA_AIA,Pro - Fit - WL,Pro - Fit,,8,-,0.43,0.0,,,,,,"Fresh | Note: Rates for new PPT / PT & Products will be conveyed separately | Fortune Guarantee Supreme V3 (**) - Differed income - ROP (credits will be applied with below conditions) 1. The above rates of Fortune Guarantee Supreme V3 is applicable for >= 4L annual premium 2. The above rates are applicable only for the cases login and issuance from 1st Apr'25 to 31st Mar'26. 3. The above rates will not be applicable for the cases which are login before 1st Apr'25, revised rates will be shared for the cases log in from 1st Apr'26 onwards 4. Any contest, topline booster, VLI, product booster will not be applicable for the above product",at 2nd year: 0%
397,TATA_AIA,Pro - Fit - WL,Pro - Fit,,9,-,0.43,0.0,,,,,,"Fresh | Note: Rates for new PPT / PT & Products will be conveyed separately | Fortune Guarantee Supreme V3 (**) - Differed income - ROP (credits will be applied with below conditions) 1. The above rates of Fortune Guarantee Supreme V3 is applicable for >= 4L annual premium 2. The above rates are applicable only for the cases login and issuance from 1st Apr'25 to 31st Mar'26. 3. The above rates will not be applicable for the cases which are login before 1st Apr'25, revised rates will be shared for the cases log in from 1st Apr'26 onwards 4. Any contest, topline booster, VLI, product booster will not be applicable for the above product",at 2nd year: 0%
398,TATA_AIA,Pro - Fit - WL,Pro - Fit,,10,-,0.465,0.0,,,,,,"Fresh | Note: Rates for new PPT / PT & Products will be conveyed separately | Fortune Guarantee Supreme V3 (**) - Differed income - ROP (credits will be applied with below conditions) 1. The above rates of Fortune Guarantee Supreme V3 is applicable for >= 4L annual premium 2. The above rates are applicable only for the cases login and issuance from 1st Apr'25 to 31st Mar'26. 3. The above rates will not be applicable for the cases which are login before 1st Apr'25, revised rates will be shared for the cases log in from 1st Apr'26 onwards 4. Any contest, topline booster, VLI, product booster will not be applicable for the above product",at 2nd year: 0%
399,TATA_AIA,Pro - Fit - WL,Pro - Fit,,11,-,0.465,0.0,,,,,,"Fresh | Note: Rates for new PPT / PT & Products will be conveyed separately | Fortune Guarantee Supreme V3 (**) - Differed income - ROP (credits will be applied with below conditions) 1. The above rates of Fortune Guarantee Supreme V3 is applicable for >= 4L annual premium 2. The above rates are applicable only for the cases login and issuance from 1st Apr'25 to 31st Mar'26. 3. The above rates will not be applicable for the cases which are login before 1st Apr'25, revised rates will be shared for the cases log in from 1st Apr'26 onwards 4. Any contest, topline booster, VLI, product booster will not be applicable for the above product",at 2nd year: 0%
400,TATA_AIA,Pro - Fit - WL,Pro - Fit & Above,,12,-,0.465,0.0,,,,,,"Fresh | Note: Rates for new PPT / PT & Products will be conveyed separately | Fortune Guarantee Supreme V3 (**) - Differed income - ROP (credits will be applied with below conditions) 1. The above rates of Fortune Guarantee Supreme V3 is applicable for >= 4L annual premium 2. The above rates are applicable only for the cases login and issuance from 1st Apr'25 to 31st Mar'26. 3. The above rates will not be applicable for the cases which are login before 1st Apr'25, revised rates will be shared for the cases log in from 1st Apr'26 onwards 4. Any contest, topline booster, VLI, product booster will not be applicable for the above product",at 2nd year: 0%
401,TATA_AIA,Pro - Fit - WL,Fortune Pro - SP,,-,-,0.015,0.0,,,,,,"Fresh | Note: Rates for new PPT / PT & Products will be conveyed separately | Fortune Guarantee Supreme V3 (**) - Differed income - ROP (credits will be applied with below conditions) 1. The above rates of Fortune Guarantee Supreme V3 is applicable for >= 4L annual premium 2. The above rates are applicable only for the cases login and issuance from 1st Apr'25 to 31st Mar'26. 3. The above rates will not be applicable for the cases which are login before 1st Apr'25, revised rates will be shared for the cases log in from 1st Apr'26 onwards 4. Any contest, topline booster, VLI, product booster will not be applicable for the above product",at 2nd year: 0%
402,TATA_AIA,Pro - Fit - WL,Fortune Pro,,5,-,0.09,0.0,,,,,,"Fresh | Note: Rates for new PPT / PT & Products will be conveyed separately | Fortune Guarantee Supreme V3 (**) - Differed income - ROP (credits will be applied with below conditions) 1. The above rates of Fortune Guarantee Supreme V3 is applicable for >= 4L annual premium 2. The above rates are applicable only for the cases login and issuance from 1st Apr'25 to 31st Mar'26. 3. The above rates will not be applicable for the cases which are login before 1st Apr'25, revised rates will be shared for the cases log in from 1st Apr'26 onwards 4. Any contest, topline booster, VLI, product booster will not be applicable for the above product",at 2nd year: 0%
403,TATA_AIA,Pro - Fit - WL,Fortune Pro,,7,-,0.11,0.0,,,,,,"Fresh | Note: Rates for new PPT / PT & Products will be conveyed separately | Fortune Guarantee Supreme V3 (**) - Differed income - ROP (credits will be applied with below conditions) 1. The above rates of Fortune Guarantee Supreme V3 is applicable for >= 4L annual premium 2. The above rates are applicable only for the cases login and issuance from 1st Apr'25 to 31st Mar'26. 3. The above rates will not be applicable for the cases which are login before 1st Apr'25, revised rates will be shared for the cases log in from 1st Apr'26 onwards 4. Any contest, topline booster, VLI, product booster will not be applicable for the above product",at 2nd year: 0%
404,TATA_AIA,Pro - Fit - WL,Wealth Pro - SP,,-,-,0.015,0.0,,,,,,"Fresh | Note: Rates for new PPT / PT & Products will be conveyed separately | Fortune Guarantee Supreme V3 (**) - Differed income - ROP (credits will be applied with below conditions) 1. The above rates of Fortune Guarantee Supreme V3 is applicable for >= 4L annual premium 2. The above rates are applicable only for the cases login and issuance from 1st Apr'25 to 31st Mar'26. 3. The above rates will not be applicable for the cases which are login before 1st Apr'25, revised rates will be shared for the cases log in from 1st Apr'26 onwards 4. Any contest, topline booster, VLI, product booster will not be applicable for the above product",at 2nd year: 0%
405,TATA_AIA,Pro - Fit - WL,Wealth Pro,,5,-,0.09,0.0,,,,,,"Fresh | Note: Rates for new PPT / PT & Products will be conveyed separately | Fortune Guarantee Supreme V3 (**) - Differed income - ROP (credits will be applied with below conditions) 1. The above rates of Fortune Guarantee Supreme V3 is applicable for >= 4L annual premium 2. The above rates are applicable only for the cases login and issuance from 1st Apr'25 to 31st Mar'26. 3. The above rates will not be applicable for the cases which are login before 1st Apr'25, revised rates will be shared for the cases log in from 1st Apr'26 onwards 4. Any contest, topline booster, VLI, product booster will not be applicable for the above product",at 2nd year: 0%
406,TATA_AIA,Pro - Fit - WL,Wealth Pro,,7,-,0.11,0.0,,,,,,"Fresh | Note: Rates for new PPT / PT & Products will be conveyed separately | Fortune Guarantee Supreme V3 (**) - Differed income - ROP (credits will be applied with below conditions) 1. The above rates of Fortune Guarantee Supreme V3 is applicable for >= 4L annual premium 2. The above rates are applicable only for the cases login and issuance from 1st Apr'25 to 31st Mar'26. 3. The above rates will not be applicable for the cases which are login before 1st Apr'25, revised rates will be shared for the cases log in from 1st Apr'26 onwards 4. Any contest, topline booster, VLI, product booster will not be applicable for the above product",at 2nd year: 0%
407,TATA_AIA,Pro - Fit - WL,Smart Fortune Plus - SP,,-,-,0.015,0.0,,,,,,"Fresh | Note: Rates for new PPT / PT & Products will be conveyed separately | Fortune Guarantee Supreme V3 (**) - Differed income - ROP (credits will be applied with below conditions) 1. The above rates of Fortune Guarantee Supreme V3 is applicable for >= 4L annual premium 2. The above rates are applicable only for the cases login and issuance from 1st Apr'25 to 31st Mar'26. 3. The above rates will not be applicable for the cases which are login before 1st Apr'25, revised rates will be shared for the cases log in from 1st Apr'26 onwards 4. Any contest, topline booster, VLI, product booster will not be applicable for the above product",at 2nd year: 0%
408,TATA_AIA,Pro - Fit - WL,Smart Fortune Plus,,5,-,0.09,0.0,,,,,,"Fresh | Note: Rates for new PPT / PT & Products will be conveyed separately | Fortune Guarantee Supreme V3 (**) - Differed income - ROP (credits will be applied with below conditions) 1. The above rates of Fortune Guarantee Supreme V3 is applicable for >= 4L annual premium 2. The above rates are applicable only for the cases login and issuance from 1st Apr'25 to 31st Mar'26. 3. The above rates will not be applicable for the cases which are login before 1st Apr'25, revised rates will be shared for the cases log in from 1st Apr'26 onwards 4. Any contest, topline booster, VLI, product booster will not be applicable for the above product",at 2nd year: 0%
409,TATA_AIA,Pro - Fit - WL,Smart Fortune Plus,,7,-,0.11,0.0,,,,,,"Fresh | Note: Rates for new PPT / PT & Products will be conveyed separately | Fortune Guarantee Supreme V3 (**) - Differed income - ROP (credits will be applied with below conditions) 1. The above rates of Fortune Guarantee Supreme V3 is applicable for >= 4L annual premium 2. The above rates are applicable only for the cases login and issuance from 1st Apr'25 to 31st Mar'26. 3. The above rates will not be applicable for the cases which are login before 1st Apr'25, revised rates will be shared for the cases log in from 1st Apr'26 onwards 4. Any contest, topline booster, VLI, product booster will not be applicable for the above product",at 2nd year: 0%
410,TATA_AIA,Pro - Fit - WL,SHUBH HEALTH ALL VARIANTS,,5 - 6,-,0.2,0.0,,,,,,"Fresh | Note: Rates for new PPT / PT & Products will be conveyed separately | Fortune Guarantee Supreme V3 (**) - Differed income - ROP (credits will be applied with below conditions) 1. The above rates of Fortune Guarantee Supreme V3 is applicable for >= 4L annual premium 2. The above rates are applicable only for the cases login and issuance from 1st Apr'25 to 31st Mar'26. 3. The above rates will not be applicable for the cases which are login before 1st Apr'25, revised rates will be shared for the cases log in from 1st Apr'26 onwards 4. Any contest, topline booster, VLI, product booster will not be applicable for the above product",at 2nd year: 0%
411,TATA_AIA,Pro - Fit - WL,SHUBH HEALTH ALL VARIANTS,,7 - 9,-,0.22,0.0,,,,,,"Fresh | Note: Rates for new PPT / PT & Products will be conveyed separately | Fortune Guarantee Supreme V3 (**) - Differed income - ROP (credits will be applied with below conditions) 1. The above rates of Fortune Guarantee Supreme V3 is applicable for >= 4L annual premium 2. The above rates are applicable only for the cases login and issuance from 1st Apr'25 to 31st Mar'26. 3. The above rates will not be applicable for the cases which are login before 1st Apr'25, revised rates will be shared for the cases log in from 1st Apr'26 onwards 4. Any contest, topline booster, VLI, product booster will not be applicable for the above product",at 2nd year: 0%
412,TATA_AIA,Pro - Fit - WL,SHUBH HEALTH ALL VARIANTS,,10 - 11,-,0.24,0.0,,,,,,"Fresh | Note: Rates for new PPT / PT & Products will be conveyed separately | Fortune Guarantee Supreme V3 (**) - Differed income - ROP (credits will be applied with below conditions) 1. The above rates of Fortune Guarantee Supreme V3 is applicable for >= 4L annual premium 2. The above rates are applicable only for the cases login and issuance from 1st Apr'25 to 31st Mar'26. 3. The above rates will not be applicable for the cases which are login before 1st Apr'25, revised rates will be shared for the cases log in from 1st Apr'26 onwards 4. Any contest, topline booster, VLI, product booster will not be applicable for the above product",at 2nd year: 0%
413,TATA_AIA,Pro - Fit - WL,SHUBH HEALTH ALL VARIANTS - & >,,12,-,0.28,0.0,,,,,,"Fresh | Note: Rates for new PPT / PT & Products will be conveyed separately | Fortune Guarantee Supreme V3 (**) - Differed income - ROP (credits will be applied with below conditions) 1. The above rates of Fortune Guarantee Supreme V3 is applicable for >= 4L annual premium 2. The above rates are applicable only for the cases login and issuance from 1st Apr'25 to 31st Mar'26. 3. The above rates will not be applicable for the cases which are login before 1st Apr'25, revised rates will be shared for the cases log in from 1st Apr'26 onwards 4. Any contest, topline booster, VLI, product booster will not be applicable for the above product",at 2nd year: 0%
414,TATA_AIA,Pro - Fit - WL,Sampoorna Raksha Cancer Care,,5 to 9,-,0.32,0.0375,,,,,,"Fresh | Note: Rates for new PPT / PT & Products will be conveyed separately | Fortune Guarantee Supreme V3 (**) - Differed income - ROP (credits will be applied with below conditions) 1. The above rates of Fortune Guarantee Supreme V3 is applicable for >= 4L annual premium 2. The above rates are applicable only for the cases login and issuance from 1st Apr'25 to 31st Mar'26. 3. The above rates will not be applicable for the cases which are login before 1st Apr'25, revised rates will be shared for the cases log in from 1st Apr'26 onwards 4. Any contest, topline booster, VLI, product booster will not be applicable for the above product",at 2nd year: 3.75%
415,TATA_AIA,Pro - Fit - WL,Sampoorna Raksha Cancer Care,,10 to 11,-,0.34,0.03975,,,,,,"Fresh | Note: Rates for new PPT / PT & Products will be conveyed separately | Fortune Guarantee Supreme V3 (**) - Differed income - ROP (credits will be applied with below conditions) 1. The above rates of Fortune Guarantee Supreme V3 is applicable for >= 4L annual premium 2. The above rates are applicable only for the cases login and issuance from 1st Apr'25 to 31st Mar'26. 3. The above rates will not be applicable for the cases which are login before 1st Apr'25, revised rates will be shared for the cases log in from 1st Apr'26 onwards 4. Any contest, topline booster, VLI, product booster will not be applicable for the above product",at 2nd year: 3.98%
416,TATA_AIA,Pro - Fit - WL,Sampoorna Raksha Cancer Care,,12,-,0.35,0.04125,,,,,,"Fresh | Note: Rates for new PPT / PT & Products will be conveyed separately | Fortune Guarantee Supreme V3 (**) - Differed income - ROP (credits will be applied with below conditions) 1. The above rates of Fortune Guarantee Supreme V3 is applicable for >= 4L annual premium 2. The above rates are applicable only for the cases login and issuance from 1st Apr'25 to 31st Mar'26. 3. The above rates will not be applicable for the cases which are login before 1st Apr'25, revised rates will be shared for the cases log in from 1st Apr'26 onwards 4. Any contest, topline booster, VLI, product booster will not be applicable for the above product",at 2nd year: 4.12%
417,TATA_AIA,Pro - Fit - WL,Sampoorna Raksha Cancer Care - 13 & above Pay,,-,-,0.395,0.0465,,,,,,"Fresh | Note: Rates for new PPT / PT & Products will be conveyed separately | Fortune Guarantee Supreme V3 (**) - Differed income - ROP (credits will be applied with below conditions) 1. The above rates of Fortune Guarantee Supreme V3 is applicable for >= 4L annual premium 2. The above rates are applicable only for the cases login and issuance from 1st Apr'25 to 31st Mar'26. 3. The above rates will not be applicable for the cases which are login before 1st Apr'25, revised rates will be shared for the cases log in from 1st Apr'26 onwards 4. Any contest, topline booster, VLI, product booster will not be applicable for the above product",at 2nd year: 4.65%
418,Bajaj,PAR(Trad),ACE / ACE ADVANTAGE,,5,-,0.355,0.025,0.025,0.01,0.01,0.0,,,at 2nd year: 1%; renewal year 2: 2.5%; year 3: 2.5%; year 4: 1%; year 5: 1%; year 6+: 0%
419,Bajaj,PAR(Trad),ACE / ACE ADVANTAGE,,6,-,0.39,0.025,0.025,0.01,0.01,0.005,,,at 2nd year: 1%; renewal year 2: 2.5%; year 3: 2.5%; year 4: 1%; year 5: 1%; year 6+: 0.5%
420,Bajaj,PAR(Trad),ACE / ACE ADVANTAGE,,7,-,0.41,0.025,0.025,0.01,0.01,0.005,,,at 2nd year: 1.5%; renewal year 2: 2.5%; year 3: 2.5%; year 4: 1%; year 5: 1%; year 6+: 0.5%
421,Bajaj,PAR(Trad),ACE / ACE ADVANTAGE,,8,-,0.46,0.025,0.025,0.01,0.01,0.005,,,at 2nd year: 1.5%; renewal year 2: 2.5%; year 3: 2.5%; year 4: 1%; year 5: 1%; year 6+: 0.5%
422,Bajaj,PAR(Trad),ACE / ACE ADVANTAGE,,>=10,-,0.5,0.025,0.025,0.01,0.01,0.005,,,at 2nd year: 2%; renewal year 2: 2.5%; year 3: 2.5%; year 4: 1%; year 5: 1%; year 6+: 0.5%
423,Bajaj,PAR(Trad),ACE WEALTH / ACE WITH GOAL PROTECTION / BAJAJ ACE WITH ELITE WEALTH,,5,-,0.355,0.0,0.0,0.0,0.0,0.0,,,at 2nd year: 1%; renewal year 2: 0%; year 3: 0%; year 4: 0%; year 5: 0%; year 6+: 0%
424,Bajaj,PAR(Trad),ACE WEALTH / ACE WITH GOAL PROTECTION / BAJAJ ACE WITH ELITE WEALTH,,6,-,0.39,0.0,0.0,0.0,0.0,0.0,,,at 2nd year: 1%; renewal year 2: 0%; year 3: 0%; year 4: 0%; year 5: 0%; year 6+: 0%
425,Bajaj,PAR(Trad),ACE WEALTH / ACE WITH GOAL PROTECTION / BAJAJ ACE WITH ELITE WEALTH,,7,-,0.41,0.0,0.0,0.0,0.0,0.0,,,at 2nd year: 1.5%; renewal year 2: 0%; year 3: 0%; year 4: 0%; year 5: 0%; year 6+: 0%
426,Bajaj,PAR(Trad),ACE WEALTH / ACE WITH GOAL PROTECTION / BAJAJ ACE WITH ELITE WEALTH,,8,-,0.46,0.0,0.0,0.0,0.0,0.0,,,at 2nd year: 1.5%; renewal year 2: 0%; year 3: 0%; year 4: 0%; year 5: 0%; year 6+: 0%
427,Bajaj,PAR(Trad),ACE WEALTH / ACE WITH GOAL PROTECTION / BAJAJ ACE WITH ELITE WEALTH,,>=10,-,0.5,0.0,0.0,0.0,0.0,0.0,,,at 2nd year: 2%; renewal year 2: 0%; year 3: 0%; year 4: 0%; year 5: 0%; year 6+: 0%
428,Bajaj,PAR(Trad),ELITE ASSURE,,5,-,0.355,0.02,0.02,0.01,0.01,0.01,,,at 2nd year: 1%; renewal year 2: 2%; year 3: 2%; year 4: 1%; year 5: 1%; year 6+: 1%
429,Bajaj,PAR(Trad),ELITE ASSURE,,6,-,0.39,0.0,0.0,0.0,0.0,0.0,,,at 2nd year: 1%; renewal year 2: 0%; year 3: 0%; year 4: 0%; year 5: 0%; year 6+: 0%
430,Bajaj,PAR(Trad),ELITE ASSURE,,7,-,0.41,0.02,0.02,0.01,0.01,0.01,,,at 2nd year: 1.5%; renewal year 2: 2%; year 3: 2%; year 4: 1%; year 5: 1%; year 6+: 1%
431,Bajaj,PAR(Trad),ELITE ASSURE,,8,-,0.46,0.0,0.0,0.0,0.0,0.0,,,at 2nd year: 1.5%; renewal year 2: 0%; year 3: 0%; year 4: 0%; year 5: 0%; year 6+: 0%
432,Bajaj,PAR(Trad),ELITE ASSURE,,>=10,-,0.5,"10 & 15 Pay - 2% / 20,25 & 30 Pay - 2.5%",,"10 & 15 Pay - 1% / 20,25 & 30 Pay - 2.5%",,,"renewal year 2: 10 & 15 Pay - 2% / 20,25 & 30 Pay - 2.5% | year 4: 10 & 15 Pay - 1% / 20,25 & 30 Pay - 2.5%",,"at 2nd year: 2%; renewal year 2: 10 & 15 Pay - 2% / 20,25 & 30 Pay - 2.5%; year 3: —; year 4: 10 & 15 Pay - 1% / 20,25 & 30 Pay - 2.5%; year 5: —; year 6+: —"
433,Bajaj,Non PAR(Trad),GOAL SURKSHA,,5,-,0.355,0.01,0.01,0.01,0.01,0.01,,,at 2nd year: 1%; renewal year 2: 1%; year 3: 1%; year 4: 1%; year 5: 1%; year 6+: 1%
434,Bajaj,Non PAR(Trad),GOAL SURKSHA,,6,-,0.39,0.01,0.01,0.01,0.01,0.01,,,at 2nd year: 1%; renewal year 2: 1%; year 3: 1%; year 4: 1%; year 5: 1%; year 6+: 1%
435,Bajaj,Non PAR(Trad),GOAL SURKSHA,,7,-,0.41,0.01,0.01,0.01,0.01,0.01,,,at 2nd year: 1.5%; renewal year 2: 1%; year 3: 1%; year 4: 1%; year 5: 1%; year 6+: 1%
436,Bajaj,Non PAR(Trad),GOAL SURKSHA,,8,-,0.46,0.01,0.01,0.01,0.01,0.01,,,at 2nd year: 1.5%; renewal year 2: 1%; year 3: 1%; year 4: 1%; year 5: 1%; year 6+: 1%
437,Bajaj,Non PAR(Trad),GOAL SURKSHA,,>=10,-,0.5,10 & 12 Pay - 1%,,,,,renewal year 2: 10 & 12 Pay - 1%,,at 2nd year: 2%; renewal year 2: 10 & 12 Pay - 1%; year 3: —; year 4: —; year 5: —; year 6+: —
438,Bajaj,Non PAR(Trad),ASSURED WEALTH GOAL PLATINUM - SMART INCOME,Smart,5,-,0.355,0.01,0.01,0.01,0.01,0.01,,,at 2nd year: 1%; renewal year 2: 1%; year 3: 1%; year 4: 1%; year 5: 1%; year 6+: 1%
439,Bajaj,Non PAR(Trad),ASSURED WEALTH GOAL PLATINUM - SMART INCOME,Smart,6,-,0.39,0.01,0.01,0.01,0.01,0.01,,,at 2nd year: 1%; renewal year 2: 1%; year 3: 1%; year 4: 1%; year 5: 1%; year 6+: 1%
440,Bajaj,Non PAR(Trad),ASSURED WEALTH GOAL PLATINUM - SMART INCOME,Smart,7,-,0.41,0.01,0.01,0.01,0.01,0.01,,,at 2nd year: 1.5%; renewal year 2: 1%; year 3: 1%; year 4: 1%; year 5: 1%; year 6+: 1%
441,Bajaj,Non PAR(Trad),ASSURED WEALTH GOAL PLATINUM - SMART INCOME,Smart,8,-,0.46,0.01,0.01,0.01,0.01,0.01,,,at 2nd year: 1.5%; renewal year 2: 1%; year 3: 1%; year 4: 1%; year 5: 1%; year 6+: 1%
442,Bajaj,Non PAR(Trad),ASSURED WEALTH GOAL PLATINUM - SMART INCOME,Smart,>=10,-,0.5,0.01,0.01,0.01,0.01,0.01,,,at 2nd year: 2%; renewal year 2: 1%; year 3: 1%; year 4: 1%; year 5: 1%; year 6+: 1%
443,Bajaj,Non PAR(Trad),ASSURED WEALTH GOAL PLATINUM - SMART INCOME,"Regular Income (for Income period 20, 25 and 30)",5,-,0.355,0.005,0.005,0.005,0.005,0.005,,,at 2nd year: 1%; renewal year 2: 0.5%; year 3: 0.5%; year 4: 0.5%; year 5: 0.5%; year 6+: 0.5%
444,Bajaj,Non PAR(Trad),ASSURED WEALTH GOAL PLATINUM - SMART INCOME,"Regular Income (for Income period 20, 25 and 30)",6,-,0.39,0.005,0.005,0.005,0.005,0.005,,,at 2nd year: 1%; renewal year 2: 0.5%; year 3: 0.5%; year 4: 0.5%; year 5: 0.5%; year 6+: 0.5%
445,Bajaj,Non PAR(Trad),ASSURED WEALTH GOAL PLATINUM - SMART INCOME,"Regular Income (for Income period 20, 25 and 30)",7,-,0.41,0.005,0.005,0.005,0.005,0.005,,,at 2nd year: 1.5%; renewal year 2: 0.5%; year 3: 0.5%; year 4: 0.5%; year 5: 0.5%; year 6+: 0.5%
446,Bajaj,Non PAR(Trad),ASSURED WEALTH GOAL PLATINUM - SMART INCOME,"Regular Income (for Income period 20, 25 and 30)",8,-,0.46,0.005,0.005,0.005,0.005,0.005,,,at 2nd year: 1.5%; renewal year 2: 0.5%; year 3: 0.5%; year 4: 0.5%; year 5: 0.5%; year 6+: 0.5%
447,Bajaj,Non PAR(Trad),ASSURED WEALTH GOAL PLATINUM - SMART INCOME,"Regular Income (for Income period 20, 25 and 30)",>=10,-,0.5,0.005,0.005,0.005,0.005,0.005,,,at 2nd year: 2%; renewal year 2: 0.5%; year 3: 0.5%; year 4: 0.5%; year 5: 0.5%; year 6+: 0.5%
448,Bajaj,Non PAR(Trad),GUARANTEED WEALTH GOAL,,5,-,0.355,0.01,0.01,0.01,0.01,0.01,,,at 2nd year: 1%; renewal year 2: 1%; year 3: 1%; year 4: 1%; year 5: 1%; year 6+: 1%
449,Bajaj,Non PAR(Trad),GUARANTEED WEALTH GOAL,,6,-,0.39,0.01,0.01,0.01,0.01,0.01,,,at 2nd year: 1%; renewal year 2: 1%; year 3: 1%; year 4: 1%; year 5: 1%; year 6+: 1%
450,Bajaj,Non PAR(Trad),GUARANTEED WEALTH GOAL,,7,-,0.41,0.01,0.01,0.01,0.01,0.01,,,at 2nd year: 1.5%; renewal year 2: 1%; year 3: 1%; year 4: 1%; year 5: 1%; year 6+: 1%
451,Bajaj,Non PAR(Trad),GUARANTEED WEALTH GOAL,,8,-,0.46,0.01,0.01,0.01,0.01,0.01,,,at 2nd year: 1.5%; renewal year 2: 1%; year 3: 1%; year 4: 1%; year 5: 1%; year 6+: 1%
452,Bajaj,Non PAR(Trad),GUARANTEED WEALTH GOAL,,>=10,-,0.5,0.01,0.01,0.01,0.01,0.01,,,at 2nd year: 2%; renewal year 2: 1%; year 3: 1%; year 4: 1%; year 5: 1%; year 6+: 1%
453,Bajaj,Term,E - TOUCH II,,<10,-,0.49,0.01,0.01,0.01,0.01,0.01,,,at 2nd year: 0%; renewal year 2: 1%; year 3: 1%; year 4: 1%; year 5: 1%; year 6+: 1%
454,Bajaj,Term,E - TOUCH II,,>=10,-,0.525,0.01,0.01,0.01,0.01,0.01,,,at 2nd year: 0%; renewal year 2: 1%; year 3: 1%; year 4: 1%; year 5: 1%; year 6+: 1%
455,Bajaj,Term,I - SECURE II(SI Upto 2Cr),For Renewal Only- (Variant 3) ROP,<10,-,0.525,(Variant 3) ROP - 1%,,,,,renewal year 2: (Variant 3) ROP - 1%,,at 2nd year: 0%; renewal year 2: (Variant 3) ROP - 1%; year 3: —; year 4: —; year 5: —; year 6+: —
456,Bajaj,Term,I - SECURE II(SI Upto 2Cr),For Renewal Only- (Variant 3) ROP,>=10,-,0.56,(Variant 3) ROP - 1%,,,,,renewal year 2: (Variant 3) ROP - 1%,,at 2nd year: 0%; renewal year 2: (Variant 3) ROP - 1%; year 3: —; year 4: —; year 5: —; year 6+: —
457,Bajaj,Term,SUPERWOMEN TERM,,<10,-,0.49,0.0,0.0,0.0,0.0,0.0,,,at 2nd year: 0%; renewal year 2: 0%; year 3: 0%; year 4: 0%; year 5: 0%; year 6+: 0%
458,Bajaj,Term,SUPERWOMEN TERM,,>=10,-,0.525,0.0,0.0,0.0,0.0,0.0,,,at 2nd year: 0%; renewal year 2: 0%; year 3: 0%; year 4: 0%; year 5: 0%; year 6+: 0%
459,Bajaj,Term,DIABETEC TERM PLAN II,,<10,-,0.49,0.025,0.025,0.025,0.025,0.01,,,at 2nd year: 0%; renewal year 2: 2.5%; year 3: 2.5%; year 4: 2.5%; year 5: 2.5%; year 6+: 1%
460,Bajaj,Term,DIABETEC TERM PLAN II,,>=10,-,0.525,0.025,0.025,0.025,0.025,0.01,,,at 2nd year: 0%; renewal year 2: 2.5%; year 3: 2.5%; year 4: 2.5%; year 5: 2.5%; year 6+: 1%
461,Bajaj,Term,SARAL JEEVAN BIMA,,SP,-,0.0,0.0,0.0,0.0,0.0,0.0,,,at 2nd year: 0%; renewal year 2: 0%; year 3: 0%; year 4: 0%; year 5: 0%; year 6+: 0%
462,Bajaj,Term,SARAL JEEVAN BIMA,,2 to 9,-,0.49,0.015,0.015,0.01,0.01,0.01,,,at 2nd year: 0%; renewal year 2: 1.5%; year 3: 1.5%; year 4: 1%; year 5: 1%; year 6+: 1%
463,Bajaj,Term,SARAL JEEVAN BIMA,,>=10,-,0.525,0.015,0.015,0.01,0.01,0.01,,,at 2nd year: 0%; renewal year 2: 1.5%; year 3: 1.5%; year 4: 1%; year 5: 1%; year 6+: 1%
464,Bajaj,ULIP,SUPREME,H Version,>=2,-,0.21,0.0,0.0,0.0,0.0,0.0,,,at 2nd year: 0%; renewal year 2: 0%; year 3: 0%; year 4: 0%; year 5: 0%; year 6+: 0%
465,Bajaj,ULIP,SUPREME Whole Life,H Version,SP,-,0.05,0.0,0.0,0.0,0.0,0.0,,,at 2nd year: 0%; renewal year 2: 0%; year 3: 0%; year 4: 0%; year 5: 0%; year 6+: 0%
466,Bajaj,Annuity,GUARANTEED PENSION GOAL,,2,-,0.105,0.01,0.0,0.0,0.0,0.0,,,at 2nd year: 0%; renewal year 2: 1%; year 3: 0%; year 4: 0%; year 5: 0%; year 6+: 0%
467,Bajaj,Annuity,GUARANTEED PENSION GOAL,,3,-,0.18,0.01,0.01,0.0,0.0,0.0,,,at 2nd year: 0.5%; renewal year 2: 1%; year 3: 1%; year 4: 0%; year 5: 0%; year 6+: 0%
468,Bajaj,Annuity,GUARANTEED PENSION GOAL,,4,-,0.25,0.01,0.01,0.01,0.0,0.0,,,at 2nd year: 0.075%; renewal year 2: 1%; year 3: 1%; year 4: 1%; year 5: 0%; year 6+: 0%
469,Bajaj,Annuity,GUARANTEED PENSION GOAL,Immidiate,SP,-,0.035,0.0,0.0,0.0,0.0,0.0,,,at 2nd year: 0%; renewal year 2: 0%; year 3: 0%; year 4: 0%; year 5: 0%; year 6+: 0%
470,Bajaj,Annuity,GUARANTEED PENSION GOAL,Deferred,SP,-,0.05,0.0,0.0,0.0,0.0,0.0,,,at 2nd year: 0%; renewal year 2: 0%; year 3: 0%; year 4: 0%; year 5: 0%; year 6+: 0%
471,Bajaj,Annuity,All Exc. Above,,5,-,0.285,0.0,0.0,0.0,0.0,0.0,,,at 2nd year: 1%; renewal year 2: 0%; year 3: 0%; year 4: 0%; year 5: 0%; year 6+: 0%
472,Bajaj,Annuity,All Exc. Above,,6,-,0.32,0.0,0.0,0.0,0.0,0.0,,,at 2nd year: 1%; renewal year 2: 0%; year 3: 0%; year 4: 0%; year 5: 0%; year 6+: 0%
473,Bajaj,Annuity,All Exc. Above,,7,-,0.355,0.0,0.0,0.0,0.0,0.0,,,at 2nd year: 1%; renewal year 2: 0%; year 3: 0%; year 4: 0%; year 5: 0%; year 6+: 0%
474,Bajaj,Annuity,All Exc. Above,,8,-,0.355,0.0,0.0,0.0,0.0,0.0,,,at 2nd year: 1%; renewal year 2: 0%; year 3: 0%; year 4: 0%; year 5: 0%; year 6+: 0%
475,Bajaj,Annuity,All Exc. Above,,9,-,0.355,0.0,0.0,0.0,0.0,0.0,,,at 2nd year: 1%; renewal year 2: 0%; year 3: 0%; year 4: 0%; year 5: 0%; year 6+: 0%
476,Bajaj,Annuity,All Exc. Above,,>=10,-,0.43,0.0,0.0,0.0,0.0,0.0,,,at 2nd year: 1.5%; renewal year 2: 0%; year 3: 0%; year 4: 0%; year 5: 0%; year 6+: 0%
477,Bajaj,TULIP,IPG,,-,-,0.41,0.005,0.005,0.005,0.005,0.005,,,at 2nd year: 0%; renewal year 2: 0.5%; year 3: 0.5%; year 4: 0.5%; year 5: 0.5%; year 6+: 0.5%
478,Bajaj,TULIP,IPG,Smart Secure,5,-,0.3,0.0,0.0,0.0,0.0,0.0,,,at 2nd year: 0%; renewal year 2: 0%; year 3: 0%; year 4: 0%; year 5: 0%; year 6+: 0%
479,Bajaj,TULIP,IPG,Smart Secure,6,-,0.34,0.0,0.0,0.0,0.0,0.0,,,at 2nd year: 0%; renewal year 2: 0%; year 3: 0%; year 4: 0%; year 5: 0%; year 6+: 0%
480,Bajaj,TULIP,IPG,Smart Secure,7,-,0.34,0.0,0.0,0.0,0.0,0.0,,,at 2nd year: 0%; renewal year 2: 0%; year 3: 0%; year 4: 0%; year 5: 0%; year 6+: 0%
481,Bajaj,TULIP,IPG,Smart Secure,8,-,0.375,0.0,0.0,0.0,0.0,0.0,,,at 2nd year: 0%; renewal year 2: 0%; year 3: 0%; year 4: 0%; year 5: 0%; year 6+: 0%
482,Bajaj,TULIP,IPG,Smart Secure,10,-,0.45,0.0,0.0,0.0,0.0,0.0,,,at 2nd year: 0%; renewal year 2: 0%; year 3: 0%; year 4: 0%; year 5: 0%; year 6+: 0%
483,Bajaj,TULIP,IPG,Smart Secure,12,-,0.45,0.0,0.0,0.0,0.0,0.0,,,at 2nd year: 0%; renewal year 2: 0%; year 3: 0%; year 4: 0%; year 5: 0%; year 6+: 0%
484,Shriram,,Assured Saving Plan,,15,15,0.445,0.02,0.02,0.02,0.02,0.02,,"Final BG | Terms & Conditions | The minimum 13th Month Persistency required shall be 75% | The minimum Non-13th Month Persistency required shall be 85% | Persistency will be measured after quarter + 45 days for each quarter. | Payouts includes Reward, Recognation and other meeting expenses | Clawback for lower persistency FY 26-27 | In case the 13th Month persistency falls below 75% the following commission claw back provisions shall apply | Further if the required persistency criteria achieved subsequently , the clawed back payment will be rolled out as and when the persistency of 75% is achieved. | In case of policy surrender, including special surrender value (SSV), customer complaints, or mis-selling cases the Payout paid on such surrendered bussiness shall be clawed back as per the table below | Claw back 100% of FY Payout 80% of FY Payout",year 2: 2%; year 3: 2%; year 4: 2%; year 5: 2%; year 6+: 2%
485,Shriram,,Assured Saving Plan,,10,15,0.41,0.02,0.02,0.02,0.02,0.02,,"Final BG | Terms & Conditions | The minimum 13th Month Persistency required shall be 75% | The minimum Non-13th Month Persistency required shall be 85% | Persistency will be measured after quarter + 45 days for each quarter. | Payouts includes Reward, Recognation and other meeting expenses | Clawback for lower persistency FY 26-27 | In case the 13th Month persistency falls below 75% the following commission claw back provisions shall apply | Further if the required persistency criteria achieved subsequently , the clawed back payment will be rolled out as and when the persistency of 75% is achieved. | In case of policy surrender, including special surrender value (SSV), customer complaints, or mis-selling cases the Payout paid on such surrendered bussiness shall be clawed back as per the table below | Claw back 100% of FY Payout 80% of FY Payout",year 2: 2%; year 3: 2%; year 4: 2%; year 5: 2%; year 6+: 2%
486,Shriram,,EARLY CASH PLAN,,6,12,0.265,0.02,0.02,0.02,0.02,0.02,,"Final BG | Terms & Conditions | The minimum 13th Month Persistency required shall be 75% | The minimum Non-13th Month Persistency required shall be 85% | Persistency will be measured after quarter + 45 days for each quarter. | Payouts includes Reward, Recognation and other meeting expenses | Clawback for lower persistency FY 26-27 | In case the 13th Month persistency falls below 75% the following commission claw back provisions shall apply | Further if the required persistency criteria achieved subsequently , the clawed back payment will be rolled out as and when the persistency of 75% is achieved. | In case of policy surrender, including special surrender value (SSV), customer complaints, or mis-selling cases the Payout paid on such surrendered bussiness shall be clawed back as per the table below | Claw back 100% of FY Payout 80% of FY Payout",year 2: 2%; year 3: 2%; year 4: 2%; year 5: 2%; year 6+: 2%
487,Shriram,,EARLY CASH PLAN,,8,12,0.285,0.02,0.02,0.02,0.02,0.02,,"Final BG | Terms & Conditions | The minimum 13th Month Persistency required shall be 75% | The minimum Non-13th Month Persistency required shall be 85% | Persistency will be measured after quarter + 45 days for each quarter. | Payouts includes Reward, Recognation and other meeting expenses | Clawback for lower persistency FY 26-27 | In case the 13th Month persistency falls below 75% the following commission claw back provisions shall apply | Further if the required persistency criteria achieved subsequently , the clawed back payment will be rolled out as and when the persistency of 75% is achieved. | In case of policy surrender, including special surrender value (SSV), customer complaints, or mis-selling cases the Payout paid on such surrendered bussiness shall be clawed back as per the table below | Claw back 100% of FY Payout 80% of FY Payout",year 2: 2%; year 3: 2%; year 4: 2%; year 5: 2%; year 6+: 2%
488,Shriram,,EARLY CASH PLAN,,8,15,0.335,0.02,0.02,0.02,0.02,0.02,,"Final BG | Terms & Conditions | The minimum 13th Month Persistency required shall be 75% | The minimum Non-13th Month Persistency required shall be 85% | Persistency will be measured after quarter + 45 days for each quarter. | Payouts includes Reward, Recognation and other meeting expenses | Clawback for lower persistency FY 26-27 | In case the 13th Month persistency falls below 75% the following commission claw back provisions shall apply | Further if the required persistency criteria achieved subsequently , the clawed back payment will be rolled out as and when the persistency of 75% is achieved. | In case of policy surrender, including special surrender value (SSV), customer complaints, or mis-selling cases the Payout paid on such surrendered bussiness shall be clawed back as per the table below | Claw back 100% of FY Payout 80% of FY Payout",year 2: 2%; year 3: 2%; year 4: 2%; year 5: 2%; year 6+: 2%
489,Shriram,,EARLY CASH PLAN,,10,15,0.46,0.02,0.02,0.02,0.02,0.02,,"Final BG | Terms & Conditions | The minimum 13th Month Persistency required shall be 75% | The minimum Non-13th Month Persistency required shall be 85% | Persistency will be measured after quarter + 45 days for each quarter. | Payouts includes Reward, Recognation and other meeting expenses | Clawback for lower persistency FY 26-27 | In case the 13th Month persistency falls below 75% the following commission claw back provisions shall apply | Further if the required persistency criteria achieved subsequently , the clawed back payment will be rolled out as and when the persistency of 75% is achieved. | In case of policy surrender, including special surrender value (SSV), customer complaints, or mis-selling cases the Payout paid on such surrendered bussiness shall be clawed back as per the table below | Claw back 100% of FY Payout 80% of FY Payout",year 2: 2%; year 3: 2%; year 4: 2%; year 5: 2%; year 6+: 2%
490,Shriram,,EARLY CASH PLAN,,10,20,0.49,0.02,0.02,0.02,0.02,0.02,,"Final BG | Terms & Conditions | The minimum 13th Month Persistency required shall be 75% | The minimum Non-13th Month Persistency required shall be 85% | Persistency will be measured after quarter + 45 days for each quarter. | Payouts includes Reward, Recognation and other meeting expenses | Clawback for lower persistency FY 26-27 | In case the 13th Month persistency falls below 75% the following commission claw back provisions shall apply | Further if the required persistency criteria achieved subsequently , the clawed back payment will be rolled out as and when the persistency of 75% is achieved. | In case of policy surrender, including special surrender value (SSV), customer complaints, or mis-selling cases the Payout paid on such surrendered bussiness shall be clawed back as per the table below | Claw back 100% of FY Payout 80% of FY Payout",year 2: 2%; year 3: 2%; year 4: 2%; year 5: 2%; year 6+: 2%
491,Shriram,,SUNISHCHIT LABH,,10,-,0.475,0.03,0.03,0.02,0.02,0.02,,"Final BG | Terms & Conditions | The minimum 13th Month Persistency required shall be 75% | The minimum Non-13th Month Persistency required shall be 85% | Persistency will be measured after quarter + 45 days for each quarter. | Payouts includes Reward, Recognation and other meeting expenses | Clawback for lower persistency FY 26-27 | In case the 13th Month persistency falls below 75% the following commission claw back provisions shall apply | Further if the required persistency criteria achieved subsequently , the clawed back payment will be rolled out as and when the persistency of 75% is achieved. | In case of policy surrender, including special surrender value (SSV), customer complaints, or mis-selling cases the Payout paid on such surrendered bussiness shall be clawed back as per the table below | Claw back 100% of FY Payout 80% of FY Payout",year 2: 3%; year 3: 3%; year 4: 2%; year 5: 2%; year 6+: 2%
492,Shriram,,SUNISHCHIT LABH,,15,-,0.51,0.03,0.03,0.02,0.02,0.02,,"Final BG | Terms & Conditions | The minimum 13th Month Persistency required shall be 75% | The minimum Non-13th Month Persistency required shall be 85% | Persistency will be measured after quarter + 45 days for each quarter. | Payouts includes Reward, Recognation and other meeting expenses | Clawback for lower persistency FY 26-27 | In case the 13th Month persistency falls below 75% the following commission claw back provisions shall apply | Further if the required persistency criteria achieved subsequently , the clawed back payment will be rolled out as and when the persistency of 75% is achieved. | In case of policy surrender, including special surrender value (SSV), customer complaints, or mis-selling cases the Payout paid on such surrendered bussiness shall be clawed back as per the table below | Claw back 100% of FY Payout 80% of FY Payout",year 2: 3%; year 3: 3%; year 4: 2%; year 5: 2%; year 6+: 2%
493,Shriram,,SUNISHCHIT LABH,,20,-,0.54,0.03,0.03,0.02,0.02,0.02,,"Final BG | Terms & Conditions | The minimum 13th Month Persistency required shall be 75% | The minimum Non-13th Month Persistency required shall be 85% | Persistency will be measured after quarter + 45 days for each quarter. | Payouts includes Reward, Recognation and other meeting expenses | Clawback for lower persistency FY 26-27 | In case the 13th Month persistency falls below 75% the following commission claw back provisions shall apply | Further if the required persistency criteria achieved subsequently , the clawed back payment will be rolled out as and when the persistency of 75% is achieved. | In case of policy surrender, including special surrender value (SSV), customer complaints, or mis-selling cases the Payout paid on such surrendered bussiness shall be clawed back as per the table below | Claw back 100% of FY Payout 80% of FY Payout",year 2: 3%; year 3: 3%; year 4: 2%; year 5: 2%; year 6+: 2%
494,Shriram,,SUPER INCOME PLAN,,10,-,0.51,0.03,0.008,0.008,0.008,0.0,,"Final BG | Terms & Conditions | The minimum 13th Month Persistency required shall be 75% | The minimum Non-13th Month Persistency required shall be 85% | Persistency will be measured after quarter + 45 days for each quarter. | Payouts includes Reward, Recognation and other meeting expenses | Clawback for lower persistency FY 26-27 | In case the 13th Month persistency falls below 75% the following commission claw back provisions shall apply | Further if the required persistency criteria achieved subsequently , the clawed back payment will be rolled out as and when the persistency of 75% is achieved. | In case of policy surrender, including special surrender value (SSV), customer complaints, or mis-selling cases the Payout paid on such surrendered bussiness shall be clawed back as per the table below | Claw back 100% of FY Payout 80% of FY Payout",year 2: 3%; year 3: 0.8%; year 4: 0.8%; year 5: 0.8%; year 6+: 0%
495,Shriram,,Flexi Shield Plan(SA <49.9L),,10+,-,0.475,0.008,0.008,0.008,0.008,0.008,,"Final BG | Terms & Conditions | The minimum 13th Month Persistency required shall be 75% | The minimum Non-13th Month Persistency required shall be 85% | Persistency will be measured after quarter + 45 days for each quarter. | Payouts includes Reward, Recognation and other meeting expenses | Clawback for lower persistency FY 26-27 | In case the 13th Month persistency falls below 75% the following commission claw back provisions shall apply | Further if the required persistency criteria achieved subsequently , the clawed back payment will be rolled out as and when the persistency of 75% is achieved. | In case of policy surrender, including special surrender value (SSV), customer complaints, or mis-selling cases the Payout paid on such surrendered bussiness shall be clawed back as per the table below | Claw back 100% of FY Payout 80% of FY Payout",year 2: 0.8%; year 3: 0.8%; year 4: 0.8%; year 5: 0.8%; year 6+: 0.8%
496,Shriram,,Flexi Shield Plan(SA >50L),,10+,-,0.35,0.008,0.008,0.008,0.008,0.008,,"Final BG | Terms & Conditions | The minimum 13th Month Persistency required shall be 75% | The minimum Non-13th Month Persistency required shall be 85% | Persistency will be measured after quarter + 45 days for each quarter. | Payouts includes Reward, Recognation and other meeting expenses | Clawback for lower persistency FY 26-27 | In case the 13th Month persistency falls below 75% the following commission claw back provisions shall apply | Further if the required persistency criteria achieved subsequently , the clawed back payment will be rolled out as and when the persistency of 75% is achieved. | In case of policy surrender, including special surrender value (SSV), customer complaints, or mis-selling cases the Payout paid on such surrendered bussiness shall be clawed back as per the table below | Claw back 100% of FY Payout 80% of FY Payout",year 2: 0.8%; year 3: 0.8%; year 4: 0.8%; year 5: 0.8%; year 6+: 0.8%
497,Shriram,,Premier Assured Benefit,,10,15,0.35,0.02,0.02,0.02,0.02,0.02,,"Final BG | Terms & Conditions | The minimum 13th Month Persistency required shall be 75% | The minimum Non-13th Month Persistency required shall be 85% | Persistency will be measured after quarter + 45 days for each quarter. | Payouts includes Reward, Recognation and other meeting expenses | Clawback for lower persistency FY 26-27 | In case the 13th Month persistency falls below 75% the following commission claw back provisions shall apply | Further if the required persistency criteria achieved subsequently , the clawed back payment will be rolled out as and when the persistency of 75% is achieved. | In case of policy surrender, including special surrender value (SSV), customer complaints, or mis-selling cases the Payout paid on such surrendered bussiness shall be clawed back as per the table below | Claw back 100% of FY Payout 80% of FY Payout",year 2: 2%; year 3: 2%; year 4: 2%; year 5: 2%; year 6+: 2%
498,Shriram,,Premier Assured Benefit,,10,20,0.41,0.02,0.02,0.02,0.02,0.02,,"Final BG | Terms & Conditions | The minimum 13th Month Persistency required shall be 75% | The minimum Non-13th Month Persistency required shall be 85% | Persistency will be measured after quarter + 45 days for each quarter. | Payouts includes Reward, Recognation and other meeting expenses | Clawback for lower persistency FY 26-27 | In case the 13th Month persistency falls below 75% the following commission claw back provisions shall apply | Further if the required persistency criteria achieved subsequently , the clawed back payment will be rolled out as and when the persistency of 75% is achieved. | In case of policy surrender, including special surrender value (SSV), customer complaints, or mis-selling cases the Payout paid on such surrendered bussiness shall be clawed back as per the table below | Claw back 100% of FY Payout 80% of FY Payout",year 2: 2%; year 3: 2%; year 4: 2%; year 5: 2%; year 6+: 2%
499,Shriram,,ASSURED INCOME PLAN,,15,15,0.475,0.0,0.0,0.0,0.0,0.0,,"Final BG | Terms & Conditions | The minimum 13th Month Persistency required shall be 75% | The minimum Non-13th Month Persistency required shall be 85% | Persistency will be measured after quarter + 45 days for each quarter. | Payouts includes Reward, Recognation and other meeting expenses | Clawback for lower persistency FY 26-27 | In case the 13th Month persistency falls below 75% the following commission claw back provisions shall apply | Further if the required persistency criteria achieved subsequently , the clawed back payment will be rolled out as and when the persistency of 75% is achieved. | In case of policy surrender, including special surrender value (SSV), customer complaints, or mis-selling cases the Payout paid on such surrendered bussiness shall be clawed back as per the table below | Claw back 100% of FY Payout 80% of FY Payout",year 2: 0%; year 3: 0%; year 4: 0%; year 5: 0%; year 6+: 0%
500,Shriram,,ASSURED INCOME PLAN,,12,12,0.41,0.0,0.0,0.0,0.0,0.0,,"Final BG | Terms & Conditions | The minimum 13th Month Persistency required shall be 75% | The minimum Non-13th Month Persistency required shall be 85% | Persistency will be measured after quarter + 45 days for each quarter. | Payouts includes Reward, Recognation and other meeting expenses | Clawback for lower persistency FY 26-27 | In case the 13th Month persistency falls below 75% the following commission claw back provisions shall apply | Further if the required persistency criteria achieved subsequently , the clawed back payment will be rolled out as and when the persistency of 75% is achieved. | In case of policy surrender, including special surrender value (SSV), customer complaints, or mis-selling cases the Payout paid on such surrendered bussiness shall be clawed back as per the table below | Claw back 100% of FY Payout 80% of FY Payout",year 2: 0%; year 3: 0%; year 4: 0%; year 5: 0%; year 6+: 0%
501,Shriram,,ASSURED INCOME PLAN,,10,10,0.38,0.0,0.0,0.0,0.0,0.0,,"Final BG | Terms & Conditions | The minimum 13th Month Persistency required shall be 75% | The minimum Non-13th Month Persistency required shall be 85% | Persistency will be measured after quarter + 45 days for each quarter. | Payouts includes Reward, Recognation and other meeting expenses | Clawback for lower persistency FY 26-27 | In case the 13th Month persistency falls below 75% the following commission claw back provisions shall apply | Further if the required persistency criteria achieved subsequently , the clawed back payment will be rolled out as and when the persistency of 75% is achieved. | In case of policy surrender, including special surrender value (SSV), customer complaints, or mis-selling cases the Payout paid on such surrendered bussiness shall be clawed back as per the table below | Claw back 100% of FY Payout 80% of FY Payout",year 2: 0%; year 3: 0%; year 4: 0%; year 5: 0%; year 6+: 0%
502,Digit,,Digit ICON (Non Par),Staggered Maturity,5,-,0.34,0.01,0.01,0.01,0.01,0.01,,"*Early Income contribution to not be more than 25% of total ICON business | *5 Paytotal payout to be capped at Max 37.5% | Please also note that payout recovery will be initiated if 13M persistency falls below 85% as per the below grid: | 13M Persistency Recovery % on premium | 85% and above 0 | 80-84.99% 2.5% recovery | 75-79.99% 6% recovery | 70-74.99% 10% recovery | 65-69.99% 15% recovery | 50-64.99% 20% recovery | 35-49.99% 30% recovery | Below 35% 45% recovery | *Year 6 onwards – 0.50% Commission shall be payable during the PPT | Annuity Clawback for as % of Premium | 84%+ 0 0 0 | 80% - <84% 0.024 0 0 | 74% - <80% 0.05 0.04 0.04 | 70% - <74% 0.074 0.1 0.1 | 64% - <70% 0.1 0.1 0.1 | 60% - <64% 0.15 0.2 0.2 | 50% - <60% 0.2 0.24 0.3 | 40% - <50% 0.25 0.3 0.4 | <40% 0.3 0.34 0.5 | For single premium variants, the clawback provisions are: | o Immediate Annuity: Full commission clawback if surrendered within 2 years | o Deferred Annuity: Full commission clawback if surrendered within 1 year",year 2: 1%; year 3: 1%; year 4: 1%; year 5+: 1%
503,Digit,,Digit ICON (Non Par),Staggered Maturity,6,-,0.34,0.01,0.01,0.01,0.01,0.01,,"*Early Income contribution to not be more than 25% of total ICON business | *5 Paytotal payout to be capped at Max 37.5% | Please also note that payout recovery will be initiated if 13M persistency falls below 85% as per the below grid: | 13M Persistency Recovery % on premium | 85% and above 0 | 80-84.99% 2.5% recovery | 75-79.99% 6% recovery | 70-74.99% 10% recovery | 65-69.99% 15% recovery | 50-64.99% 20% recovery | 35-49.99% 30% recovery | Below 35% 45% recovery | *Year 6 onwards – 0.50% Commission shall be payable during the PPT | Annuity Clawback for as % of Premium | 84%+ 0 0 0 | 80% - <84% 0.024 0 0 | 74% - <80% 0.05 0.04 0.04 | 70% - <74% 0.074 0.1 0.1 | 64% - <70% 0.1 0.1 0.1 | 60% - <64% 0.15 0.2 0.2 | 50% - <60% 0.2 0.24 0.3 | 40% - <50% 0.25 0.3 0.4 | <40% 0.3 0.34 0.5 | For single premium variants, the clawback provisions are: | o Immediate Annuity: Full commission clawback if surrendered within 2 years | o Deferred Annuity: Full commission clawback if surrendered within 1 year",year 2: 1%; year 3: 1%; year 4: 1%; year 5+: 1%
504,Digit,,Digit ICON (Non Par),Staggered Maturity,7,-,0.49,0.01,0.01,0.01,0.01,0.01,,"*Early Income contribution to not be more than 25% of total ICON business | *5 Paytotal payout to be capped at Max 37.5% | Please also note that payout recovery will be initiated if 13M persistency falls below 85% as per the below grid: | 13M Persistency Recovery % on premium | 85% and above 0 | 80-84.99% 2.5% recovery | 75-79.99% 6% recovery | 70-74.99% 10% recovery | 65-69.99% 15% recovery | 50-64.99% 20% recovery | 35-49.99% 30% recovery | Below 35% 45% recovery | *Year 6 onwards – 0.50% Commission shall be payable during the PPT | Annuity Clawback for as % of Premium | 84%+ 0 0 0 | 80% - <84% 0.024 0 0 | 74% - <80% 0.05 0.04 0.04 | 70% - <74% 0.074 0.1 0.1 | 64% - <70% 0.1 0.1 0.1 | 60% - <64% 0.15 0.2 0.2 | 50% - <60% 0.2 0.24 0.3 | 40% - <50% 0.25 0.3 0.4 | <40% 0.3 0.34 0.5 | For single premium variants, the clawback provisions are: | o Immediate Annuity: Full commission clawback if surrendered within 2 years | o Deferred Annuity: Full commission clawback if surrendered within 1 year",year 2: 1%; year 3: 1%; year 4: 1%; year 5+: 1%
505,Digit,,Digit ICON (Non Par),Staggered Maturity,8,-,0.49,0.01,0.01,0.01,0.01,0.01,,"*Early Income contribution to not be more than 25% of total ICON business | *5 Paytotal payout to be capped at Max 37.5% | Please also note that payout recovery will be initiated if 13M persistency falls below 85% as per the below grid: | 13M Persistency Recovery % on premium | 85% and above 0 | 80-84.99% 2.5% recovery | 75-79.99% 6% recovery | 70-74.99% 10% recovery | 65-69.99% 15% recovery | 50-64.99% 20% recovery | 35-49.99% 30% recovery | Below 35% 45% recovery | *Year 6 onwards – 0.50% Commission shall be payable during the PPT | Annuity Clawback for as % of Premium | 84%+ 0 0 0 | 80% - <84% 0.024 0 0 | 74% - <80% 0.05 0.04 0.04 | 70% - <74% 0.074 0.1 0.1 | 64% - <70% 0.1 0.1 0.1 | 60% - <64% 0.15 0.2 0.2 | 50% - <60% 0.2 0.24 0.3 | 40% - <50% 0.25 0.3 0.4 | <40% 0.3 0.34 0.5 | For single premium variants, the clawback provisions are: | o Immediate Annuity: Full commission clawback if surrendered within 2 years | o Deferred Annuity: Full commission clawback if surrendered within 1 year",year 2: 1%; year 3: 1%; year 4: 1%; year 5+: 1%
506,Digit,,Digit ICON (Non Par),Staggered Maturity,10,-,0.525,0.01,0.01,0.01,0.01,0.01,,"*Early Income contribution to not be more than 25% of total ICON business | *5 Paytotal payout to be capped at Max 37.5% | Please also note that payout recovery will be initiated if 13M persistency falls below 85% as per the below grid: | 13M Persistency Recovery % on premium | 85% and above 0 | 80-84.99% 2.5% recovery | 75-79.99% 6% recovery | 70-74.99% 10% recovery | 65-69.99% 15% recovery | 50-64.99% 20% recovery | 35-49.99% 30% recovery | Below 35% 45% recovery | *Year 6 onwards – 0.50% Commission shall be payable during the PPT | Annuity Clawback for as % of Premium | 84%+ 0 0 0 | 80% - <84% 0.024 0 0 | 74% - <80% 0.05 0.04 0.04 | 70% - <74% 0.074 0.1 0.1 | 64% - <70% 0.1 0.1 0.1 | 60% - <64% 0.15 0.2 0.2 | 50% - <60% 0.2 0.24 0.3 | 40% - <50% 0.25 0.3 0.4 | <40% 0.3 0.34 0.5 | For single premium variants, the clawback provisions are: | o Immediate Annuity: Full commission clawback if surrendered within 2 years | o Deferred Annuity: Full commission clawback if surrendered within 1 year",year 2: 1%; year 3: 1%; year 4: 1%; year 5+: 1%
507,Digit,,Digit ICON (Non Par),Staggered Maturity,12 & Above,-,0.525,0.01,0.01,0.01,0.01,0.01,,"*Early Income contribution to not be more than 25% of total ICON business | *5 Paytotal payout to be capped at Max 37.5% | Please also note that payout recovery will be initiated if 13M persistency falls below 85% as per the below grid: | 13M Persistency Recovery % on premium | 85% and above 0 | 80-84.99% 2.5% recovery | 75-79.99% 6% recovery | 70-74.99% 10% recovery | 65-69.99% 15% recovery | 50-64.99% 20% recovery | 35-49.99% 30% recovery | Below 35% 45% recovery | *Year 6 onwards – 0.50% Commission shall be payable during the PPT | Annuity Clawback for as % of Premium | 84%+ 0 0 0 | 80% - <84% 0.024 0 0 | 74% - <80% 0.05 0.04 0.04 | 70% - <74% 0.074 0.1 0.1 | 64% - <70% 0.1 0.1 0.1 | 60% - <64% 0.15 0.2 0.2 | 50% - <60% 0.2 0.24 0.3 | 40% - <50% 0.25 0.3 0.4 | <40% 0.3 0.34 0.5 | For single premium variants, the clawback provisions are: | o Immediate Annuity: Full commission clawback if surrendered within 2 years | o Deferred Annuity: Full commission clawback if surrendered within 1 year",year 2: 1%; year 3: 1%; year 4: 1%; year 5+: 1%
508,Digit,,Digit ICON (Non Par),Lumpsum/Income Only,5,-,0.24,0.01,0.01,0.01,0.01,0.01,,"*Early Income contribution to not be more than 25% of total ICON business | *5 Paytotal payout to be capped at Max 37.5% | Please also note that payout recovery will be initiated if 13M persistency falls below 85% as per the below grid: | 13M Persistency Recovery % on premium | 85% and above 0 | 80-84.99% 2.5% recovery | 75-79.99% 6% recovery | 70-74.99% 10% recovery | 65-69.99% 15% recovery | 50-64.99% 20% recovery | 35-49.99% 30% recovery | Below 35% 45% recovery | *Year 6 onwards – 0.50% Commission shall be payable during the PPT | Annuity Clawback for as % of Premium | 84%+ 0 0 0 | 80% - <84% 0.024 0 0 | 74% - <80% 0.05 0.04 0.04 | 70% - <74% 0.074 0.1 0.1 | 64% - <70% 0.1 0.1 0.1 | 60% - <64% 0.15 0.2 0.2 | 50% - <60% 0.2 0.24 0.3 | 40% - <50% 0.25 0.3 0.4 | <40% 0.3 0.34 0.5 | For single premium variants, the clawback provisions are: | o Immediate Annuity: Full commission clawback if surrendered within 2 years | o Deferred Annuity: Full commission clawback if surrendered within 1 year",year 2: 1%; year 3: 1%; year 4: 1%; year 5+: 1%
509,Digit,,Digit ICON (Non Par),Lumpsum/Income Only,6,-,0.3,0.01,0.01,0.01,0.01,0.01,,"*Early Income contribution to not be more than 25% of total ICON business | *5 Paytotal payout to be capped at Max 37.5% | Please also note that payout recovery will be initiated if 13M persistency falls below 85% as per the below grid: | 13M Persistency Recovery % on premium | 85% and above 0 | 80-84.99% 2.5% recovery | 75-79.99% 6% recovery | 70-74.99% 10% recovery | 65-69.99% 15% recovery | 50-64.99% 20% recovery | 35-49.99% 30% recovery | Below 35% 45% recovery | *Year 6 onwards – 0.50% Commission shall be payable during the PPT | Annuity Clawback for as % of Premium | 84%+ 0 0 0 | 80% - <84% 0.024 0 0 | 74% - <80% 0.05 0.04 0.04 | 70% - <74% 0.074 0.1 0.1 | 64% - <70% 0.1 0.1 0.1 | 60% - <64% 0.15 0.2 0.2 | 50% - <60% 0.2 0.24 0.3 | 40% - <50% 0.25 0.3 0.4 | <40% 0.3 0.34 0.5 | For single premium variants, the clawback provisions are: | o Immediate Annuity: Full commission clawback if surrendered within 2 years | o Deferred Annuity: Full commission clawback if surrendered within 1 year",year 2: 1%; year 3: 1%; year 4: 1%; year 5+: 1%
510,Digit,,Digit ICON (Non Par),Lumpsum/Income Only,7,-,0.375,0.01,0.01,0.01,0.01,0.01,,"*Early Income contribution to not be more than 25% of total ICON business | *5 Paytotal payout to be capped at Max 37.5% | Please also note that payout recovery will be initiated if 13M persistency falls below 85% as per the below grid: | 13M Persistency Recovery % on premium | 85% and above 0 | 80-84.99% 2.5% recovery | 75-79.99% 6% recovery | 70-74.99% 10% recovery | 65-69.99% 15% recovery | 50-64.99% 20% recovery | 35-49.99% 30% recovery | Below 35% 45% recovery | *Year 6 onwards – 0.50% Commission shall be payable during the PPT | Annuity Clawback for as % of Premium | 84%+ 0 0 0 | 80% - <84% 0.024 0 0 | 74% - <80% 0.05 0.04 0.04 | 70% - <74% 0.074 0.1 0.1 | 64% - <70% 0.1 0.1 0.1 | 60% - <64% 0.15 0.2 0.2 | 50% - <60% 0.2 0.24 0.3 | 40% - <50% 0.25 0.3 0.4 | <40% 0.3 0.34 0.5 | For single premium variants, the clawback provisions are: | o Immediate Annuity: Full commission clawback if surrendered within 2 years | o Deferred Annuity: Full commission clawback if surrendered within 1 year",year 2: 1%; year 3: 1%; year 4: 1%; year 5+: 1%
511,Digit,,Digit ICON (Non Par),Lumpsum/Income Only,8,-,0.435,0.01,0.01,0.01,0.01,0.01,,"*Early Income contribution to not be more than 25% of total ICON business | *5 Paytotal payout to be capped at Max 37.5% | Please also note that payout recovery will be initiated if 13M persistency falls below 85% as per the below grid: | 13M Persistency Recovery % on premium | 85% and above 0 | 80-84.99% 2.5% recovery | 75-79.99% 6% recovery | 70-74.99% 10% recovery | 65-69.99% 15% recovery | 50-64.99% 20% recovery | 35-49.99% 30% recovery | Below 35% 45% recovery | *Year 6 onwards – 0.50% Commission shall be payable during the PPT | Annuity Clawback for as % of Premium | 84%+ 0 0 0 | 80% - <84% 0.024 0 0 | 74% - <80% 0.05 0.04 0.04 | 70% - <74% 0.074 0.1 0.1 | 64% - <70% 0.1 0.1 0.1 | 60% - <64% 0.15 0.2 0.2 | 50% - <60% 0.2 0.24 0.3 | 40% - <50% 0.25 0.3 0.4 | <40% 0.3 0.34 0.5 | For single premium variants, the clawback provisions are: | o Immediate Annuity: Full commission clawback if surrendered within 2 years | o Deferred Annuity: Full commission clawback if surrendered within 1 year",year 2: 1%; year 3: 1%; year 4: 1%; year 5+: 1%
512,Digit,,Digit ICON (Non Par),Lumpsum/Income Only,10,-,0.6,0.01,0.01,0.01,0.01,0.01,,"*Early Income contribution to not be more than 25% of total ICON business | *5 Paytotal payout to be capped at Max 37.5% | Please also note that payout recovery will be initiated if 13M persistency falls below 85% as per the below grid: | 13M Persistency Recovery % on premium | 85% and above 0 | 80-84.99% 2.5% recovery | 75-79.99% 6% recovery | 70-74.99% 10% recovery | 65-69.99% 15% recovery | 50-64.99% 20% recovery | 35-49.99% 30% recovery | Below 35% 45% recovery | *Year 6 onwards – 0.50% Commission shall be payable during the PPT | Annuity Clawback for as % of Premium | 84%+ 0 0 0 | 80% - <84% 0.024 0 0 | 74% - <80% 0.05 0.04 0.04 | 70% - <74% 0.074 0.1 0.1 | 64% - <70% 0.1 0.1 0.1 | 60% - <64% 0.15 0.2 0.2 | 50% - <60% 0.2 0.24 0.3 | 40% - <50% 0.25 0.3 0.4 | <40% 0.3 0.34 0.5 | For single premium variants, the clawback provisions are: | o Immediate Annuity: Full commission clawback if surrendered within 2 years | o Deferred Annuity: Full commission clawback if surrendered within 1 year",year 2: 1%; year 3: 1%; year 4: 1%; year 5+: 1%
513,Digit,,Digit ICON (Non Par),Lumpsum/Income Only,12 & Above,-,0.64,0.01,0.01,0.01,0.01,0.01,,"*Early Income contribution to not be more than 25% of total ICON business | *5 Paytotal payout to be capped at Max 37.5% | Please also note that payout recovery will be initiated if 13M persistency falls below 85% as per the below grid: | 13M Persistency Recovery % on premium | 85% and above 0 | 80-84.99% 2.5% recovery | 75-79.99% 6% recovery | 70-74.99% 10% recovery | 65-69.99% 15% recovery | 50-64.99% 20% recovery | 35-49.99% 30% recovery | Below 35% 45% recovery | *Year 6 onwards – 0.50% Commission shall be payable during the PPT | Annuity Clawback for as % of Premium | 84%+ 0 0 0 | 80% - <84% 0.024 0 0 | 74% - <80% 0.05 0.04 0.04 | 70% - <74% 0.074 0.1 0.1 | 64% - <70% 0.1 0.1 0.1 | 60% - <64% 0.15 0.2 0.2 | 50% - <60% 0.2 0.24 0.3 | 40% - <50% 0.25 0.3 0.4 | <40% 0.3 0.34 0.5 | For single premium variants, the clawback provisions are: | o Immediate Annuity: Full commission clawback if surrendered within 2 years | o Deferred Annuity: Full commission clawback if surrendered within 1 year",year 2: 1%; year 3: 1%; year 4: 1%; year 5+: 1%
514,Digit,,Digit ICON (Non Par),Early Income,5,-,0.24,0.01,0.01,0.01,0.01,0.01,,"*Early Income contribution to not be more than 25% of total ICON business | *5 Paytotal payout to be capped at Max 37.5% | Please also note that payout recovery will be initiated if 13M persistency falls below 85% as per the below grid: | 13M Persistency Recovery % on premium | 85% and above 0 | 80-84.99% 2.5% recovery | 75-79.99% 6% recovery | 70-74.99% 10% recovery | 65-69.99% 15% recovery | 50-64.99% 20% recovery | 35-49.99% 30% recovery | Below 35% 45% recovery | *Year 6 onwards – 0.50% Commission shall be payable during the PPT | Annuity Clawback for as % of Premium | 84%+ 0 0 0 | 80% - <84% 0.024 0 0 | 74% - <80% 0.05 0.04 0.04 | 70% - <74% 0.074 0.1 0.1 | 64% - <70% 0.1 0.1 0.1 | 60% - <64% 0.15 0.2 0.2 | 50% - <60% 0.2 0.24 0.3 | 40% - <50% 0.25 0.3 0.4 | <40% 0.3 0.34 0.5 | For single premium variants, the clawback provisions are: | o Immediate Annuity: Full commission clawback if surrendered within 2 years | o Deferred Annuity: Full commission clawback if surrendered within 1 year",year 2: 1%; year 3: 1%; year 4: 1%; year 5+: 1%
515,Digit,,Digit ICON (Non Par),Early Income,6,-,0.3,0.01,0.01,0.01,0.01,0.01,,"*Early Income contribution to not be more than 25% of total ICON business | *5 Paytotal payout to be capped at Max 37.5% | Please also note that payout recovery will be initiated if 13M persistency falls below 85% as per the below grid: | 13M Persistency Recovery % on premium | 85% and above 0 | 80-84.99% 2.5% recovery | 75-79.99% 6% recovery | 70-74.99% 10% recovery | 65-69.99% 15% recovery | 50-64.99% 20% recovery | 35-49.99% 30% recovery | Below 35% 45% recovery | *Year 6 onwards – 0.50% Commission shall be payable during the PPT | Annuity Clawback for as % of Premium | 84%+ 0 0 0 | 80% - <84% 0.024 0 0 | 74% - <80% 0.05 0.04 0.04 | 70% - <74% 0.074 0.1 0.1 | 64% - <70% 0.1 0.1 0.1 | 60% - <64% 0.15 0.2 0.2 | 50% - <60% 0.2 0.24 0.3 | 40% - <50% 0.25 0.3 0.4 | <40% 0.3 0.34 0.5 | For single premium variants, the clawback provisions are: | o Immediate Annuity: Full commission clawback if surrendered within 2 years | o Deferred Annuity: Full commission clawback if surrendered within 1 year",year 2: 1%; year 3: 1%; year 4: 1%; year 5+: 1%
516,Digit,,Digit ICON (Non Par),Early Income,7,-,0.375,0.01,0.01,0.01,0.01,0.01,,"*Early Income contribution to not be more than 25% of total ICON business | *5 Paytotal payout to be capped at Max 37.5% | Please also note that payout recovery will be initiated if 13M persistency falls below 85% as per the below grid: | 13M Persistency Recovery % on premium | 85% and above 0 | 80-84.99% 2.5% recovery | 75-79.99% 6% recovery | 70-74.99% 10% recovery | 65-69.99% 15% recovery | 50-64.99% 20% recovery | 35-49.99% 30% recovery | Below 35% 45% recovery | *Year 6 onwards – 0.50% Commission shall be payable during the PPT | Annuity Clawback for as % of Premium | 84%+ 0 0 0 | 80% - <84% 0.024 0 0 | 74% - <80% 0.05 0.04 0.04 | 70% - <74% 0.074 0.1 0.1 | 64% - <70% 0.1 0.1 0.1 | 60% - <64% 0.15 0.2 0.2 | 50% - <60% 0.2 0.24 0.3 | 40% - <50% 0.25 0.3 0.4 | <40% 0.3 0.34 0.5 | For single premium variants, the clawback provisions are: | o Immediate Annuity: Full commission clawback if surrendered within 2 years | o Deferred Annuity: Full commission clawback if surrendered within 1 year",year 2: 1%; year 3: 1%; year 4: 1%; year 5+: 1%
517,Digit,,Digit ICON (Non Par),Early Income,8,-,0.435,0.01,0.01,0.01,0.01,0.01,,"*Early Income contribution to not be more than 25% of total ICON business | *5 Paytotal payout to be capped at Max 37.5% | Please also note that payout recovery will be initiated if 13M persistency falls below 85% as per the below grid: | 13M Persistency Recovery % on premium | 85% and above 0 | 80-84.99% 2.5% recovery | 75-79.99% 6% recovery | 70-74.99% 10% recovery | 65-69.99% 15% recovery | 50-64.99% 20% recovery | 35-49.99% 30% recovery | Below 35% 45% recovery | *Year 6 onwards – 0.50% Commission shall be payable during the PPT | Annuity Clawback for as % of Premium | 84%+ 0 0 0 | 80% - <84% 0.024 0 0 | 74% - <80% 0.05 0.04 0.04 | 70% - <74% 0.074 0.1 0.1 | 64% - <70% 0.1 0.1 0.1 | 60% - <64% 0.15 0.2 0.2 | 50% - <60% 0.2 0.24 0.3 | 40% - <50% 0.25 0.3 0.4 | <40% 0.3 0.34 0.5 | For single premium variants, the clawback provisions are: | o Immediate Annuity: Full commission clawback if surrendered within 2 years | o Deferred Annuity: Full commission clawback if surrendered within 1 year",year 2: 1%; year 3: 1%; year 4: 1%; year 5+: 1%
518,Digit,,Digit ICON (Non Par),Early Income,10,-,0.6,0.01,0.01,0.01,0.01,0.01,,"*Early Income contribution to not be more than 25% of total ICON business | *5 Paytotal payout to be capped at Max 37.5% | Please also note that payout recovery will be initiated if 13M persistency falls below 85% as per the below grid: | 13M Persistency Recovery % on premium | 85% and above 0 | 80-84.99% 2.5% recovery | 75-79.99% 6% recovery | 70-74.99% 10% recovery | 65-69.99% 15% recovery | 50-64.99% 20% recovery | 35-49.99% 30% recovery | Below 35% 45% recovery | *Year 6 onwards – 0.50% Commission shall be payable during the PPT | Annuity Clawback for as % of Premium | 84%+ 0 0 0 | 80% - <84% 0.024 0 0 | 74% - <80% 0.05 0.04 0.04 | 70% - <74% 0.074 0.1 0.1 | 64% - <70% 0.1 0.1 0.1 | 60% - <64% 0.15 0.2 0.2 | 50% - <60% 0.2 0.24 0.3 | 40% - <50% 0.25 0.3 0.4 | <40% 0.3 0.34 0.5 | For single premium variants, the clawback provisions are: | o Immediate Annuity: Full commission clawback if surrendered within 2 years | o Deferred Annuity: Full commission clawback if surrendered within 1 year",year 2: 1%; year 3: 1%; year 4: 1%; year 5+: 1%
519,Digit,,Digit ICON (Non Par),Early Income,12 & Above,-,0.64,0.01,0.01,0.01,0.01,0.01,,"*Early Income contribution to not be more than 25% of total ICON business | *5 Paytotal payout to be capped at Max 37.5% | Please also note that payout recovery will be initiated if 13M persistency falls below 85% as per the below grid: | 13M Persistency Recovery % on premium | 85% and above 0 | 80-84.99% 2.5% recovery | 75-79.99% 6% recovery | 70-74.99% 10% recovery | 65-69.99% 15% recovery | 50-64.99% 20% recovery | 35-49.99% 30% recovery | Below 35% 45% recovery | *Year 6 onwards – 0.50% Commission shall be payable during the PPT | Annuity Clawback for as % of Premium | 84%+ 0 0 0 | 80% - <84% 0.024 0 0 | 74% - <80% 0.05 0.04 0.04 | 70% - <74% 0.074 0.1 0.1 | 64% - <70% 0.1 0.1 0.1 | 60% - <64% 0.15 0.2 0.2 | 50% - <60% 0.2 0.24 0.3 | 40% - <50% 0.25 0.3 0.4 | <40% 0.3 0.34 0.5 | For single premium variants, the clawback provisions are: | o Immediate Annuity: Full commission clawback if surrendered within 2 years | o Deferred Annuity: Full commission clawback if surrendered within 1 year",year 2: 1%; year 3: 1%; year 4: 1%; year 5+: 1%
520,Digit,,Digit Glow Plus,Regular Pay,-,-,0.525,0.015,0.015,0.015,0.015,0.015,,"*Early Income contribution to not be more than 25% of total ICON business | *5 Paytotal payout to be capped at Max 37.5% | Please also note that payout recovery will be initiated if 13M persistency falls below 85% as per the below grid: | 13M Persistency Recovery % on premium | 85% and above 0 | 80-84.99% 2.5% recovery | 75-79.99% 6% recovery | 70-74.99% 10% recovery | 65-69.99% 15% recovery | 50-64.99% 20% recovery | 35-49.99% 30% recovery | Below 35% 45% recovery | *Year 6 onwards – 0.50% Commission shall be payable during the PPT | Annuity Clawback for as % of Premium | 84%+ 0 0 0 | 80% - <84% 0.024 0 0 | 74% - <80% 0.05 0.04 0.04 | 70% - <74% 0.074 0.1 0.1 | 64% - <70% 0.1 0.1 0.1 | 60% - <64% 0.15 0.2 0.2 | 50% - <60% 0.2 0.24 0.3 | 40% - <50% 0.25 0.3 0.4 | <40% 0.3 0.34 0.5 | For single premium variants, the clawback provisions are: | o Immediate Annuity: Full commission clawback if surrendered within 2 years | o Deferred Annuity: Full commission clawback if surrendered within 1 year",year 2: 1.5%; year 3: 1.5%; year 4: 1.5%; year 5+: 1.5%
521,Digit,,Digit Glow Plus,Pay Till 60,-,-,0.525,0.015,0.015,0.015,0.015,0.015,,"*Early Income contribution to not be more than 25% of total ICON business | *5 Paytotal payout to be capped at Max 37.5% | Please also note that payout recovery will be initiated if 13M persistency falls below 85% as per the below grid: | 13M Persistency Recovery % on premium | 85% and above 0 | 80-84.99% 2.5% recovery | 75-79.99% 6% recovery | 70-74.99% 10% recovery | 65-69.99% 15% recovery | 50-64.99% 20% recovery | 35-49.99% 30% recovery | Below 35% 45% recovery | *Year 6 onwards – 0.50% Commission shall be payable during the PPT | Annuity Clawback for as % of Premium | 84%+ 0 0 0 | 80% - <84% 0.024 0 0 | 74% - <80% 0.05 0.04 0.04 | 70% - <74% 0.074 0.1 0.1 | 64% - <70% 0.1 0.1 0.1 | 60% - <64% 0.15 0.2 0.2 | 50% - <60% 0.2 0.24 0.3 | 40% - <50% 0.25 0.3 0.4 | <40% 0.3 0.34 0.5 | For single premium variants, the clawback provisions are: | o Immediate Annuity: Full commission clawback if surrendered within 2 years | o Deferred Annuity: Full commission clawback if surrendered within 1 year",year 2: 1.5%; year 3: 1.5%; year 4: 1.5%; year 5+: 1.5%
522,Digit,,Digit Glow Plus,Ltd pay 5,-,-,0.375,0.01,0.01,0.01,0.01,0.01,,"*Early Income contribution to not be more than 25% of total ICON business | *5 Paytotal payout to be capped at Max 37.5% | Please also note that payout recovery will be initiated if 13M persistency falls below 85% as per the below grid: | 13M Persistency Recovery % on premium | 85% and above 0 | 80-84.99% 2.5% recovery | 75-79.99% 6% recovery | 70-74.99% 10% recovery | 65-69.99% 15% recovery | 50-64.99% 20% recovery | 35-49.99% 30% recovery | Below 35% 45% recovery | *Year 6 onwards – 0.50% Commission shall be payable during the PPT | Annuity Clawback for as % of Premium | 84%+ 0 0 0 | 80% - <84% 0.024 0 0 | 74% - <80% 0.05 0.04 0.04 | 70% - <74% 0.074 0.1 0.1 | 64% - <70% 0.1 0.1 0.1 | 60% - <64% 0.15 0.2 0.2 | 50% - <60% 0.2 0.24 0.3 | 40% - <50% 0.25 0.3 0.4 | <40% 0.3 0.34 0.5 | For single premium variants, the clawback provisions are: | o Immediate Annuity: Full commission clawback if surrendered within 2 years | o Deferred Annuity: Full commission clawback if surrendered within 1 year",year 2: 1%; year 3: 1%; year 4: 1%; year 5+: 1%
523,Digit,,Digit Glow Plus,Ltd pay 10- 15,-,-,0.525,0.01,0.01,0.01,0.01,0.01,,"*Early Income contribution to not be more than 25% of total ICON business | *5 Paytotal payout to be capped at Max 37.5% | Please also note that payout recovery will be initiated if 13M persistency falls below 85% as per the below grid: | 13M Persistency Recovery % on premium | 85% and above 0 | 80-84.99% 2.5% recovery | 75-79.99% 6% recovery | 70-74.99% 10% recovery | 65-69.99% 15% recovery | 50-64.99% 20% recovery | 35-49.99% 30% recovery | Below 35% 45% recovery | *Year 6 onwards – 0.50% Commission shall be payable during the PPT | Annuity Clawback for as % of Premium | 84%+ 0 0 0 | 80% - <84% 0.024 0 0 | 74% - <80% 0.05 0.04 0.04 | 70% - <74% 0.074 0.1 0.1 | 64% - <70% 0.1 0.1 0.1 | 60% - <64% 0.15 0.2 0.2 | 50% - <60% 0.2 0.24 0.3 | 40% - <50% 0.25 0.3 0.4 | <40% 0.3 0.34 0.5 | For single premium variants, the clawback provisions are: | o Immediate Annuity: Full commission clawback if surrendered within 2 years | o Deferred Annuity: Full commission clawback if surrendered within 1 year",year 2: 1%; year 3: 1%; year 4: 1%; year 5+: 1%
524,Digit,,Guaranteed Annuity(Sukoon),LP/RP,1,-,0.005,,,,,,,"*Early Income contribution to not be more than 25% of total ICON business | *5 Paytotal payout to be capped at Max 37.5% | Please also note that payout recovery will be initiated if 13M persistency falls below 85% as per the below grid: | 13M Persistency Recovery % on premium | 85% and above 0 | 80-84.99% 2.5% recovery | 75-79.99% 6% recovery | 70-74.99% 10% recovery | 65-69.99% 15% recovery | 50-64.99% 20% recovery | 35-49.99% 30% recovery | Below 35% 45% recovery | *Year 6 onwards – 0.50% Commission shall be payable during the PPT | Annuity Clawback for as % of Premium | 84%+ 0 0 0 | 80% - <84% 0.024 0 0 | 74% - <80% 0.05 0.04 0.04 | 70% - <74% 0.074 0.1 0.1 | 64% - <70% 0.1 0.1 0.1 | 60% - <64% 0.15 0.2 0.2 | 50% - <60% 0.2 0.24 0.3 | 40% - <50% 0.25 0.3 0.4 | <40% 0.3 0.34 0.5 | For single premium variants, the clawback provisions are: | o Immediate Annuity: Full commission clawback if surrendered within 2 years | o Deferred Annuity: Full commission clawback if surrendered within 1 year",year 2: —; year 3: —; year 4: —; year 5+: —
525,Digit,,Guaranteed Annuity(Sukoon),LP/RP,5,-,0.255,,,,,,,"*Early Income contribution to not be more than 25% of total ICON business | *5 Paytotal payout to be capped at Max 37.5% | Please also note that payout recovery will be initiated if 13M persistency falls below 85% as per the below grid: | 13M Persistency Recovery % on premium | 85% and above 0 | 80-84.99% 2.5% recovery | 75-79.99% 6% recovery | 70-74.99% 10% recovery | 65-69.99% 15% recovery | 50-64.99% 20% recovery | 35-49.99% 30% recovery | Below 35% 45% recovery | *Year 6 onwards – 0.50% Commission shall be payable during the PPT | Annuity Clawback for as % of Premium | 84%+ 0 0 0 | 80% - <84% 0.024 0 0 | 74% - <80% 0.05 0.04 0.04 | 70% - <74% 0.074 0.1 0.1 | 64% - <70% 0.1 0.1 0.1 | 60% - <64% 0.15 0.2 0.2 | 50% - <60% 0.2 0.24 0.3 | 40% - <50% 0.25 0.3 0.4 | <40% 0.3 0.34 0.5 | For single premium variants, the clawback provisions are: | o Immediate Annuity: Full commission clawback if surrendered within 2 years | o Deferred Annuity: Full commission clawback if surrendered within 1 year",year 2: —; year 3: —; year 4: —; year 5+: —
526,Digit,,Guaranteed Annuity(Sukoon),LP/RP,6,-,0.255,,,,,,,"*Early Income contribution to not be more than 25% of total ICON business | *5 Paytotal payout to be capped at Max 37.5% | Please also note that payout recovery will be initiated if 13M persistency falls below 85% as per the below grid: | 13M Persistency Recovery % on premium | 85% and above 0 | 80-84.99% 2.5% recovery | 75-79.99% 6% recovery | 70-74.99% 10% recovery | 65-69.99% 15% recovery | 50-64.99% 20% recovery | 35-49.99% 30% recovery | Below 35% 45% recovery | *Year 6 onwards – 0.50% Commission shall be payable during the PPT | Annuity Clawback for as % of Premium | 84%+ 0 0 0 | 80% - <84% 0.024 0 0 | 74% - <80% 0.05 0.04 0.04 | 70% - <74% 0.074 0.1 0.1 | 64% - <70% 0.1 0.1 0.1 | 60% - <64% 0.15 0.2 0.2 | 50% - <60% 0.2 0.24 0.3 | 40% - <50% 0.25 0.3 0.4 | <40% 0.3 0.34 0.5 | For single premium variants, the clawback provisions are: | o Immediate Annuity: Full commission clawback if surrendered within 2 years | o Deferred Annuity: Full commission clawback if surrendered within 1 year",year 2: —; year 3: —; year 4: —; year 5+: —
527,Digit,,Guaranteed Annuity(Sukoon),LP/RP,7,-,0.255,,,,,,,"*Early Income contribution to not be more than 25% of total ICON business | *5 Paytotal payout to be capped at Max 37.5% | Please also note that payout recovery will be initiated if 13M persistency falls below 85% as per the below grid: | 13M Persistency Recovery % on premium | 85% and above 0 | 80-84.99% 2.5% recovery | 75-79.99% 6% recovery | 70-74.99% 10% recovery | 65-69.99% 15% recovery | 50-64.99% 20% recovery | 35-49.99% 30% recovery | Below 35% 45% recovery | *Year 6 onwards – 0.50% Commission shall be payable during the PPT | Annuity Clawback for as % of Premium | 84%+ 0 0 0 | 80% - <84% 0.024 0 0 | 74% - <80% 0.05 0.04 0.04 | 70% - <74% 0.074 0.1 0.1 | 64% - <70% 0.1 0.1 0.1 | 60% - <64% 0.15 0.2 0.2 | 50% - <60% 0.2 0.24 0.3 | 40% - <50% 0.25 0.3 0.4 | <40% 0.3 0.34 0.5 | For single premium variants, the clawback provisions are: | o Immediate Annuity: Full commission clawback if surrendered within 2 years | o Deferred Annuity: Full commission clawback if surrendered within 1 year",year 2: —; year 3: —; year 4: —; year 5+: —
528,Digit,,Guaranteed Annuity(Sukoon),LP/RP,8,-,0.33,,,,,,,"*Early Income contribution to not be more than 25% of total ICON business | *5 Paytotal payout to be capped at Max 37.5% | Please also note that payout recovery will be initiated if 13M persistency falls below 85% as per the below grid: | 13M Persistency Recovery % on premium | 85% and above 0 | 80-84.99% 2.5% recovery | 75-79.99% 6% recovery | 70-74.99% 10% recovery | 65-69.99% 15% recovery | 50-64.99% 20% recovery | 35-49.99% 30% recovery | Below 35% 45% recovery | *Year 6 onwards – 0.50% Commission shall be payable during the PPT | Annuity Clawback for as % of Premium | 84%+ 0 0 0 | 80% - <84% 0.024 0 0 | 74% - <80% 0.05 0.04 0.04 | 70% - <74% 0.074 0.1 0.1 | 64% - <70% 0.1 0.1 0.1 | 60% - <64% 0.15 0.2 0.2 | 50% - <60% 0.2 0.24 0.3 | 40% - <50% 0.25 0.3 0.4 | <40% 0.3 0.34 0.5 | For single premium variants, the clawback provisions are: | o Immediate Annuity: Full commission clawback if surrendered within 2 years | o Deferred Annuity: Full commission clawback if surrendered within 1 year",year 2: —; year 3: —; year 4: —; year 5+: —
529,Digit,,Guaranteed Annuity(Sukoon),LP/RP,10,-,0.405,,,,,,,"*Early Income contribution to not be more than 25% of total ICON business | *5 Paytotal payout to be capped at Max 37.5% | Please also note that payout recovery will be initiated if 13M persistency falls below 85% as per the below grid: | 13M Persistency Recovery % on premium | 85% and above 0 | 80-84.99% 2.5% recovery | 75-79.99% 6% recovery | 70-74.99% 10% recovery | 65-69.99% 15% recovery | 50-64.99% 20% recovery | 35-49.99% 30% recovery | Below 35% 45% recovery | *Year 6 onwards – 0.50% Commission shall be payable during the PPT | Annuity Clawback for as % of Premium | 84%+ 0 0 0 | 80% - <84% 0.024 0 0 | 74% - <80% 0.05 0.04 0.04 | 70% - <74% 0.074 0.1 0.1 | 64% - <70% 0.1 0.1 0.1 | 60% - <64% 0.15 0.2 0.2 | 50% - <60% 0.2 0.24 0.3 | 40% - <50% 0.25 0.3 0.4 | <40% 0.3 0.34 0.5 | For single premium variants, the clawback provisions are: | o Immediate Annuity: Full commission clawback if surrendered within 2 years | o Deferred Annuity: Full commission clawback if surrendered within 1 year",year 2: —; year 3: —; year 4: —; year 5+: —
530,Digit,,Guaranteed Annuity(Sukoon),LP/RP,12,-,0.405,,,,,,,"*Early Income contribution to not be more than 25% of total ICON business | *5 Paytotal payout to be capped at Max 37.5% | Please also note that payout recovery will be initiated if 13M persistency falls below 85% as per the below grid: | 13M Persistency Recovery % on premium | 85% and above 0 | 80-84.99% 2.5% recovery | 75-79.99% 6% recovery | 70-74.99% 10% recovery | 65-69.99% 15% recovery | 50-64.99% 20% recovery | 35-49.99% 30% recovery | Below 35% 45% recovery | *Year 6 onwards – 0.50% Commission shall be payable during the PPT | Annuity Clawback for as % of Premium | 84%+ 0 0 0 | 80% - <84% 0.024 0 0 | 74% - <80% 0.05 0.04 0.04 | 70% - <74% 0.074 0.1 0.1 | 64% - <70% 0.1 0.1 0.1 | 60% - <64% 0.15 0.2 0.2 | 50% - <60% 0.2 0.24 0.3 | 40% - <50% 0.25 0.3 0.4 | <40% 0.3 0.34 0.5 | For single premium variants, the clawback provisions are: | o Immediate Annuity: Full commission clawback if surrendered within 2 years | o Deferred Annuity: Full commission clawback if surrendered within 1 year",year 2: —; year 3: —; year 4: —; year 5+: —
531,Digit,,Guaranteed Annuity(Sukoon),LP/RP,15,-,0.405,,,,,,,"*Early Income contribution to not be more than 25% of total ICON business | *5 Paytotal payout to be capped at Max 37.5% | Please also note that payout recovery will be initiated if 13M persistency falls below 85% as per the below grid: | 13M Persistency Recovery % on premium | 85% and above 0 | 80-84.99% 2.5% recovery | 75-79.99% 6% recovery | 70-74.99% 10% recovery | 65-69.99% 15% recovery | 50-64.99% 20% recovery | 35-49.99% 30% recovery | Below 35% 45% recovery | *Year 6 onwards – 0.50% Commission shall be payable during the PPT | Annuity Clawback for as % of Premium | 84%+ 0 0 0 | 80% - <84% 0.024 0 0 | 74% - <80% 0.05 0.04 0.04 | 70% - <74% 0.074 0.1 0.1 | 64% - <70% 0.1 0.1 0.1 | 60% - <64% 0.15 0.2 0.2 | 50% - <60% 0.2 0.24 0.3 | 40% - <50% 0.25 0.3 0.4 | <40% 0.3 0.34 0.5 | For single premium variants, the clawback provisions are: | o Immediate Annuity: Full commission clawback if surrendered within 2 years | o Deferred Annuity: Full commission clawback if surrendered within 1 year",year 2: —; year 3: —; year 4: —; year 5+: —
532,Digit,,Variable Deferred Annuity(Boss),LP/RP,5,-,0.07,0.07,0.07,0.02,0.005,,,"*Early Income contribution to not be more than 25% of total ICON business | *5 Paytotal payout to be capped at Max 37.5% | Please also note that payout recovery will be initiated if 13M persistency falls below 85% as per the below grid: | 13M Persistency Recovery % on premium | 85% and above 0 | 80-84.99% 2.5% recovery | 75-79.99% 6% recovery | 70-74.99% 10% recovery | 65-69.99% 15% recovery | 50-64.99% 20% recovery | 35-49.99% 30% recovery | Below 35% 45% recovery | *Year 6 onwards – 0.50% Commission shall be payable during the PPT | Annuity Clawback for as % of Premium | 84%+ 0 0 0 | 80% - <84% 0.024 0 0 | 74% - <80% 0.05 0.04 0.04 | 70% - <74% 0.074 0.1 0.1 | 64% - <70% 0.1 0.1 0.1 | 60% - <64% 0.15 0.2 0.2 | 50% - <60% 0.2 0.24 0.3 | 40% - <50% 0.25 0.3 0.4 | <40% 0.3 0.34 0.5 | For single premium variants, the clawback provisions are: | o Immediate Annuity: Full commission clawback if surrendered within 2 years | o Deferred Annuity: Full commission clawback if surrendered within 1 year",year 2: 7%; year 3: 7%; year 4: 2%; year 5: 0.5%
533,Digit,,Variable Deferred Annuity(Boss),LP/RP,6,-,0.07,0.07,0.07,0.02,0.005,,,"*Early Income contribution to not be more than 25% of total ICON business | *5 Paytotal payout to be capped at Max 37.5% | Please also note that payout recovery will be initiated if 13M persistency falls below 85% as per the below grid: | 13M Persistency Recovery % on premium | 85% and above 0 | 80-84.99% 2.5% recovery | 75-79.99% 6% recovery | 70-74.99% 10% recovery | 65-69.99% 15% recovery | 50-64.99% 20% recovery | 35-49.99% 30% recovery | Below 35% 45% recovery | *Year 6 onwards – 0.50% Commission shall be payable during the PPT | Annuity Clawback for as % of Premium | 84%+ 0 0 0 | 80% - <84% 0.024 0 0 | 74% - <80% 0.05 0.04 0.04 | 70% - <74% 0.074 0.1 0.1 | 64% - <70% 0.1 0.1 0.1 | 60% - <64% 0.15 0.2 0.2 | 50% - <60% 0.2 0.24 0.3 | 40% - <50% 0.25 0.3 0.4 | <40% 0.3 0.34 0.5 | For single premium variants, the clawback provisions are: | o Immediate Annuity: Full commission clawback if surrendered within 2 years | o Deferred Annuity: Full commission clawback if surrendered within 1 year",year 2: 7%; year 3: 7%; year 4: 2%; year 5: 0.5%
534,Digit,,Variable Deferred Annuity(Boss),LP/RP,7,-,0.07,0.07,0.07,0.02,0.005,,,"*Early Income contribution to not be more than 25% of total ICON business | *5 Paytotal payout to be capped at Max 37.5% | Please also note that payout recovery will be initiated if 13M persistency falls below 85% as per the below grid: | 13M Persistency Recovery % on premium | 85% and above 0 | 80-84.99% 2.5% recovery | 75-79.99% 6% recovery | 70-74.99% 10% recovery | 65-69.99% 15% recovery | 50-64.99% 20% recovery | 35-49.99% 30% recovery | Below 35% 45% recovery | *Year 6 onwards – 0.50% Commission shall be payable during the PPT | Annuity Clawback for as % of Premium | 84%+ 0 0 0 | 80% - <84% 0.024 0 0 | 74% - <80% 0.05 0.04 0.04 | 70% - <74% 0.074 0.1 0.1 | 64% - <70% 0.1 0.1 0.1 | 60% - <64% 0.15 0.2 0.2 | 50% - <60% 0.2 0.24 0.3 | 40% - <50% 0.25 0.3 0.4 | <40% 0.3 0.34 0.5 | For single premium variants, the clawback provisions are: | o Immediate Annuity: Full commission clawback if surrendered within 2 years | o Deferred Annuity: Full commission clawback if surrendered within 1 year",year 2: 7%; year 3: 7%; year 4: 2%; year 5: 0.5%
535,Digit,,Variable Deferred Annuity(Boss),LP/RP,8,-,0.07,0.07,0.07,0.07,0.02,,,"*Early Income contribution to not be more than 25% of total ICON business | *5 Paytotal payout to be capped at Max 37.5% | Please also note that payout recovery will be initiated if 13M persistency falls below 85% as per the below grid: | 13M Persistency Recovery % on premium | 85% and above 0 | 80-84.99% 2.5% recovery | 75-79.99% 6% recovery | 70-74.99% 10% recovery | 65-69.99% 15% recovery | 50-64.99% 20% recovery | 35-49.99% 30% recovery | Below 35% 45% recovery | *Year 6 onwards – 0.50% Commission shall be payable during the PPT | Annuity Clawback for as % of Premium | 84%+ 0 0 0 | 80% - <84% 0.024 0 0 | 74% - <80% 0.05 0.04 0.04 | 70% - <74% 0.074 0.1 0.1 | 64% - <70% 0.1 0.1 0.1 | 60% - <64% 0.15 0.2 0.2 | 50% - <60% 0.2 0.24 0.3 | 40% - <50% 0.25 0.3 0.4 | <40% 0.3 0.34 0.5 | For single premium variants, the clawback provisions are: | o Immediate Annuity: Full commission clawback if surrendered within 2 years | o Deferred Annuity: Full commission clawback if surrendered within 1 year",year 2: 7%; year 3: 7%; year 4: 7%; year 5: 2%
536,Digit,,Variable Deferred Annuity(Boss),LP/RP,10,-,0.07,0.07,0.07,0.07,0.07,,,"*Early Income contribution to not be more than 25% of total ICON business | *5 Paytotal payout to be capped at Max 37.5% | Please also note that payout recovery will be initiated if 13M persistency falls below 85% as per the below grid: | 13M Persistency Recovery % on premium | 85% and above 0 | 80-84.99% 2.5% recovery | 75-79.99% 6% recovery | 70-74.99% 10% recovery | 65-69.99% 15% recovery | 50-64.99% 20% recovery | 35-49.99% 30% recovery | Below 35% 45% recovery | *Year 6 onwards – 0.50% Commission shall be payable during the PPT | Annuity Clawback for as % of Premium | 84%+ 0 0 0 | 80% - <84% 0.024 0 0 | 74% - <80% 0.05 0.04 0.04 | 70% - <74% 0.074 0.1 0.1 | 64% - <70% 0.1 0.1 0.1 | 60% - <64% 0.15 0.2 0.2 | 50% - <60% 0.2 0.24 0.3 | 40% - <50% 0.25 0.3 0.4 | <40% 0.3 0.34 0.5 | For single premium variants, the clawback provisions are: | o Immediate Annuity: Full commission clawback if surrendered within 2 years | o Deferred Annuity: Full commission clawback if surrendered within 1 year",year 2: 7%; year 3: 7%; year 4: 7%; year 5: 7%
537,Digit,,Variable Deferred Annuity(Boss),LP/RP,12,-,0.07,0.07,0.07,0.07,0.07,,,"*Early Income contribution to not be more than 25% of total ICON business | *5 Paytotal payout to be capped at Max 37.5% | Please also note that payout recovery will be initiated if 13M persistency falls below 85% as per the below grid: | 13M Persistency Recovery % on premium | 85% and above 0 | 80-84.99% 2.5% recovery | 75-79.99% 6% recovery | 70-74.99% 10% recovery | 65-69.99% 15% recovery | 50-64.99% 20% recovery | 35-49.99% 30% recovery | Below 35% 45% recovery | *Year 6 onwards – 0.50% Commission shall be payable during the PPT | Annuity Clawback for as % of Premium | 84%+ 0 0 0 | 80% - <84% 0.024 0 0 | 74% - <80% 0.05 0.04 0.04 | 70% - <74% 0.074 0.1 0.1 | 64% - <70% 0.1 0.1 0.1 | 60% - <64% 0.15 0.2 0.2 | 50% - <60% 0.2 0.24 0.3 | 40% - <50% 0.25 0.3 0.4 | <40% 0.3 0.34 0.5 | For single premium variants, the clawback provisions are: | o Immediate Annuity: Full commission clawback if surrendered within 2 years | o Deferred Annuity: Full commission clawback if surrendered within 1 year",year 2: 7%; year 3: 7%; year 4: 7%; year 5: 7%
538,Digit,,Variable Deferred Annuity(Boss),LP/RP,15,-,0.07,0.07,0.07,0.07,0.07,,,"*Early Income contribution to not be more than 25% of total ICON business | *5 Paytotal payout to be capped at Max 37.5% | Please also note that payout recovery will be initiated if 13M persistency falls below 85% as per the below grid: | 13M Persistency Recovery % on premium | 85% and above 0 | 80-84.99% 2.5% recovery | 75-79.99% 6% recovery | 70-74.99% 10% recovery | 65-69.99% 15% recovery | 50-64.99% 20% recovery | 35-49.99% 30% recovery | Below 35% 45% recovery | *Year 6 onwards – 0.50% Commission shall be payable during the PPT | Annuity Clawback for as % of Premium | 84%+ 0 0 0 | 80% - <84% 0.024 0 0 | 74% - <80% 0.05 0.04 0.04 | 70% - <74% 0.074 0.1 0.1 | 64% - <70% 0.1 0.1 0.1 | 60% - <64% 0.15 0.2 0.2 | 50% - <60% 0.2 0.24 0.3 | 40% - <50% 0.25 0.3 0.4 | <40% 0.3 0.34 0.5 | For single premium variants, the clawback provisions are: | o Immediate Annuity: Full commission clawback if surrendered within 2 years | o Deferred Annuity: Full commission clawback if surrendered within 1 year",year 2: 7%; year 3: 7%; year 4: 7%; year 5: 7%
539,HDFC,Annuaity- PAR,Assured Gain Plus,,5 to 7,-,0.47,0.01,,,,,,"Online Business - 5% Less than the above rates mentioned | 13th month persistency of NB sourced from 1st Oct'24, need to be mentained 90% to sustain above commercials, in case of less than 90% persistency , clawback will be applicable on non persistent base i.e. Lapsed & Surrendered. | For Traditonal Saving & ULIP products that are not inforce at the completion of the Waiting period, entire first year commision / PBR paid would be clawed back. | in the event that any clawback, including the first year commission as referenced above is required to be recovered, such amount shall be deducted from future business commissions / renewal commissions / PBR that may be established from time to time. | Above 13M clause applicble on ULIP, PAR , Non PAR and Annuaity/Pension products. | Above mentioned additional ""Segment Renewal"" % is subject to min persistency of 70% or thershold which HDFC Life may decide from time to time. Above mentioned additional ""Segment Renewal"" % only for 2 years post that std renewal will be paid.",renewals: 1%
540,HDFC,Annuaity- PAR,Assured Gain Plus,,8 & 9,-,0.47,0.01,,,,,,"Online Business - 5% Less than the above rates mentioned | 13th month persistency of NB sourced from 1st Oct'24, need to be mentained 90% to sustain above commercials, in case of less than 90% persistency , clawback will be applicable on non persistent base i.e. Lapsed & Surrendered. | For Traditonal Saving & ULIP products that are not inforce at the completion of the Waiting period, entire first year commision / PBR paid would be clawed back. | in the event that any clawback, including the first year commission as referenced above is required to be recovered, such amount shall be deducted from future business commissions / renewal commissions / PBR that may be established from time to time. | Above 13M clause applicble on ULIP, PAR , Non PAR and Annuaity/Pension products. | Above mentioned additional ""Segment Renewal"" % is subject to min persistency of 70% or thershold which HDFC Life may decide from time to time. Above mentioned additional ""Segment Renewal"" % only for 2 years post that std renewal will be paid.",renewals: 1%
541,HDFC,Annuaity- PAR,Assured Gain Plus,,>=10,-,0.47,0.01,,,,,,"Online Business - 5% Less than the above rates mentioned | 13th month persistency of NB sourced from 1st Oct'24, need to be mentained 90% to sustain above commercials, in case of less than 90% persistency , clawback will be applicable on non persistent base i.e. Lapsed & Surrendered. | For Traditonal Saving & ULIP products that are not inforce at the completion of the Waiting period, entire first year commision / PBR paid would be clawed back. | in the event that any clawback, including the first year commission as referenced above is required to be recovered, such amount shall be deducted from future business commissions / renewal commissions / PBR that may be established from time to time. | Above 13M clause applicble on ULIP, PAR , Non PAR and Annuaity/Pension products. | Above mentioned additional ""Segment Renewal"" % is subject to min persistency of 70% or thershold which HDFC Life may decide from time to time. Above mentioned additional ""Segment Renewal"" % only for 2 years post that std renewal will be paid.",renewals: 1%
542,HDFC,Trad- Non Par,Click 2 Achieve,,>=5,-,0.47,0.01,,,,,,"Online Business - 5% Less than the above rates mentioned | 13th month persistency of NB sourced from 1st Oct'24, need to be mentained 90% to sustain above commercials, in case of less than 90% persistency , clawback will be applicable on non persistent base i.e. Lapsed & Surrendered. | For Traditonal Saving & ULIP products that are not inforce at the completion of the Waiting period, entire first year commision / PBR paid would be clawed back. | in the event that any clawback, including the first year commission as referenced above is required to be recovered, such amount shall be deducted from future business commissions / renewal commissions / PBR that may be established from time to time. | Above 13M clause applicble on ULIP, PAR , Non PAR and Annuaity/Pension products. | Above mentioned additional ""Segment Renewal"" % is subject to min persistency of 70% or thershold which HDFC Life may decide from time to time. Above mentioned additional ""Segment Renewal"" % only for 2 years post that std renewal will be paid.",renewals: 1%
543,HDFC,Trad - Par,Click 2 Achieve PAR Advantage,,5 to 7,-,0.47,0.01,,,,,,"Online Business - 5% Less than the above rates mentioned | 13th month persistency of NB sourced from 1st Oct'24, need to be mentained 90% to sustain above commercials, in case of less than 90% persistency , clawback will be applicable on non persistent base i.e. Lapsed & Surrendered. | For Traditonal Saving & ULIP products that are not inforce at the completion of the Waiting period, entire first year commision / PBR paid would be clawed back. | in the event that any clawback, including the first year commission as referenced above is required to be recovered, such amount shall be deducted from future business commissions / renewal commissions / PBR that may be established from time to time. | Above 13M clause applicble on ULIP, PAR , Non PAR and Annuaity/Pension products. | Above mentioned additional ""Segment Renewal"" % is subject to min persistency of 70% or thershold which HDFC Life may decide from time to time. Above mentioned additional ""Segment Renewal"" % only for 2 years post that std renewal will be paid.",renewals: 1%
544,HDFC,Trad - Par,Click 2 Achieve PAR Advantage,,8 & 9,-,0.47,0.01,,,,,,"Online Business - 5% Less than the above rates mentioned | 13th month persistency of NB sourced from 1st Oct'24, need to be mentained 90% to sustain above commercials, in case of less than 90% persistency , clawback will be applicable on non persistent base i.e. Lapsed & Surrendered. | For Traditonal Saving & ULIP products that are not inforce at the completion of the Waiting period, entire first year commision / PBR paid would be clawed back. | in the event that any clawback, including the first year commission as referenced above is required to be recovered, such amount shall be deducted from future business commissions / renewal commissions / PBR that may be established from time to time. | Above 13M clause applicble on ULIP, PAR , Non PAR and Annuaity/Pension products. | Above mentioned additional ""Segment Renewal"" % is subject to min persistency of 70% or thershold which HDFC Life may decide from time to time. Above mentioned additional ""Segment Renewal"" % only for 2 years post that std renewal will be paid.",renewals: 1%
545,HDFC,Trad - Par,Click 2 Achieve PAR Advantage,,>=10,-,0.47,0.01,,,,,,"Online Business - 5% Less than the above rates mentioned | 13th month persistency of NB sourced from 1st Oct'24, need to be mentained 90% to sustain above commercials, in case of less than 90% persistency , clawback will be applicable on non persistent base i.e. Lapsed & Surrendered. | For Traditonal Saving & ULIP products that are not inforce at the completion of the Waiting period, entire first year commision / PBR paid would be clawed back. | in the event that any clawback, including the first year commission as referenced above is required to be recovered, such amount shall be deducted from future business commissions / renewal commissions / PBR that may be established from time to time. | Above 13M clause applicble on ULIP, PAR , Non PAR and Annuaity/Pension products. | Above mentioned additional ""Segment Renewal"" % is subject to min persistency of 70% or thershold which HDFC Life may decide from time to time. Above mentioned additional ""Segment Renewal"" % only for 2 years post that std renewal will be paid.",renewals: 1%
546,HDFC,Term- Non Par,Click 2 Protect Supreme,,>=5,-,0.47,0.01,,,,,,"Online Business - 5% Less than the above rates mentioned | 13th month persistency of NB sourced from 1st Oct'24, need to be mentained 90% to sustain above commercials, in case of less than 90% persistency , clawback will be applicable on non persistent base i.e. Lapsed & Surrendered. | For Traditonal Saving & ULIP products that are not inforce at the completion of the Waiting period, entire first year commision / PBR paid would be clawed back. | in the event that any clawback, including the first year commission as referenced above is required to be recovered, such amount shall be deducted from future business commissions / renewal commissions / PBR that may be established from time to time. | Above 13M clause applicble on ULIP, PAR , Non PAR and Annuaity/Pension products. | Above mentioned additional ""Segment Renewal"" % is subject to min persistency of 70% or thershold which HDFC Life may decide from time to time. Above mentioned additional ""Segment Renewal"" % only for 2 years post that std renewal will be paid.",renewals: 1%
547,HDFC,Annuaity- PAR,Guaranteed Income Insurance Plan,,>=5,-,0.47,0.015,,,,,,"Online Business - 5% Less than the above rates mentioned | 13th month persistency of NB sourced from 1st Oct'24, need to be mentained 90% to sustain above commercials, in case of less than 90% persistency , clawback will be applicable on non persistent base i.e. Lapsed & Surrendered. | For Traditonal Saving & ULIP products that are not inforce at the completion of the Waiting period, entire first year commision / PBR paid would be clawed back. | in the event that any clawback, including the first year commission as referenced above is required to be recovered, such amount shall be deducted from future business commissions / renewal commissions / PBR that may be established from time to time. | Above 13M clause applicble on ULIP, PAR , Non PAR and Annuaity/Pension products. | Above mentioned additional ""Segment Renewal"" % is subject to min persistency of 70% or thershold which HDFC Life may decide from time to time. Above mentioned additional ""Segment Renewal"" % only for 2 years post that std renewal will be paid.",renewals: 1.5%
548,HDFC,Annuaity- PAR,Guaranteed Wealth Plus,,5 to 9,-,0.47,0.015,,,,,,"Online Business - 5% Less than the above rates mentioned | 13th month persistency of NB sourced from 1st Oct'24, need to be mentained 90% to sustain above commercials, in case of less than 90% persistency , clawback will be applicable on non persistent base i.e. Lapsed & Surrendered. | For Traditonal Saving & ULIP products that are not inforce at the completion of the Waiting period, entire first year commision / PBR paid would be clawed back. | in the event that any clawback, including the first year commission as referenced above is required to be recovered, such amount shall be deducted from future business commissions / renewal commissions / PBR that may be established from time to time. | Above 13M clause applicble on ULIP, PAR , Non PAR and Annuaity/Pension products. | Above mentioned additional ""Segment Renewal"" % is subject to min persistency of 70% or thershold which HDFC Life may decide from time to time. Above mentioned additional ""Segment Renewal"" % only for 2 years post that std renewal will be paid.",renewals: 1.5%
549,HDFC,Annuaity- PAR,Guaranteed Wealth Plus,,>=10,-,0.47,0.015,,,,,,"Online Business - 5% Less than the above rates mentioned | 13th month persistency of NB sourced from 1st Oct'24, need to be mentained 90% to sustain above commercials, in case of less than 90% persistency , clawback will be applicable on non persistent base i.e. Lapsed & Surrendered. | For Traditonal Saving & ULIP products that are not inforce at the completion of the Waiting period, entire first year commision / PBR paid would be clawed back. | in the event that any clawback, including the first year commission as referenced above is required to be recovered, such amount shall be deducted from future business commissions / renewal commissions / PBR that may be established from time to time. | Above 13M clause applicble on ULIP, PAR , Non PAR and Annuaity/Pension products. | Above mentioned additional ""Segment Renewal"" % is subject to min persistency of 70% or thershold which HDFC Life may decide from time to time. Above mentioned additional ""Segment Renewal"" % only for 2 years post that std renewal will be paid.",renewals: 1.5%
550,HDFC,ULIP,Sampoorn Nivesh Plus (with Supreme Rider),,>=5,-,0.125,0.002,,,,,,"Online Business - 5% Less than the above rates mentioned | 13th month persistency of NB sourced from 1st Oct'24, need to be mentained 90% to sustain above commercials, in case of less than 90% persistency , clawback will be applicable on non persistent base i.e. Lapsed & Surrendered. | For Traditonal Saving & ULIP products that are not inforce at the completion of the Waiting period, entire first year commision / PBR paid would be clawed back. | in the event that any clawback, including the first year commission as referenced above is required to be recovered, such amount shall be deducted from future business commissions / renewal commissions / PBR that may be established from time to time. | Above 13M clause applicble on ULIP, PAR , Non PAR and Annuaity/Pension products. | Above mentioned additional ""Segment Renewal"" % is subject to min persistency of 70% or thershold which HDFC Life may decide from time to time. Above mentioned additional ""Segment Renewal"" % only for 2 years post that std renewal will be paid.",renewals: 0.2%
551,HDFC,ULIP,Click 2 Invest (Classic rider),,Single Pay,-,0.008,0.004237,,,,,,"Online Business - 5% Less than the above rates mentioned | 13th month persistency of NB sourced from 1st Oct'24, need to be mentained 90% to sustain above commercials, in case of less than 90% persistency , clawback will be applicable on non persistent base i.e. Lapsed & Surrendered. | For Traditonal Saving & ULIP products that are not inforce at the completion of the Waiting period, entire first year commision / PBR paid would be clawed back. | in the event that any clawback, including the first year commission as referenced above is required to be recovered, such amount shall be deducted from future business commissions / renewal commissions / PBR that may be established from time to time. | Above 13M clause applicble on ULIP, PAR , Non PAR and Annuaity/Pension products. | Above mentioned additional ""Segment Renewal"" % is subject to min persistency of 70% or thershold which HDFC Life may decide from time to time. Above mentioned additional ""Segment Renewal"" % only for 2 years post that std renewal will be paid.",renewals: 0.424%
552,HDFC,ULIP,Click 2 Invest (Enhanced Rider),,Single Pay,-,0.01,0.004237,,,,,,"Online Business - 5% Less than the above rates mentioned | 13th month persistency of NB sourced from 1st Oct'24, need to be mentained 90% to sustain above commercials, in case of less than 90% persistency , clawback will be applicable on non persistent base i.e. Lapsed & Surrendered. | For Traditonal Saving & ULIP products that are not inforce at the completion of the Waiting period, entire first year commision / PBR paid would be clawed back. | in the event that any clawback, including the first year commission as referenced above is required to be recovered, such amount shall be deducted from future business commissions / renewal commissions / PBR that may be established from time to time. | Above 13M clause applicble on ULIP, PAR , Non PAR and Annuaity/Pension products. | Above mentioned additional ""Segment Renewal"" % is subject to min persistency of 70% or thershold which HDFC Life may decide from time to time. Above mentioned additional ""Segment Renewal"" % only for 2 years post that std renewal will be paid.",renewals: 0.424%
553,HDFC,ULIP,Click 2 Invest (Classic rider),,RP,-,0.03,0.004237,,,,,,"Online Business - 5% Less than the above rates mentioned | 13th month persistency of NB sourced from 1st Oct'24, need to be mentained 90% to sustain above commercials, in case of less than 90% persistency , clawback will be applicable on non persistent base i.e. Lapsed & Surrendered. | For Traditonal Saving & ULIP products that are not inforce at the completion of the Waiting period, entire first year commision / PBR paid would be clawed back. | in the event that any clawback, including the first year commission as referenced above is required to be recovered, such amount shall be deducted from future business commissions / renewal commissions / PBR that may be established from time to time. | Above 13M clause applicble on ULIP, PAR , Non PAR and Annuaity/Pension products. | Above mentioned additional ""Segment Renewal"" % is subject to min persistency of 70% or thershold which HDFC Life may decide from time to time. Above mentioned additional ""Segment Renewal"" % only for 2 years post that std renewal will be paid.",renewals: 0.424%
554,HDFC,ULIP,Click 2 Invest (Enhanced Rider),,RP,-,0.04,0.004237,,,,,,"Online Business - 5% Less than the above rates mentioned | 13th month persistency of NB sourced from 1st Oct'24, need to be mentained 90% to sustain above commercials, in case of less than 90% persistency , clawback will be applicable on non persistent base i.e. Lapsed & Surrendered. | For Traditonal Saving & ULIP products that are not inforce at the completion of the Waiting period, entire first year commision / PBR paid would be clawed back. | in the event that any clawback, including the first year commission as referenced above is required to be recovered, such amount shall be deducted from future business commissions / renewal commissions / PBR that may be established from time to time. | Above 13M clause applicble on ULIP, PAR , Non PAR and Annuaity/Pension products. | Above mentioned additional ""Segment Renewal"" % is subject to min persistency of 70% or thershold which HDFC Life may decide from time to time. Above mentioned additional ""Segment Renewal"" % only for 2 years post that std renewal will be paid.",renewals: 0.424%
555,HDFC,Trad - Par,Sampoorna Jeevan,,5 to7,-,0.47,0.0,,,,,,"Online Business - 5% Less than the above rates mentioned | 13th month persistency of NB sourced from 1st Oct'24, need to be mentained 90% to sustain above commercials, in case of less than 90% persistency , clawback will be applicable on non persistent base i.e. Lapsed & Surrendered. | For Traditonal Saving & ULIP products that are not inforce at the completion of the Waiting period, entire first year commision / PBR paid would be clawed back. | in the event that any clawback, including the first year commission as referenced above is required to be recovered, such amount shall be deducted from future business commissions / renewal commissions / PBR that may be established from time to time. | Above 13M clause applicble on ULIP, PAR , Non PAR and Annuaity/Pension products. | Above mentioned additional ""Segment Renewal"" % is subject to min persistency of 70% or thershold which HDFC Life may decide from time to time. Above mentioned additional ""Segment Renewal"" % only for 2 years post that std renewal will be paid.",renewals: 0%
556,HDFC,Trad - Par,Sampoorna Jeevan,,8 & 9,-,0.47,0.0,,,,,,"Online Business - 5% Less than the above rates mentioned | 13th month persistency of NB sourced from 1st Oct'24, need to be mentained 90% to sustain above commercials, in case of less than 90% persistency , clawback will be applicable on non persistent base i.e. Lapsed & Surrendered. | For Traditonal Saving & ULIP products that are not inforce at the completion of the Waiting period, entire first year commision / PBR paid would be clawed back. | in the event that any clawback, including the first year commission as referenced above is required to be recovered, such amount shall be deducted from future business commissions / renewal commissions / PBR that may be established from time to time. | Above 13M clause applicble on ULIP, PAR , Non PAR and Annuaity/Pension products. | Above mentioned additional ""Segment Renewal"" % is subject to min persistency of 70% or thershold which HDFC Life may decide from time to time. Above mentioned additional ""Segment Renewal"" % only for 2 years post that std renewal will be paid.",renewals: 0%
557,HDFC,Trad - Par,Sampoorna Jeevan,,>=10,-,0.47,0.0,,,,,,"Online Business - 5% Less than the above rates mentioned | 13th month persistency of NB sourced from 1st Oct'24, need to be mentained 90% to sustain above commercials, in case of less than 90% persistency , clawback will be applicable on non persistent base i.e. Lapsed & Surrendered. | For Traditonal Saving & ULIP products that are not inforce at the completion of the Waiting period, entire first year commision / PBR paid would be clawed back. | in the event that any clawback, including the first year commission as referenced above is required to be recovered, such amount shall be deducted from future business commissions / renewal commissions / PBR that may be established from time to time. | Above 13M clause applicble on ULIP, PAR , Non PAR and Annuaity/Pension products. | Above mentioned additional ""Segment Renewal"" % is subject to min persistency of 70% or thershold which HDFC Life may decide from time to time. Above mentioned additional ""Segment Renewal"" % only for 2 years post that std renewal will be paid.",renewals: 0%
558,HDFC,Trad- Non Par,Sanchay Aajeevan Guaranteed Advantage,,5 to 7,-,0.44,0.015,,,,,,"Online Business - 5% Less than the above rates mentioned | 13th month persistency of NB sourced from 1st Oct'24, need to be mentained 90% to sustain above commercials, in case of less than 90% persistency , clawback will be applicable on non persistent base i.e. Lapsed & Surrendered. | For Traditonal Saving & ULIP products that are not inforce at the completion of the Waiting period, entire first year commision / PBR paid would be clawed back. | in the event that any clawback, including the first year commission as referenced above is required to be recovered, such amount shall be deducted from future business commissions / renewal commissions / PBR that may be established from time to time. | Above 13M clause applicble on ULIP, PAR , Non PAR and Annuaity/Pension products. | Above mentioned additional ""Segment Renewal"" % is subject to min persistency of 70% or thershold which HDFC Life may decide from time to time. Above mentioned additional ""Segment Renewal"" % only for 2 years post that std renewal will be paid.",renewals: 1.5%
559,HDFC,Trad- Non Par,Sanchay Aajeevan Guaranteed Advantage,,8 & 9,-,0.44,0.015,,,,,,"Online Business - 5% Less than the above rates mentioned | 13th month persistency of NB sourced from 1st Oct'24, need to be mentained 90% to sustain above commercials, in case of less than 90% persistency , clawback will be applicable on non persistent base i.e. Lapsed & Surrendered. | For Traditonal Saving & ULIP products that are not inforce at the completion of the Waiting period, entire first year commision / PBR paid would be clawed back. | in the event that any clawback, including the first year commission as referenced above is required to be recovered, such amount shall be deducted from future business commissions / renewal commissions / PBR that may be established from time to time. | Above 13M clause applicble on ULIP, PAR , Non PAR and Annuaity/Pension products. | Above mentioned additional ""Segment Renewal"" % is subject to min persistency of 70% or thershold which HDFC Life may decide from time to time. Above mentioned additional ""Segment Renewal"" % only for 2 years post that std renewal will be paid.",renewals: 1.5%
560,HDFC,Trad- Non Par,Sanchay Aajeevan Guaranteed Advantage,,>=10,-,0.44,0.015,,,,,,"Online Business - 5% Less than the above rates mentioned | 13th month persistency of NB sourced from 1st Oct'24, need to be mentained 90% to sustain above commercials, in case of less than 90% persistency , clawback will be applicable on non persistent base i.e. Lapsed & Surrendered. | For Traditonal Saving & ULIP products that are not inforce at the completion of the Waiting period, entire first year commision / PBR paid would be clawed back. | in the event that any clawback, including the first year commission as referenced above is required to be recovered, such amount shall be deducted from future business commissions / renewal commissions / PBR that may be established from time to time. | Above 13M clause applicble on ULIP, PAR , Non PAR and Annuaity/Pension products. | Above mentioned additional ""Segment Renewal"" % is subject to min persistency of 70% or thershold which HDFC Life may decide from time to time. Above mentioned additional ""Segment Renewal"" % only for 2 years post that std renewal will be paid.",renewals: 1.5%
561,HDFC,Trad - Par,Sanchay PAR Advantage,,>=5,-,0.47,0.015,,,,,,"Online Business - 5% Less than the above rates mentioned | 13th month persistency of NB sourced from 1st Oct'24, need to be mentained 90% to sustain above commercials, in case of less than 90% persistency , clawback will be applicable on non persistent base i.e. Lapsed & Surrendered. | For Traditonal Saving & ULIP products that are not inforce at the completion of the Waiting period, entire first year commision / PBR paid would be clawed back. | in the event that any clawback, including the first year commission as referenced above is required to be recovered, such amount shall be deducted from future business commissions / renewal commissions / PBR that may be established from time to time. | Above 13M clause applicble on ULIP, PAR , Non PAR and Annuaity/Pension products. | Above mentioned additional ""Segment Renewal"" % is subject to min persistency of 70% or thershold which HDFC Life may decide from time to time. Above mentioned additional ""Segment Renewal"" % only for 2 years post that std renewal will be paid.",renewals: 1.5%
562,HDFC,Trad- Non Par,Sanchay Plus,,>=5,-,0.47,0.015,,,,,,"Online Business - 5% Less than the above rates mentioned | 13th month persistency of NB sourced from 1st Oct'24, need to be mentained 90% to sustain above commercials, in case of less than 90% persistency , clawback will be applicable on non persistent base i.e. Lapsed & Surrendered. | For Traditonal Saving & ULIP products that are not inforce at the completion of the Waiting period, entire first year commision / PBR paid would be clawed back. | in the event that any clawback, including the first year commission as referenced above is required to be recovered, such amount shall be deducted from future business commissions / renewal commissions / PBR that may be established from time to time. | Above 13M clause applicble on ULIP, PAR , Non PAR and Annuaity/Pension products. | Above mentioned additional ""Segment Renewal"" % is subject to min persistency of 70% or thershold which HDFC Life may decide from time to time. Above mentioned additional ""Segment Renewal"" % only for 2 years post that std renewal will be paid.",renewals: 1.5%
563,HDFC,ULIP - Annuity - Non Par,Smart Pension Plan,,<=10,-,0.095,0.004,,,,,,"Online Business - 5% Less than the above rates mentioned | 13th month persistency of NB sourced from 1st Oct'24, need to be mentained 90% to sustain above commercials, in case of less than 90% persistency , clawback will be applicable on non persistent base i.e. Lapsed & Surrendered. | For Traditonal Saving & ULIP products that are not inforce at the completion of the Waiting period, entire first year commision / PBR paid would be clawed back. | in the event that any clawback, including the first year commission as referenced above is required to be recovered, such amount shall be deducted from future business commissions / renewal commissions / PBR that may be established from time to time. | Above 13M clause applicble on ULIP, PAR , Non PAR and Annuaity/Pension products. | Above mentioned additional ""Segment Renewal"" % is subject to min persistency of 70% or thershold which HDFC Life may decide from time to time. Above mentioned additional ""Segment Renewal"" % only for 2 years post that std renewal will be paid.",renewals: 0.4%
564,HDFC,ULIP - Annuity - Non Par,Smart Pension Plan,,11 & Above,-,0.125,0.004,,,,,,"Online Business - 5% Less than the above rates mentioned | 13th month persistency of NB sourced from 1st Oct'24, need to be mentained 90% to sustain above commercials, in case of less than 90% persistency , clawback will be applicable on non persistent base i.e. Lapsed & Surrendered. | For Traditonal Saving & ULIP products that are not inforce at the completion of the Waiting period, entire first year commision / PBR paid would be clawed back. | in the event that any clawback, including the first year commission as referenced above is required to be recovered, such amount shall be deducted from future business commissions / renewal commissions / PBR that may be established from time to time. | Above 13M clause applicble on ULIP, PAR , Non PAR and Annuaity/Pension products. | Above mentioned additional ""Segment Renewal"" % is subject to min persistency of 70% or thershold which HDFC Life may decide from time to time. Above mentioned additional ""Segment Renewal"" % only for 2 years post that std renewal will be paid.",renewals: 0.4%
565,HDFC,Annuaity- Non Par,Smart Pension Plus,,5 to 7,-,0.41,0.0025,,,,,,"Online Business - 5% Less than the above rates mentioned | 13th month persistency of NB sourced from 1st Oct'24, need to be mentained 90% to sustain above commercials, in case of less than 90% persistency , clawback will be applicable on non persistent base i.e. Lapsed & Surrendered. | For Traditonal Saving & ULIP products that are not inforce at the completion of the Waiting period, entire first year commision / PBR paid would be clawed back. | in the event that any clawback, including the first year commission as referenced above is required to be recovered, such amount shall be deducted from future business commissions / renewal commissions / PBR that may be established from time to time. | Above 13M clause applicble on ULIP, PAR , Non PAR and Annuaity/Pension products. | Above mentioned additional ""Segment Renewal"" % is subject to min persistency of 70% or thershold which HDFC Life may decide from time to time. Above mentioned additional ""Segment Renewal"" % only for 2 years post that std renewal will be paid.",renewals: 0.25%
566,HDFC,Annuaity- Non Par,Smart Pension Plus,,8 & 9,-,0.41,0.0025,,,,,,"Online Business - 5% Less than the above rates mentioned | 13th month persistency of NB sourced from 1st Oct'24, need to be mentained 90% to sustain above commercials, in case of less than 90% persistency , clawback will be applicable on non persistent base i.e. Lapsed & Surrendered. | For Traditonal Saving & ULIP products that are not inforce at the completion of the Waiting period, entire first year commision / PBR paid would be clawed back. | in the event that any clawback, including the first year commission as referenced above is required to be recovered, such amount shall be deducted from future business commissions / renewal commissions / PBR that may be established from time to time. | Above 13M clause applicble on ULIP, PAR , Non PAR and Annuaity/Pension products. | Above mentioned additional ""Segment Renewal"" % is subject to min persistency of 70% or thershold which HDFC Life may decide from time to time. Above mentioned additional ""Segment Renewal"" % only for 2 years post that std renewal will be paid.",renewals: 0.25%
567,HDFC,Annuaity- Non Par,Smart Pension Plus,,>=10,-,0.45,0.0025,,,,,,"Online Business - 5% Less than the above rates mentioned | 13th month persistency of NB sourced from 1st Oct'24, need to be mentained 90% to sustain above commercials, in case of less than 90% persistency , clawback will be applicable on non persistent base i.e. Lapsed & Surrendered. | For Traditonal Saving & ULIP products that are not inforce at the completion of the Waiting period, entire first year commision / PBR paid would be clawed back. | in the event that any clawback, including the first year commission as referenced above is required to be recovered, such amount shall be deducted from future business commissions / renewal commissions / PBR that may be established from time to time. | Above 13M clause applicble on ULIP, PAR , Non PAR and Annuaity/Pension products. | Above mentioned additional ""Segment Renewal"" % is subject to min persistency of 70% or thershold which HDFC Life may decide from time to time. Above mentioned additional ""Segment Renewal"" % only for 2 years post that std renewal will be paid.",renewals: 0.25%
568,HDFC,Annuaity- Non Par,SIP - (Systematic Income Plan),,2,-,0.11,0.0,,,,,,"Online Business - 5% Less than the above rates mentioned | 13th month persistency of NB sourced from 1st Oct'24, need to be mentained 90% to sustain above commercials, in case of less than 90% persistency , clawback will be applicable on non persistent base i.e. Lapsed & Surrendered. | For Traditonal Saving & ULIP products that are not inforce at the completion of the Waiting period, entire first year commision / PBR paid would be clawed back. | in the event that any clawback, including the first year commission as referenced above is required to be recovered, such amount shall be deducted from future business commissions / renewal commissions / PBR that may be established from time to time. | Above 13M clause applicble on ULIP, PAR , Non PAR and Annuaity/Pension products. | Above mentioned additional ""Segment Renewal"" % is subject to min persistency of 70% or thershold which HDFC Life may decide from time to time. Above mentioned additional ""Segment Renewal"" % only for 2 years post that std renewal will be paid.",renewals: 0%
569,HDFC,Annuaity- Non Par,SIP - (Systematic Income Plan),,3,-,0.19,0.0,,,,,,"Online Business - 5% Less than the above rates mentioned | 13th month persistency of NB sourced from 1st Oct'24, need to be mentained 90% to sustain above commercials, in case of less than 90% persistency , clawback will be applicable on non persistent base i.e. Lapsed & Surrendered. | For Traditonal Saving & ULIP products that are not inforce at the completion of the Waiting period, entire first year commision / PBR paid would be clawed back. | in the event that any clawback, including the first year commission as referenced above is required to be recovered, such amount shall be deducted from future business commissions / renewal commissions / PBR that may be established from time to time. | Above 13M clause applicble on ULIP, PAR , Non PAR and Annuaity/Pension products. | Above mentioned additional ""Segment Renewal"" % is subject to min persistency of 70% or thershold which HDFC Life may decide from time to time. Above mentioned additional ""Segment Renewal"" % only for 2 years post that std renewal will be paid.",renewals: 0%
570,HDFC,Annuaity- Non Par,SIP - (Systematic Income Plan),,5,-,0.26,0.0,,,,,,"Online Business - 5% Less than the above rates mentioned | 13th month persistency of NB sourced from 1st Oct'24, need to be mentained 90% to sustain above commercials, in case of less than 90% persistency , clawback will be applicable on non persistent base i.e. Lapsed & Surrendered. | For Traditonal Saving & ULIP products that are not inforce at the completion of the Waiting period, entire first year commision / PBR paid would be clawed back. | in the event that any clawback, including the first year commission as referenced above is required to be recovered, such amount shall be deducted from future business commissions / renewal commissions / PBR that may be established from time to time. | Above 13M clause applicble on ULIP, PAR , Non PAR and Annuaity/Pension products. | Above mentioned additional ""Segment Renewal"" % is subject to min persistency of 70% or thershold which HDFC Life may decide from time to time. Above mentioned additional ""Segment Renewal"" % only for 2 years post that std renewal will be paid.",renewals: 0%
571,HDFC,Annuaity- Non Par,SIP - (Systematic Income Plan),,6 & 7,-,0.34,0.0,,,,,,"Online Business - 5% Less than the above rates mentioned | 13th month persistency of NB sourced from 1st Oct'24, need to be mentained 90% to sustain above commercials, in case of less than 90% persistency , clawback will be applicable on non persistent base i.e. Lapsed & Surrendered. | For Traditonal Saving & ULIP products that are not inforce at the completion of the Waiting period, entire first year commision / PBR paid would be clawed back. | in the event that any clawback, including the first year commission as referenced above is required to be recovered, such amount shall be deducted from future business commissions / renewal commissions / PBR that may be established from time to time. | Above 13M clause applicble on ULIP, PAR , Non PAR and Annuaity/Pension products. | Above mentioned additional ""Segment Renewal"" % is subject to min persistency of 70% or thershold which HDFC Life may decide from time to time. Above mentioned additional ""Segment Renewal"" % only for 2 years post that std renewal will be paid.",renewals: 0%
572,HDFC,Annuaity- Non Par,SIP - (Systematic Income Plan),,8 & Above,-,0.41,0.0,,,,,,"Online Business - 5% Less than the above rates mentioned | 13th month persistency of NB sourced from 1st Oct'24, need to be mentained 90% to sustain above commercials, in case of less than 90% persistency , clawback will be applicable on non persistent base i.e. Lapsed & Surrendered. | For Traditonal Saving & ULIP products that are not inforce at the completion of the Waiting period, entire first year commision / PBR paid would be clawed back. | in the event that any clawback, including the first year commission as referenced above is required to be recovered, such amount shall be deducted from future business commissions / renewal commissions / PBR that may be established from time to time. | Above 13M clause applicble on ULIP, PAR , Non PAR and Annuaity/Pension products. | Above mentioned additional ""Segment Renewal"" % is subject to min persistency of 70% or thershold which HDFC Life may decide from time to time. Above mentioned additional ""Segment Renewal"" % only for 2 years post that std renewal will be paid.",renewals: 0%
573,HDFC,TULIP - Non Par,Smart Protect Plan (any rider),,All,-,0.255,0.002,,,,,,"Online Business - 5% Less than the above rates mentioned | 13th month persistency of NB sourced from 1st Oct'24, need to be mentained 90% to sustain above commercials, in case of less than 90% persistency , clawback will be applicable on non persistent base i.e. Lapsed & Surrendered. | For Traditonal Saving & ULIP products that are not inforce at the completion of the Waiting period, entire first year commision / PBR paid would be clawed back. | in the event that any clawback, including the first year commission as referenced above is required to be recovered, such amount shall be deducted from future business commissions / renewal commissions / PBR that may be established from time to time. | Above 13M clause applicble on ULIP, PAR , Non PAR and Annuaity/Pension products. | Above mentioned additional ""Segment Renewal"" % is subject to min persistency of 70% or thershold which HDFC Life may decide from time to time. Above mentioned additional ""Segment Renewal"" % only for 2 years post that std renewal will be paid.",renewals: 0.2%
574,HDFC,TULIP - Non Par,Smart Protect Plan (with Supreme & Ultimate Rider) Max premium of 10 lacs,,All,-,0.41,0.002,,,,,,"Online Business - 5% Less than the above rates mentioned | 13th month persistency of NB sourced from 1st Oct'24, need to be mentained 90% to sustain above commercials, in case of less than 90% persistency , clawback will be applicable on non persistent base i.e. Lapsed & Surrendered. | For Traditonal Saving & ULIP products that are not inforce at the completion of the Waiting period, entire first year commision / PBR paid would be clawed back. | in the event that any clawback, including the first year commission as referenced above is required to be recovered, such amount shall be deducted from future business commissions / renewal commissions / PBR that may be established from time to time. | Above 13M clause applicble on ULIP, PAR , Non PAR and Annuaity/Pension products. | Above mentioned additional ""Segment Renewal"" % is subject to min persistency of 70% or thershold which HDFC Life may decide from time to time. Above mentioned additional ""Segment Renewal"" % only for 2 years post that std renewal will be paid.",renewals: 0.2%
575,HDFC,Pension - Par,Systematic Retirement Plan,,5 to 7,-,0.41,0.0025,,,,,,"Online Business - 5% Less than the above rates mentioned | 13th month persistency of NB sourced from 1st Oct'24, need to be mentained 90% to sustain above commercials, in case of less than 90% persistency , clawback will be applicable on non persistent base i.e. Lapsed & Surrendered. | For Traditonal Saving & ULIP products that are not inforce at the completion of the Waiting period, entire first year commision / PBR paid would be clawed back. | in the event that any clawback, including the first year commission as referenced above is required to be recovered, such amount shall be deducted from future business commissions / renewal commissions / PBR that may be established from time to time. | Above 13M clause applicble on ULIP, PAR , Non PAR and Annuaity/Pension products. | Above mentioned additional ""Segment Renewal"" % is subject to min persistency of 70% or thershold which HDFC Life may decide from time to time. Above mentioned additional ""Segment Renewal"" % only for 2 years post that std renewal will be paid.",renewals: 0.25%
576,HDFC,Pension - Par,Systematic Retirement Plan,,8 & 9,-,0.41,0.0025,,,,,,"Online Business - 5% Less than the above rates mentioned | 13th month persistency of NB sourced from 1st Oct'24, need to be mentained 90% to sustain above commercials, in case of less than 90% persistency , clawback will be applicable on non persistent base i.e. Lapsed & Surrendered. | For Traditonal Saving & ULIP products that are not inforce at the completion of the Waiting period, entire first year commision / PBR paid would be clawed back. | in the event that any clawback, including the first year commission as referenced above is required to be recovered, such amount shall be deducted from future business commissions / renewal commissions / PBR that may be established from time to time. | Above 13M clause applicble on ULIP, PAR , Non PAR and Annuaity/Pension products. | Above mentioned additional ""Segment Renewal"" % is subject to min persistency of 70% or thershold which HDFC Life may decide from time to time. Above mentioned additional ""Segment Renewal"" % only for 2 years post that std renewal will be paid.",renewals: 0.25%
577,HDFC,Pension - Par,Systematic Retirement Plan,,10 & Above,-,0.45,0.0025,,,,,,"Online Business - 5% Less than the above rates mentioned | 13th month persistency of NB sourced from 1st Oct'24, need to be mentained 90% to sustain above commercials, in case of less than 90% persistency , clawback will be applicable on non persistent base i.e. Lapsed & Surrendered. | For Traditonal Saving & ULIP products that are not inforce at the completion of the Waiting period, entire first year commision / PBR paid would be clawed back. | in the event that any clawback, including the first year commission as referenced above is required to be recovered, such amount shall be deducted from future business commissions / renewal commissions / PBR that may be established from time to time. | Above 13M clause applicble on ULIP, PAR , Non PAR and Annuaity/Pension products. | Above mentioned additional ""Segment Renewal"" % is subject to min persistency of 70% or thershold which HDFC Life may decide from time to time. Above mentioned additional ""Segment Renewal"" % only for 2 years post that std renewal will be paid.",renewals: 0.25%
578,Kotak,,Kotak Assured Savings Plan,,5 &6,-,0.45,0.025,0.025,0.025,0.025,0.025,,,at 2nd year: 0%; renewal year 2: 2.5%; year 3: 2.5%; year 4: 2.5%; year 5: 2.5%; year 6+: 2.5%
579,Kotak,,Kotak Assured Savings Plan,,7 & 8,-,0.49,0.025,0.025,0.025,0.025,0.025,,,at 2nd year: 0%; renewal year 2: 2.5%; year 3: 2.5%; year 4: 2.5%; year 5: 2.5%; year 6+: 2.5%
580,Kotak,,Kotak Assured Savings Plan,,10+,-,0.525,0.025,0.025,0.025,0.025,0.025,,,at 2nd year: 0%; renewal year 2: 2.5%; year 3: 2.5%; year 4: 2.5%; year 5: 2.5%; year 6+: 2.5%
581,Kotak,,Kotak Fortune Maximiser,,5,-,0.45,0.0,0.02,0.02,0.02,0.02,,,at 2nd year: 0%; renewal year 2: 0%; year 3: 2%; year 4: 2%; year 5: 2%; year 6+: 2%
582,Kotak,,Kotak Fortune Maximiser,,6,-,0.45,0.015,0.02,0.02,0.02,0.02,,,at 2nd year: 0%; renewal year 2: 1.5%; year 3: 2%; year 4: 2%; year 5: 2%; year 6+: 2%
583,Kotak,,Kotak Fortune Maximiser,,7 & 8,-,0.49,0.015,0.02,0.02,0.02,0.02,,,at 2nd year: 0%; renewal year 2: 1.5%; year 3: 2%; year 4: 2%; year 5: 2%; year 6+: 2%
584,Kotak,,Kotak Fortune Maximiser,,10+,-,0.525,0.015,0.02,0.02,0.02,0.02,,,at 2nd year: 0%; renewal year 2: 1.5%; year 3: 2%; year 4: 2%; year 5: 2%; year 6+: 2%
585,Kotak,,Kotak Guaranteed Fortune Builder,,5 &6,-,0.45,0.0,0.0,0.0,0.0,0.0,,,at 2nd year: 0%; renewal year 2: 0%; year 3: 0%; year 4: 0%; year 5: 0%; year 6+: 0%
586,Kotak,,Kotak Guaranteed Fortune Builder,,7 & 8,-,0.49,Only 7 Pay -1.5%,,,,Only 7 Pay -1%,renewal year 2: Only 7 Pay -1.5% | year 6+: Only 7 Pay -1%,,at 2nd year: 0%; renewal year 2: Only 7 Pay -1.5%; year 3: —; year 4: —; year 5: —; year 6+: Only 7 Pay -1%
587,Kotak,,Kotak Guaranteed Fortune Builder,,10+,-,0.525,Only 10 Pay -1.5%,,,,Only 10 Pay -1%,renewal year 2: Only 10 Pay -1.5% | year 6+: Only 10 Pay -1%,,at 2nd year: 0%; renewal year 2: Only 10 Pay -1.5%; year 3: —; year 4: —; year 5: —; year 6+: Only 10 Pay -1%
588,Kotak,,Kotak Get Assured Income Now (GAIN),,5 &6,-,0.45,0.0,0.0,0.0,0.0,0.0,,,at 2nd year: 0%; renewal year 2: 0%; year 3: 0%; year 4: 0%; year 5: 0%; year 6+: 0%
589,Kotak,,Kotak Get Assured Income Now (GAIN),,7 & 8,-,0.49,8 / 10 / 12 Pay 2%,,,,,renewal year 2: 8 / 10 / 12 Pay 2%,,at 2nd year: 0%; renewal year 2: 8 / 10 / 12 Pay 2%; year 3: —; year 4: —; year 5: —; year 6+: —
590,Kotak,,Kotak Get Assured Income Now (GAIN),,10+,-,0.525,,,,,,,,at 2nd year: 0%; renewal year 2: —; year 3: —; year 4: —; year 5: —; year 6+: —
591,Kotak,,Kotak SmartLife Plan,,5,-,0.45,0.0,0.0,0.0,0.0,0.0,,,at 2nd year: 0%; renewal year 2: 0%; year 3: 0%; year 4: 0%; year 5: 0%; year 6+: 0%
592,Kotak,,Kotak SmartLife Plan,,6,-,0.45,0.035,0.035,0.035,0.035,0.035,,,at 2nd year: 0%; renewal year 2: 3.5%; year 3: 3.5%; year 4: 3.5%; year 5: 3.5%; year 6+: 3.5%
593,Kotak,,Kotak SmartLife Plan,,7 & 8,-,0.49,0.035,0.035,0.035,0.035,0.035,,,at 2nd year: 0%; renewal year 2: 3.5%; year 3: 3.5%; year 4: 3.5%; year 5: 3.5%; year 6+: 3.5%
594,Kotak,,Kotak SmartLife Plan,,10+,-,0.525,0.035,0.035,0.035,0.035,0.035,,,at 2nd year: 0%; renewal year 2: 3.5%; year 3: 3.5%; year 4: 3.5%; year 5: 3.5%; year 6+: 3.5%
595,Kotak,,E-Term & Signature,,SP,-,0.05,0.0,0.0,0.0,0.0,0.0,,,at 2nd year: 0%; renewal year 2: 0%; year 3: 0%; year 4: 0%; year 5: 0%; year 6+: 0%
596,Kotak,,E-Term & Signature,,5 &6,-,0.45,0.02,0.02,0.02,0.02,0.02,,,at 2nd year: 0%; renewal year 2: 2%; year 3: 2%; year 4: 2%; year 5: 2%; year 6+: 2%
597,Kotak,,E-Term & Signature,,"7, 8, & 9",-,0.49,0.02,0.02,0.02,0.02,0.02,,,at 2nd year: 0%; renewal year 2: 2%; year 3: 2%; year 4: 2%; year 5: 2%; year 6+: 2%
598,Kotak,,E-Term & Signature,,10+,-,0.525,0.02,0.02,0.02,0.02,0.02,,,at 2nd year: 0%; renewal year 2: 2%; year 3: 2%; year 4: 2%; year 5: 2%; year 6+: 2%
599,Kotak,,Gen2 Gen Protect,,5,-,0.45,0.02,0.02,0.02,0.02,0.0,,,at 2nd year: 0%; renewal year 2: 2%; year 3: 2%; year 4: 2%; year 5: 2%; year 6+: 0%
600,Kotak,,Gen2 Gen Protect,,7,-,0.49,0.0,0.02,0.02,0.02,0.02,,,at 2nd year: 0%; renewal year 2: 0%; year 3: 2%; year 4: 2%; year 5: 2%; year 6+: 2%
601,Kotak,,Gen2 Gen Protect,,10,-,0.525,0.0,0.02,0.02,0.02,0.02,,,at 2nd year: 0%; renewal year 2: 0%; year 3: 2%; year 4: 2%; year 5: 2%; year 6+: 2%
602,Kotak,,TULIP NXT,,10+,All,0.32,0.0,0.005,0.005,0.005,0.005,,,at 2nd year: 0%; renewal year 2: 0%; year 3: 0.5%; year 4: 0.5%; year 5: 0.5%; year 6+: 0.5%
603,Kotak,,KAPP (Kotak Assured Pension Plan),,5,-,0.41,0.01,0.01,0.01,0.01,0.0,,,at 2nd year: 0%; renewal year 2: 1%; year 3: 1%; year 4: 1%; year 5: 1%; year 6+: 0%
604,Kotak,,KAPP (Kotak Assured Pension Plan),,6,-,0.41,0.01,0.01,0.01,0.01,0.01,,,at 2nd year: 0%; renewal year 2: 1%; year 3: 1%; year 4: 1%; year 5: 1%; year 6+: 1%
605,Kotak,,KAPP (Kotak Assured Pension Plan),,7 & 8,-,0.45,0.01,0.01,0.01,0.01,0.01,,,at 2nd year: 0%; renewal year 2: 1%; year 3: 1%; year 4: 1%; year 5: 1%; year 6+: 1%
606,Kotak,,KAPP (Kotak Assured Pension Plan),,9 & 10,-,0.49,0.0,0.01,0.01,0.01,0.01,,,at 2nd year: 0%; renewal year 2: 0%; year 3: 1%; year 4: 1%; year 5: 1%; year 6+: 1%
607,Kotak,,ULIP,,SP,-,0.015,0.0,0.0,0.0,0.0,0.0,,,at 2nd year: 0%; renewal year 2: 0%; year 3: 0%; year 4: 0%; year 5: 0%; year 6+: 0%
608,Kotak,,ULIP,,Regular,-,0.09,0.01,0.01,0.01,0.01,0.01,,,at 2nd year: 0%; renewal year 2: 1%; year 3: 1%; year 4: 1%; year 5: 1%; year 6+: 1%
609,Kotak,,Kotak EDGE,,6,-,0.34,0.0,0.009,0.009,0.009,0.5%/ For 7+ - 0%,year 6+: 0.5%/ For 7+ - 0%,,at 2nd year: 5%; renewal year 2: 0%; year 3: 0.9%; year 4: 0.9%; year 5: 0.9%; year 6+: 0.5%/ For 7+ - 0%
610,Kotak,,Kotak EDGE,,7,-,0.405,0.0,0.009,0.009,0.009,0.5%/ For 7+ - 0%,year 6+: 0.5%/ For 7+ - 0%,,at 2nd year: 6%; renewal year 2: 0%; year 3: 0.9%; year 4: 0.9%; year 5: 0.9%; year 6+: 0.5%/ For 7+ - 0%
611,Kotak,,Kotak EDGE,,8,-,0.405,0.0,0.009,0.009,0.009,0.5%/ For 7+ - 0%,year 6+: 0.5%/ For 7+ - 0%,,at 2nd year: 6%; renewal year 2: 0%; year 3: 0.9%; year 4: 0.9%; year 5: 0.9%; year 6+: 0.5%/ For 7+ - 0%
612,Kotak,,Kotak EDGE,,12,-,0.405,0.0,0.009,0.009,0.009,0.5%/ For 7+ - 0%,year 6+: 0.5%/ For 7+ - 0%,,at 2nd year: 6%; renewal year 2: 0%; year 3: 0.9%; year 4: 0.9%; year 5: 0.9%; year 6+: 0.5%/ For 7+ - 0%
613,India_First,,IndiaFirst Life Smart Pay Plan,,5,10,0.19,,,,,,,Final BG | Renewal PO Exc. GST,
614,India_First,,IndiaFirst Life Smart Pay Plan,,5,15,0.255,,,,,,,Final BG | Renewal PO Exc. GST,
615,India_First,,IndiaFirst Life Smart Pay Plan,,6,15,0.285,,,,,,,Final BG | Renewal PO Exc. GST,
616,India_First,,IndiaFirst Life Smart Pay Plan,,7,15,0.35,,,,,,,Final BG | Renewal PO Exc. GST,
617,India_First,,IndiaFirst Life Smart Pay Plan,,8,15,0.38,,,,,,,Final BG | Renewal PO Exc. GST,
618,India_First,,IndiaFirst Life Smart Pay Plan,,10,15,0.445,,,,,,,Final BG | Renewal PO Exc. GST,
619,India_First,,IndiaFirst Life Smart Pay Plan,,12,15,0.445,,,,,,,Final BG | Renewal PO Exc. GST,
620,India_First,,IndiaFirst Life Smart Pay Plan,,10,20,0.445,,,,,,,Final BG | Renewal PO Exc. GST,
621,India_First,,IndiaFirst Life Smart Pay Plan,,12,20,0.445,,,,,,,Final BG | Renewal PO Exc. GST,
622,India_First,,IndiaFirst Life Smart Pay Plan,,15,20,0.445,,,,,,,Final BG | Renewal PO Exc. GST,
623,India_First,,IndiaFirst Life Smart Pay Plan,,17,20,0.445,,,,,,,Final BG | Renewal PO Exc. GST,
624,India_First,,IndiaFirst Life Smart Pay Plan,,10,25,0.445,,,,,,,Final BG | Renewal PO Exc. GST,
625,India_First,,IndiaFirst Life Smart Pay Plan,,12,25,0.445,,,,,,,Final BG | Renewal PO Exc. GST,
626,India_First,,IndiaFirst Life Smart Pay Plan,,15,25,0.445,,,,,,,Final BG | Renewal PO Exc. GST,
627,India_First,,IndiaFirst Life Smart Pay Plan,,17,25,0.445,,,,,,,Final BG | Renewal PO Exc. GST,
628,India_First,,IndiaFirst Life Smart Pay Plan,,20,25,0.445,,,,,,,Final BG | Renewal PO Exc. GST,
629,India_First,,IndiaFirst Life Fortune Plus Plus Plan,,6,15,0.255,,,,,,,Final BG | Renewal PO Exc. GST,
630,India_First,,IndiaFirst Life Fortune Plus Plus Plan,,7,15,0.285,,,,,,,Final BG | Renewal PO Exc. GST,
631,India_First,,IndiaFirst Life Fortune Plus Plus Plan,,8,15,0.285,,,,,,,Final BG | Renewal PO Exc. GST,
632,India_First,,IndiaFirst Life Fortune Plus Plus Plan,,9,15,0.32,,,,,,,Final BG | Renewal PO Exc. GST,
633,India_First,,IndiaFirst Life Fortune Plus Plus Plan,,10,15,0.38,,,,,,,Final BG | Renewal PO Exc. GST,
634,India_First,,IndiaFirst Life Fortune Plus Plus Plan,,6,20,0.255,,,,,,,Final BG | Renewal PO Exc. GST,
635,India_First,,IndiaFirst Life Fortune Plus Plus Plan,,7,20,0.285,,,,,,,Final BG | Renewal PO Exc. GST,
636,India_First,,IndiaFirst Life Fortune Plus Plus Plan,,8,20,0.285,,,,,,,Final BG | Renewal PO Exc. GST,
637,India_First,,IndiaFirst Life Fortune Plus Plus Plan,,9,20,0.32,,,,,,,Final BG | Renewal PO Exc. GST,
638,India_First,,IndiaFirst Life Fortune Plus Plus Plan,,10,20,0.38,,,,,,,Final BG | Renewal PO Exc. GST,
639,India_First,,IndiaFirst Life Fortune Plus Plus Plan,,11,20,0.38,,,,,,,Final BG | Renewal PO Exc. GST,
640,India_First,,IndiaFirst Life Fortune Plus Plus Plan,,12,20,0.38,,,,,,,Final BG | Renewal PO Exc. GST,
641,India_First,,"Life Long Guaranteed Income Plan-Definite, Income Period - 20",,5,10,0.445,,,,,,,Final BG | Renewal PO Exc. GST,
642,India_First,,"Life Long Guaranteed Income Plan-Definite, Income Period - 20",,6,10,0.475,,,,,,,Final BG | Renewal PO Exc. GST,
643,India_First,,"Life Long Guaranteed Income Plan-Definite, Income Period - 20",,7,10,0.475,,,,,,,Final BG | Renewal PO Exc. GST,
644,India_First,,"Life Long Guaranteed Income Plan-Definite, Income Period - 20",,8,10,0.475,,,,,,,Final BG | Renewal PO Exc. GST,
645,India_First,,"Life Long Guaranteed Income Plan-Definite, Income Period - 20",,5,12,0.445,,,,,,,Final BG | Renewal PO Exc. GST,
646,India_First,,"Life Long Guaranteed Income Plan-Definite, Income Period - 20",,6,12,0.475,,,,,,,Final BG | Renewal PO Exc. GST,
647,India_First,,"Life Long Guaranteed Income Plan-Definite, Income Period - 20",,7,12,0.475,,,,,,,Final BG | Renewal PO Exc. GST,
648,India_First,,"Life Long Guaranteed Income Plan-Definite, Income Period - 20",,8,12,0.475,,,,,,,Final BG | Renewal PO Exc. GST,
649,India_First,,"Life Long Guaranteed Income Plan-Definite, Income Period - 20",,10,12,0.51,,,,,,,Final BG | Renewal PO Exc. GST,
650,India_First,,"Life Long Guaranteed Income Plan-Definite, Income Period - 20",,5,15,0.445,,,,,,,Final BG | Renewal PO Exc. GST,
651,India_First,,"Life Long Guaranteed Income Plan-Definite, Income Period - 20",,6,15,0.475,,,,,,,Final BG | Renewal PO Exc. GST,
652,India_First,,"Life Long Guaranteed Income Plan-Definite, Income Period - 20",,7,15,0.475,,,,,,,Final BG | Renewal PO Exc. GST,
653,India_First,,"Life Long Guaranteed Income Plan-Definite, Income Period - 20",,8,15,0.475,,,,,,,Final BG | Renewal PO Exc. GST,
654,India_First,,"Life Long Guaranteed Income Plan-Definite, Income Period - 20",,10,15,0.51,,,,,,,Final BG | Renewal PO Exc. GST,
655,India_First,,"Life Long Guaranteed Income Plan-Definite, Income Period - 20",,12,15,0.51,,,,,,,Final BG | Renewal PO Exc. GST,
656,India_First,,"Life Long Guaranteed Income Plan-Definite, Income Period - 30",,5,10,0.445,,,,,,,Final BG | Renewal PO Exc. GST,
657,India_First,,"Life Long Guaranteed Income Plan-Definite, Income Period - 30",,6,10,0.475,,,,,,,Final BG | Renewal PO Exc. GST,
658,India_First,,"Life Long Guaranteed Income Plan-Definite, Income Period - 30",,7,10,0.475,,,,,,,Final BG | Renewal PO Exc. GST,
659,India_First,,"Life Long Guaranteed Income Plan-Definite, Income Period - 30",,8,10,0.475,,,,,,,Final BG | Renewal PO Exc. GST,
660,India_First,,"Life Long Guaranteed Income Plan-Definite, Income Period - 30",,5,12,0.445,,,,,,,Final BG | Renewal PO Exc. GST,
661,India_First,,"Life Long Guaranteed Income Plan-Definite, Income Period - 30",,6,12,0.475,,,,,,,Final BG | Renewal PO Exc. GST,
662,India_First,,"Life Long Guaranteed Income Plan-Definite, Income Period - 30",,7,12,0.475,,,,,,,Final BG | Renewal PO Exc. GST,
663,India_First,,"Life Long Guaranteed Income Plan-Definite, Income Period - 30",,8,12,0.475,,,,,,,Final BG | Renewal PO Exc. GST,
664,India_First,,"Life Long Guaranteed Income Plan-Definite, Income Period - 30",,10,12,0.51,,,,,,,Final BG | Renewal PO Exc. GST,
665,India_First,,"Life Long Guaranteed Income Plan-Definite, Income Period - 30",,5,15,0.445,,,,,,,Final BG | Renewal PO Exc. GST,
666,India_First,,"Life Long Guaranteed Income Plan-Definite, Income Period - 30",,6,15,0.475,,,,,,,Final BG | Renewal PO Exc. GST,
667,India_First,,"Life Long Guaranteed Income Plan-Definite, Income Period - 30",,7,15,0.475,,,,,,,Final BG | Renewal PO Exc. GST,
668,India_First,,"Life Long Guaranteed Income Plan-Definite, Income Period - 30",,8,15,0.475,,,,,,,Final BG | Renewal PO Exc. GST,
669,India_First,,"Life Long Guaranteed Income Plan-Definite, Income Period - 30",,10,15,0.51,,,,,,,Final BG | Renewal PO Exc. GST,
670,India_First,,"Life Long Guaranteed Income Plan-Definite, Income Period - 30",,12,15,0.51,,,,,,,Final BG | Renewal PO Exc. GST,
671,India_First,,Life Long Guaranteed Income Plan-Whole Life,,5,10,0.475,,,,,,,Final BG | Renewal PO Exc. GST,
672,India_First,,Life Long Guaranteed Income Plan-Whole Life,,6,10,0.475,,,,,,,Final BG | Renewal PO Exc. GST,
673,India_First,,Life Long Guaranteed Income Plan-Whole Life,,7,10,0.475,,,,,,,Final BG | Renewal PO Exc. GST,
674,India_First,,Life Long Guaranteed Income Plan-Whole Life,,8,10,0.475,,,,,,,Final BG | Renewal PO Exc. GST,
675,India_First,,Life Long Guaranteed Income Plan-Whole Life,,5,12,0.475,,,,,,,Final BG | Renewal PO Exc. GST,
676,India_First,,Life Long Guaranteed Income Plan-Whole Life,,6,12,0.475,,,,,,,Final BG | Renewal PO Exc. GST,
677,India_First,,Life Long Guaranteed Income Plan-Whole Life,,7,12,0.475,,,,,,,Final BG | Renewal PO Exc. GST,
678,India_First,,Life Long Guaranteed Income Plan-Whole Life,,8,12,0.475,,,,,,,Final BG | Renewal PO Exc. GST,
679,India_First,,Life Long Guaranteed Income Plan-Whole Life,,10,12,0.51,,,,,,,Final BG | Renewal PO Exc. GST,
680,India_First,,Life Long Guaranteed Income Plan-Whole Life,,5,15,0.475,,,,,,,Final BG | Renewal PO Exc. GST,
681,India_First,,Life Long Guaranteed Income Plan-Whole Life,,6,15,0.475,,,,,,,Final BG | Renewal PO Exc. GST,
682,India_First,,Life Long Guaranteed Income Plan-Whole Life,,7,15,0.475,,,,,,,Final BG | Renewal PO Exc. GST,
683,India_First,,Life Long Guaranteed Income Plan-Whole Life,,8,15,0.475,,,,,,,Final BG | Renewal PO Exc. GST,
684,India_First,,Life Long Guaranteed Income Plan-Whole Life,,10,15,0.51,,,,,,,Final BG | Renewal PO Exc. GST,
685,India_First,,Life Long Guaranteed Income Plan-Whole Life,,12,15,0.51,,,,,,,Final BG | Renewal PO Exc. GST,
686,India_First,,Guaranteed Benefit Plan - Lumpsum,,5,10,0.32,,,,,,,Final BG | Renewal PO Exc. GST,
687,India_First,,Guaranteed Benefit Plan - Lumpsum,,6,10,0.38,,,,,,,Final BG | Renewal PO Exc. GST,
688,India_First,,Guaranteed Benefit Plan - Lumpsum,,7,10,0.41,,,,,,,Final BG | Renewal PO Exc. GST,
689,India_First,,Guaranteed Benefit Plan - Lumpsum,,5,11,0.32,,,,,,,Final BG | Renewal PO Exc. GST,
690,India_First,,Guaranteed Benefit Plan - Lumpsum,,6,11,0.38,,,,,,,Final BG | Renewal PO Exc. GST,
691,India_First,,Guaranteed Benefit Plan - Lumpsum,,7,11,0.41,,,,,,,Final BG | Renewal PO Exc. GST,
692,India_First,,Guaranteed Benefit Plan - Lumpsum,,5,12,0.32,,,,,,,Final BG | Renewal PO Exc. GST,
693,India_First,,Guaranteed Benefit Plan - Lumpsum,,6,12,0.38,,,,,,,Final BG | Renewal PO Exc. GST,
694,India_First,,Guaranteed Benefit Plan - Lumpsum,,7,12,0.41,,,,,,,Final BG | Renewal PO Exc. GST,
695,India_First,,Guaranteed Benefit Plan - Lumpsum,,5,13,0.32,,,,,,,Final BG | Renewal PO Exc. GST,
696,India_First,,Guaranteed Benefit Plan - Lumpsum,,6,13,0.38,,,,,,,Final BG | Renewal PO Exc. GST,
697,India_First,,Guaranteed Benefit Plan - Lumpsum,,7,13,0.41,,,,,,,Final BG | Renewal PO Exc. GST,
698,India_First,,Guaranteed Benefit Plan - Lumpsum,,5,14,0.32,,,,,,,Final BG | Renewal PO Exc. GST,
699,India_First,,Guaranteed Benefit Plan - Lumpsum,,6,14,0.38,,,,,,,Final BG | Renewal PO Exc. GST,
700,India_First,,Guaranteed Benefit Plan - Lumpsum,,7,14,0.41,,,,,,,Final BG | Renewal PO Exc. GST,
701,India_First,,Guaranteed Benefit Plan - Lumpsum,,5,15,0.32,,,,,,,Final BG | Renewal PO Exc. GST,
702,India_First,,Guaranteed Benefit Plan - Lumpsum,,6,15,0.38,,,,,,,Final BG | Renewal PO Exc. GST,
703,India_First,,Guaranteed Benefit Plan - Lumpsum,,7,15,0.41,,,,,,,Final BG | Renewal PO Exc. GST,
704,India_First,,Guaranteed Benefit Plan - Lumpsum,,5,16,0.32,,,,,,,Final BG | Renewal PO Exc. GST,
705,India_First,,Guaranteed Benefit Plan - Lumpsum,,6,16,0.38,,,,,,,Final BG | Renewal PO Exc. GST,
706,India_First,,Guaranteed Benefit Plan - Lumpsum,,7,16,0.41,,,,,,,Final BG | Renewal PO Exc. GST,
707,India_First,,Guaranteed Benefit Plan - Lumpsum,,8,12,0.445,,,,,,,Final BG | Renewal PO Exc. GST,
708,India_First,,Guaranteed Benefit Plan - Lumpsum,,8,15,0.445,,,,,,,Final BG | Renewal PO Exc. GST,
709,India_First,,Guaranteed Benefit Plan - Lumpsum,,10,15,0.54,,,,,,,Final BG | Renewal PO Exc. GST,
710,India_First,,Guaranteed Benefit Plan - Lumpsum,,10,20,0.54,,,,,,,Final BG | Renewal PO Exc. GST,
711,India_First,,Guaranteed Benefit Plan - Lumpsum,,10,25,0.54,,,,,,,Final BG | Renewal PO Exc. GST,
712,India_First,,Guaranteed Benefit Plan - Lumpsum,,12,20,0.54,,,,,,,Final BG | Renewal PO Exc. GST,
713,India_First,,Guaranteed Benefit Plan - Lumpsum,,12,25,0.54,,,,,,,Final BG | Renewal PO Exc. GST,
714,India_First,,Guaranteed Pension Plan - ROP Option - Single Life,,2,Whole Life,0.04,,,,,,,Final BG | Renewal PO Exc. GST,
715,India_First,,Guaranteed Pension Plan - ROP Option - Single Life,,3,Whole Life,0.135,,,,,,,Final BG | Renewal PO Exc. GST,
716,India_First,,Guaranteed Pension Plan - ROP Option - Single Life,,4,Whole Life,0.16,,,,,,,Final BG | Renewal PO Exc. GST,
717,India_First,,Guaranteed Pension Plan - ROP Option - Single Life,,5,Whole Life,0.255,,,,,,,Final BG | Renewal PO Exc. GST,
718,India_First,,Guaranteed Pension Plan - ROP Option - Single Life,,6,Whole Life,0.32,,,,,,,Final BG | Renewal PO Exc. GST,
719,India_First,,Guaranteed Pension Plan - ROP Option - Single Life,,7,Whole Life,0.41,,,,,,,Final BG | Renewal PO Exc. GST,
720,India_First,,Guaranteed Pension Plan - ROP Option - Single Life,,8,Whole Life,0.475,,,,,,,Final BG | Renewal PO Exc. GST,
721,India_First,,Guaranteed Pension Plan - ROP Option - Single Life,,9,Whole Life,0.475,,,,,,,Final BG | Renewal PO Exc. GST,
722,India_First,,Guaranteed Pension Plan - ROP Option - Single Life,,10,Whole Life,0.475,,,,,,,Final BG | Renewal PO Exc. GST,
723,India_First,,Guarantee of Life Dreams Plan-Immediate,,6,20,0.54,,,,,,,Final BG | Renewal PO Exc. GST,
724,India_First,,Guarantee of Life Dreams Plan-Immediate,,6,30,0.54,,,,,,,Final BG | Renewal PO Exc. GST,
725,India_First,,Guarantee of Life Dreams Plan-Immediate,,6,40,0.54,,,,,,,Final BG | Renewal PO Exc. GST,
726,India_First,,Guarantee of Life Dreams Plan-Immediate,,8,20,0.54,,,,,,,Final BG | Renewal PO Exc. GST,
727,India_First,,Guarantee of Life Dreams Plan-Immediate,,8,30,0.54,,,,,,,Final BG | Renewal PO Exc. GST,
728,India_First,,Guarantee of Life Dreams Plan-Immediate,,8,40,0.54,,,,,,,Final BG | Renewal PO Exc. GST,
729,India_First,,Guarantee of Life Dreams Plan-Immediate,,10,20,0.445,,,,,,,Final BG | Renewal PO Exc. GST,
730,India_First,,Guarantee of Life Dreams Plan-Immediate,,10,30,0.54,,,,,,,Final BG | Renewal PO Exc. GST,
731,India_First,,Guarantee of Life Dreams Plan-Immediate,,10,40,0.54,,,,,,,Final BG | Renewal PO Exc. GST,
732,India_First,,Guarantee of Life Dreams Plan-Intermediate,,6,20,0.54,,,,,,,Final BG | Renewal PO Exc. GST,
733,India_First,,Guarantee of Life Dreams Plan-Intermediate,,6,30,0.54,,,,,,,Final BG | Renewal PO Exc. GST,
734,India_First,,Guarantee of Life Dreams Plan-Intermediate,,6,40,0.54,,,,,,,Final BG | Renewal PO Exc. GST,
735,India_First,,Guarantee of Life Dreams Plan-Intermediate,,8,20,0.54,,,,,,,Final BG | Renewal PO Exc. GST,
736,India_First,,Guarantee of Life Dreams Plan-Intermediate,,8,30,0.54,,,,,,,Final BG | Renewal PO Exc. GST,
737,India_First,,Guarantee of Life Dreams Plan-Intermediate,,8,40,0.54,,,,,,,Final BG | Renewal PO Exc. GST,
738,India_First,,Guarantee of Life Dreams Plan-Intermediate,,10,20,0.54,,,,,,,Final BG | Renewal PO Exc. GST,
739,India_First,,Guarantee of Life Dreams Plan-Intermediate,,10,30,0.54,,,,,,,Final BG | Renewal PO Exc. GST,
740,India_First,,Guarantee of Life Dreams Plan-Intermediate,,10,40,0.54,,,,,,,Final BG | Renewal PO Exc. GST,
741,India_First,,Guarantee of Life Dreams Plan-Deferred,,6,20,0.54,,,,,,,Final BG | Renewal PO Exc. GST,
742,India_First,,Guarantee of Life Dreams Plan-Deferred,,6,30,0.54,,,,,,,Final BG | Renewal PO Exc. GST,
743,India_First,,Guarantee of Life Dreams Plan-Deferred,,6,40,0.54,,,,,,,Final BG | Renewal PO Exc. GST,
744,India_First,,Guarantee of Life Dreams Plan-Deferred,,8,20,0.54,,,,,,,Final BG | Renewal PO Exc. GST,
745,India_First,,Guarantee of Life Dreams Plan-Deferred,,8,30,0.54,,,,,,,Final BG | Renewal PO Exc. GST,
746,India_First,,Guarantee of Life Dreams Plan-Deferred,,8,40,0.54,,,,,,,Final BG | Renewal PO Exc. GST,
747,India_First,,Guarantee of Life Dreams Plan-Deferred,,10,20,0.54,,,,,,,Final BG | Renewal PO Exc. GST,
748,India_First,,Guarantee of Life Dreams Plan-Deferred,,10,30,0.54,,,,,,,Final BG | Renewal PO Exc. GST,
749,India_First,,Guarantee of Life Dreams Plan-Deferred,,10,40,0.54,,,,,,,Final BG | Renewal PO Exc. GST,
750,India_First,,Gold Term - Life - Limited Pay,,5,40,0.375,,,,,,,Final BG | Renewal PO Exc. GST,
751,India_First,,Gold Term - Life - Limited Pay,,10,40,0.5,,,,,,,Final BG | Renewal PO Exc. GST,
752,India_First,,Gold Term - Life - Limited Pay,,15,40,0.5,,,,,,,Final BG | Renewal PO Exc. GST,
753,India_First,,Gold Term - Life - Limited Pay,,20,40,0.5,,,,,,,Final BG | Renewal PO Exc. GST,
754,India_First,,Gold Term - Life - Reguler Pay,,40,40,0.525,,,,,,,Final BG | Renewal PO Exc. GST,
755,India_First,,Gold Term - Life - Single Pay,,1,40,0.05,,,,,,,Final BG | Renewal PO Exc. GST,
756,India_First,,Gold Term - ROP - Limited Pay,,5,40,0.5,,,,,,,Final BG | Renewal PO Exc. GST,
757,India_First,,Gold Term - ROP - Limited Pay,,10,40,0.6,,,,,,,Final BG | Renewal PO Exc. GST,
758,India_First,,Gold Term - ROP - Limited Pay,,15,40,0.6,,,,,,,Final BG | Renewal PO Exc. GST,
759,India_First,,Gold Term - ROP - Limited Pay,,20,40,0.6,,,,,,,Final BG | Renewal PO Exc. GST,
760,India_First,,Gold Term - ROP - Reguler Pay,,40,40,0.6,,,,,,,Final BG | Renewal PO Exc. GST,
761,India_First,,Gold Term - ROP - Single Pay,,1,40,0.1,,,,,,,Final BG | Renewal PO Exc. GST,
762,India_First,,Glod Plus - Immediate,,6,20,0.225,,,,,,,Final BG | Renewal PO Exc. GST,
763,India_First,,Glod Plus - Immediate,,6,30,0.225,,,,,,,Final BG | Renewal PO Exc. GST,
764,India_First,,Glod Plus - Immediate,,6,40,0.23,,,,,,,Final BG | Renewal PO Exc. GST,
765,India_First,,Glod Plus - Immediate,,8,20,0.32,,,,,,,Final BG | Renewal PO Exc. GST,
766,India_First,,Glod Plus - Immediate,,8,30,0.34,,,,,,,Final BG | Renewal PO Exc. GST,
767,India_First,,Glod Plus - Immediate,,8,40,0.34,,,,,,,Final BG | Renewal PO Exc. GST,
768,India_First,,Glod Plus - Immediate,,10,20,0.45,,,,,,,Final BG | Renewal PO Exc. GST,
769,India_First,,Glod Plus - Immediate,,10,30,0.465,,,,,,,Final BG | Renewal PO Exc. GST,
770,India_First,,Glod Plus - Immediate,,10,40,0.45,,,,,,,Final BG | Renewal PO Exc. GST,
771,India_First,,Glod Plus - Immediate,,12,20/30/40,0.45,,,,,,,Final BG | Renewal PO Exc. GST,
772,India_First,,Glod Plus - Deferred,,6,20,0.24,,,,,,,Final BG | Renewal PO Exc. GST,
773,India_First,,Glod Plus - Deferred,,6,30,0.26,,,,,,,Final BG | Renewal PO Exc. GST,
774,India_First,,Glod Plus - Deferred,,6,40,0.26,,,,,,,Final BG | Renewal PO Exc. GST,
775,India_First,,Glod Plus - Deferred,,8,20,0.34,,,,,,,Final BG | Renewal PO Exc. GST,
776,India_First,,Glod Plus - Deferred,,8,30,0.35,,,,,,,Final BG | Renewal PO Exc. GST,
777,India_First,,Glod Plus - Deferred,,8,40,0.375,,,,,,,Final BG | Renewal PO Exc. GST,
778,India_First,,Glod Plus - Deferred,,10,20,0.45,,,,,,,Final BG | Renewal PO Exc. GST,
779,India_First,,Glod Plus - Deferred,,10,30,0.49,,,,,,,Final BG | Renewal PO Exc. GST,
780,India_First,,Glod Plus - Deferred,,10,40,0.49,,,,,,,Final BG | Renewal PO Exc. GST,
781,India_First,,Glod Plus - Deferred,,12,20,0.45,,,,,,,Final BG | Renewal PO Exc. GST,
782,India_First,,Glod Plus - Deferred,,12,30,0.49,,,,,,,Final BG | Renewal PO Exc. GST,
783,India_First,,Glod Plus - Deferred,,12,40,0.5,,,,,,,Final BG | Renewal PO Exc. GST,
784,India_First,,"IndiaFirst Life TULIP - 6 Pay, 15PT",,6,15,0.16,,,,,,,Final BG | Renewal PO Exc. GST,
785,India_First,,"IndiaFirst Life TULIP - 6 Pay, 20PT",,6,20,0.19,,,,,,,Final BG | Renewal PO Exc. GST,
786,India_First,,IndiaFirst Elite Term Plan,,RP,RP,0.235,,,,,,,Final BG | Renewal PO Exc. GST,
787,India_First,,IndiaFirst Life Mahajeevan Plus Plan,,12,15,0.38,,,,,,,Final BG | Renewal PO Exc. GST,
788,India_First,,IndiaFirst Life Mahajeevan Plus Plan,,12,20,0.38,,,,,,,Final BG | Renewal PO Exc. GST,
789,India_First,,IndiaFirst Life Assured Income for Milestones Plan-Deferred - Income Option,,10,20,0.51,,,,,,,Final BG | Renewal PO Exc. GST,
790,India_First,,IndiaFirst Life Assured Income for Milestones Plan-Deferred - Income Option,,12,20,0.51,,,,,,,Final BG | Renewal PO Exc. GST,
791,India_First,,IndiaFirst Life Assured Income for Milestones Plan-Deferred - Income Option,,12,30,0.51,,,,,,,Final BG | Renewal PO Exc. GST,
792,India_First,,IndiaFirst Life Assured Income for Milestones Plan-Immediate - Income Option +,,6,15,0.285,,,,,,,Final BG | Renewal PO Exc. GST,
793,India_First,,IndiaFirst Life Assured Income for Milestones Plan-Immediate - Income Option +,,6,20,0.19,,,,,,,Final BG | Renewal PO Exc. GST,
794,India_First,,IndiaFirst Life Assured Income for Milestones Plan-Immediate - Income Option +,,6,30,0.22,,,,,,,Final BG | Renewal PO Exc. GST,
795,India_First,,IndiaFirst Life Assured Income for Milestones Plan-Immediate - Income Option +,,6,40,0.255,,,,,,,Final BG | Renewal PO Exc. GST,
796,India_First,,IndiaFirst Life Assured Income for Milestones Plan-Immediate - Income Option +,,8,15,0.38,,,,,,,Final BG | Renewal PO Exc. GST,
797,India_First,,IndiaFirst Life Assured Income for Milestones Plan-Immediate - Income Option +,,8,20,0.38,,,,,,,Final BG | Renewal PO Exc. GST,
798,India_First,,IndiaFirst Life Assured Income for Milestones Plan-Immediate - Income Option +,,8,30,0.35,,,,,,,Final BG | Renewal PO Exc. GST,
799,India_First,,IndiaFirst Life Assured Income for Milestones Plan-Immediate - Income Option +,,8,40,0.38,,,,,,,Final BG | Renewal PO Exc. GST,
800,India_First,,IndiaFirst Life Assured Income for Milestones Plan-Immediate - Income Option +,,10,15,0.445,,,,,,,Final BG | Renewal PO Exc. GST,
801,India_First,,IndiaFirst Life Assured Income for Milestones Plan-Immediate - Income Option +,,10,20,0.475,,,,,,,Final BG | Renewal PO Exc. GST,
802,India_First,,IndiaFirst Life Assured Income for Milestones Plan-Immediate - Income Option +,,10,30,0.475,,,,,,,Final BG | Renewal PO Exc. GST,
803,India_First,,IndiaFirst Life Assured Income for Milestones Plan-Immediate - Income Option +,,10,40,0.51,,,,,,,Final BG | Renewal PO Exc. GST,
804,India_First,,IndiaFirst Life Assured Income for Milestones Plan-Immediate - Income Option +,,12,15,0.445,,,,,,,Final BG | Renewal PO Exc. GST,
805,India_First,,IndiaFirst Life Assured Income for Milestones Plan-Immediate - Income Option +,,12,20,0.445,,,,,,,Final BG | Renewal PO Exc. GST,
806,India_First,,IndiaFirst Life Assured Income for Milestones Plan-Immediate - Income Option +,,12,30,0.51,,,,,,,Final BG | Renewal PO Exc. GST,
807,India_First,,IndiaFirst Life Assured Income for Milestones Plan-Immediate - Income Option +,,12,40,0.51,,,,,,,Final BG | Renewal PO Exc. GST,
808,India_First,,IndiaFirst Life Assured Income for Milestones Plan-Deferred - Income Option +,,6,30,0.41,,,,,,,Final BG | Renewal PO Exc. GST,
809,India_First,,IndiaFirst Life Assured Income for Milestones Plan-Deferred - Income Option +,,6,40,0.41,,,,,,,Final BG | Renewal PO Exc. GST,
810,India_First,,IndiaFirst Life Assured Income for Milestones Plan-Deferred - Income Option +,,8,40,0.51,,,,,,,Final BG | Renewal PO Exc. GST,
811,India_First,,IndiaFirst Life Assured Income for Milestones Plan-Deferred - Income Option +,,10,15,0.51,,,,,,,Final BG | Renewal PO Exc. GST,
812,India_First,,IndiaFirst Life Assured Income for Milestones Plan-Deferred - Income Option +,,10,20,0.51,,,,,,,Final BG | Renewal PO Exc. GST,
813,India_First,,IndiaFirst Life Assured Income for Milestones Plan-Deferred - Income Option +,,10,30,0.51,,,,,,,Final BG | Renewal PO Exc. GST,
814,India_First,,IndiaFirst Life Assured Income for Milestones Plan-Deferred - Income Option +,,10,40,0.51,,,,,,,Final BG | Renewal PO Exc. GST,
815,India_First,,IndiaFirst Life Assured Income for Milestones Plan-Deferred - Income Option +,,12,20,0.51,,,,,,,Final BG | Renewal PO Exc. GST,
816,India_First,,IndiaFirst Life Assured Income for Milestones Plan-Deferred - Income Option +,,12,30,0.51,,,,,,,Final BG | Renewal PO Exc. GST,
817,India_First,,IndiaFirst Life Assured Income for Milestones Plan-Deferred - Income Option +,,12,40,0.51,,,,,,,Final BG | Renewal PO Exc. GST,
818,India_First,,IndiaFirst Life Assured Income for Milestones Plan-Immediate - Income with Enhanced Maturity Option,,6,20,0.32,,,,,,,Final BG | Renewal PO Exc. GST,
819,India_First,,IndiaFirst Life Assured Income for Milestones Plan-Immediate - Income with Enhanced Maturity Option,,6,30,0.285,,,,,,,Final BG | Renewal PO Exc. GST,
820,India_First,,IndiaFirst Life Assured Income for Milestones Plan-Immediate - Income with Enhanced Maturity Option,,6,40,0.19,,,,,,,Final BG | Renewal PO Exc. GST,
821,India_First,,IndiaFirst Life Assured Income for Milestones Plan-Immediate - Income with Enhanced Maturity Option,,8,20,0.51,,,,,,,Final BG | Renewal PO Exc. GST,
822,India_First,,IndiaFirst Life Assured Income for Milestones Plan-Immediate - Income with Enhanced Maturity Option,,8,30,0.285,,,,,,,Final BG | Renewal PO Exc. GST,
823,India_First,,IndiaFirst Life Assured Income for Milestones Plan-Immediate - Income with Enhanced Maturity Option,,8,40,0.35,,,,,,,Final BG | Renewal PO Exc. GST,
824,India_First,,IndiaFirst Life Assured Income for Milestones Plan-Immediate - Income with Enhanced Maturity Option,,10,20,0.54,,,,,,,Final BG | Renewal PO Exc. GST,
825,India_First,,IndiaFirst Life Assured Income for Milestones Plan-Immediate - Income with Enhanced Maturity Option,,10,30,0.51,,,,,,,Final BG | Renewal PO Exc. GST,
826,India_First,,IndiaFirst Life Assured Income for Milestones Plan-Immediate - Income with Enhanced Maturity Option,,10,40,0.41,,,,,,,Final BG | Renewal PO Exc. GST,
827,India_First,,IndiaFirst Life Assured Income for Milestones Plan-Immediate - Income with Enhanced Maturity Option,,12,20,0.54,,,,,,,Final BG | Renewal PO Exc. GST,
828,India_First,,IndiaFirst Life Assured Income for Milestones Plan-Immediate - Income with Enhanced Maturity Option,,12,30,0.51,,,,,,,Final BG | Renewal PO Exc. GST,
829,India_First,,IndiaFirst Life Assured Income for Milestones Plan-Immediate - Income with Enhanced Maturity Option,,12,40,0.445,,,,,,,Final BG | Renewal PO Exc. GST,
830,India_First,,IndiaFirst Life Assured Income for Milestones Plan-Deferred - Income with Enhanced Maturity Option,,6,20,0.38,,,,,,,Final BG | Renewal PO Exc. GST,
831,India_First,,IndiaFirst Life Assured Income for Milestones Plan-Deferred - Income with Enhanced Maturity Option,,6,30,0.445,,,,,,,Final BG | Renewal PO Exc. GST,
832,India_First,,IndiaFirst Life Assured Income for Milestones Plan-Deferred - Income with Enhanced Maturity Option,,6,40,0.41,,,,,,,Final BG | Renewal PO Exc. GST,
833,India_First,,IndiaFirst Life Assured Income for Milestones Plan-Deferred - Income with Enhanced Maturity Option,,8,20,0.51,,,,,,,Final BG | Renewal PO Exc. GST,
834,India_First,,IndiaFirst Life Assured Income for Milestones Plan-Deferred - Income with Enhanced Maturity Option,,8,30,0.51,,,,,,,Final BG | Renewal PO Exc. GST,
835,India_First,,IndiaFirst Life Assured Income for Milestones Plan-Deferred - Income with Enhanced Maturity Option,,10,20,0.51,,,,,,,Final BG | Renewal PO Exc. GST,
836,India_First,,IndiaFirst Life Assured Income for Milestones Plan-Deferred - Income with Enhanced Maturity Option,,10,30,0.51,,,,,,,Final BG | Renewal PO Exc. GST,
837,India_First,,IndiaFirst Life Assured Income for Milestones Plan-Deferred - Income with Enhanced Maturity Option,,10,40,0.51,,,,,,,Final BG | Renewal PO Exc. GST,
838,India_First,,IndiaFirst Life Assured Income for Milestones Plan-Deferred - Income with Enhanced Maturity Option,,12,20,0.51,,,,,,,Final BG | Renewal PO Exc. GST,
839,India_First,,IndiaFirst Life Assured Income for Milestones Plan-Deferred - Income with Enhanced Maturity Option,,12,30,0.51,,,,,,,Final BG | Renewal PO Exc. GST,
840,India_First,,IndiaFirst Life Assured Income for Milestones Plan-Deferred - Income with Enhanced Maturity Option,,12,40,0.51,,,,,,,Final BG | Renewal PO Exc. GST,
841,India_First,,IndiaFirst Life Super Protection Plan - ROP,,5,-,0.445,,,,,,,Final BG | Renewal PO Exc. GST,
842,India_First,,IndiaFirst Life Super Protection Plan - ROP,,7,-,0.475,,,,,,,Final BG | Renewal PO Exc. GST,
843,India_First,,IndiaFirst Life Super Protection Plan - ROP,,10,-,0.475,,,,,,,Final BG | Renewal PO Exc. GST,
844,India_First,,IndiaFirst Life Super Protection Plan - ROP,,12,-,0.475,,,,,,,Final BG | Renewal PO Exc. GST,
845,India_First,,IndiaFirst Life Super Protection Plan - ROP,,15,-,0.475,,,,,,,Final BG | Renewal PO Exc. GST,
846,India_First,,IndiaFirst Life Super Protection Plan - ROP,,20,-,0.475,,,,,,,Final BG | Renewal PO Exc. GST,
847,India_First,,IndiaFirst Life Super Protection Plan - ROP,,25,-,0.475,,,,,,,Final BG | Renewal PO Exc. GST,
848,India_First,,IndiaFirst Life Super Protection Plan - ROP,,30,-,0.475,,,,,,,Final BG | Renewal PO Exc. GST,
849,India_First,,IndiaFirst Life Super Protection Plan - ROP,,35,-,0.475,,,,,,,Final BG | Renewal PO Exc. GST,
850,India_First,,IndiaFirst Life Super Protection Plan - LIFE,,5,-,0.41,,,,,,,Final BG | Renewal PO Exc. GST,
851,India_First,,IndiaFirst Life Super Protection Plan - LIFE,,7,-,0.475,,,,,,,Final BG | Renewal PO Exc. GST,
852,India_First,,IndiaFirst Life Super Protection Plan - LIFE,,10,-,0.475,,,,,,,Final BG | Renewal PO Exc. GST,
853,India_First,,IndiaFirst Life Super Protection Plan - LIFE,,12,-,0.475,,,,,,,Final BG | Renewal PO Exc. GST,
854,India_First,,IndiaFirst Life Super Protection Plan - LIFE,,15,-,0.475,,,,,,,Final BG | Renewal PO Exc. GST,
855,India_First,,IndiaFirst Life Super Protection Plan - LIFE,,20,-,0.475,,,,,,,Final BG | Renewal PO Exc. GST,
856,India_First,,IndiaFirst Life Super Protection Plan - LIFE,,25,-,0.475,,,,,,,Final BG | Renewal PO Exc. GST,
857,India_First,,IndiaFirst Life Super Protection Plan - LIFE,,30,-,0.475,,,,,,,Final BG | Renewal PO Exc. GST,
858,India_First,,IndiaFirst Life Super Protection Plan - LIFE,,35,-,0.475,,,,,,,Final BG | Renewal PO Exc. GST,
859,India_First,,TULIP PRO,,6,25,0.35,,,,,,,Final BG | Renewal PO Exc. GST,
860,India_First,,TULIP PRO,,7,25,0.35,,,,,,,Final BG | Renewal PO Exc. GST,
861,India_First,,TULIP PRO,,8,25,0.35,,,,,,,Final BG | Renewal PO Exc. GST,
862,India_First,,IndiaFirst Guaranteed Annuity Plan,,-,-,0.02,,,,,,,Final BG | Renewal PO Exc. GST,
863,India_First,,IndiaFirst Life Long Guaranteed Income Plan,,PPT - 5 Yrs,-,,0.005,0.005,0.005,0.005,0.0,,Final BG | Renewal PO Exc. GST,commissions year 2 commiss ion: 0.5%; year 3 commiss ion: 0.5%; year 4 commiss ion: 0.5%; year 5 commiss ion: 0.5%; year 6 commiss ion: 0%; year 7 commiss ion: 0%; year 8 commiss ion: 0%; year 9 commiss ion: 0%; year 10 commiss ion: 0%; year 11 + commiss ion: 0%
864,India_First,,IndiaFirst Life Long Guaranteed Income Plan,,PPT - 6 Yrs,-,,0.005,0.005,0.005,0.005,0.0,,Final BG | Renewal PO Exc. GST,commissions year 2 commiss ion: 0.5%; year 3 commiss ion: 0.5%; year 4 commiss ion: 0.5%; year 5 commiss ion: 0.5%; year 6 commiss ion: 0.5%; year 7 commiss ion: 0%; year 8 commiss ion: 0%; year 9 commiss ion: 0%; year 10 commiss ion: 0%; year 11 + commiss ion: 0%
865,India_First,,IndiaFirst Life Long Guaranteed Income Plan,,PPT - 7 Yrs,-,,0.005,0.005,0.005,0.005,0.0,,Final BG | Renewal PO Exc. GST,commissions year 2 commiss ion: 0.5%; year 3 commiss ion: 0.5%; year 4 commiss ion: 0.5%; year 5 commiss ion: 0.5%; year 6 commiss ion: 0.5%; year 7 commiss ion: 0.5%; year 8 commiss ion: 0%; year 9 commiss ion: 0%; year 10 commiss ion: 0%; year 11 + commiss ion: 0%
866,India_First,,IndiaFirst Life Long Guaranteed Income Plan,,PPT - 8 Yrs,-,,0.005,0.005,0.005,0.005,0.0,,Final BG | Renewal PO Exc. GST,commissions year 2 commiss ion: 0.5%; year 3 commiss ion: 0.5%; year 4 commiss ion: 0.5%; year 5 commiss ion: 0.5%; year 6 commiss ion: 0.5%; year 7 commiss ion: 0.5%; year 8 commiss ion: 0.5%; year 9 commiss ion: 0%; year 10 commiss ion: 0%; year 11 + commiss ion: 0%
867,India_First,,IndiaFirst Life Long Guaranteed Income Plan,,PPT - 10 Yrs,-,,0.005,0.005,0.005,0.005,0.0,,Final BG | Renewal PO Exc. GST,commissions year 2 commiss ion: 0.5%; year 3 commiss ion: 0.5%; year 4 commiss ion: 0.5%; year 5 commiss ion: 0.5%; year 6 commiss ion: 0.5%; year 7 commiss ion: 0.5%; year 8 commiss ion: 0.5%; year 9 commiss ion: 0.5%; year 10 commiss ion: 0.5%; year 11 + commiss ion: 0%
868,India_First,,IndiaFirst Life Long Guaranteed Income Plan,,PPT - 12 Yrs,-,,0.005,0.005,0.005,0.005,0.005,,Final BG | Renewal PO Exc. GST,commissions year 2 commiss ion: 0.5%; year 3 commiss ion: 0.5%; year 4 commiss ion: 0.5%; year 5 commiss ion: 0.5%; year 6 commiss ion: 0.5%; year 7 commiss ion: 0.5%; year 8 commiss ion: 0.5%; year 9 commiss ion: 0.5%; year 10 commiss ion: 0.5%; year 11 + commiss ion: 0.5%
869,India_First,,IndiaFirst Life Guaranteed Pension Plan,,PPT - 5 Yrs,-,,0.00075,0.00075,0.005,0.005,0.0,,Final BG | Renewal PO Exc. GST,commissions year 2 commiss ion: 0.075%; year 3 commiss ion: 0.075%; year 4 commiss ion: 0.5%; year 5 commiss ion: 0.5%; year 6 commiss ion: 0%; year 7 commiss ion: 0%; year 8 commiss ion: 0%; year 9 commiss ion: 0%; year 10 commiss ion: 0%; year 11 + commiss ion: 0%
870,India_First,,IndiaFirst Life Guaranteed Pension Plan,,PPT - 6 Yrs,-,,0.00075,0.00075,0.005,0.005,0.0,,Final BG | Renewal PO Exc. GST,commissions year 2 commiss ion: 0.075%; year 3 commiss ion: 0.075%; year 4 commiss ion: 0.5%; year 5 commiss ion: 0.5%; year 6 commiss ion: 0.5%; year 7 commiss ion: 0%; year 8 commiss ion: 0%; year 9 commiss ion: 0%; year 10 commiss ion: 0%; year 11 + commiss ion: 0%
871,India_First,,IndiaFirst Life Guaranteed Pension Plan,,PPT - 7 Yrs,-,,0.00075,0.00075,0.005,0.005,0.0,,Final BG | Renewal PO Exc. GST,commissions year 2 commiss ion: 0.075%; year 3 commiss ion: 0.075%; year 4 commiss ion: 0.5%; year 5 commiss ion: 0.5%; year 6 commiss ion: 0.5%; year 7 commiss ion: 0.5%; year 8 commiss ion: 0%; year 9 commiss ion: 0%; year 10 commiss ion: 0%; year 11 + commiss ion: 0%
872,India_First,,IndiaFirst Life Guaranteed Pension Plan,,PPT - 8 Yrs,-,,0.00075,0.00075,0.005,0.005,0.0,,Final BG | Renewal PO Exc. GST,commissions year 2 commiss ion: 0.075%; year 3 commiss ion: 0.075%; year 4 commiss ion: 0.5%; year 5 commiss ion: 0.5%; year 6 commiss ion: 0.5%; year 7 commiss ion: 0.5%; year 8 commiss ion: 0.5%; year 9 commiss ion: 0%; year 10 commiss ion: 0%; year 11 + commiss ion: 0%
873,India_First,,IndiaFirst Life Guaranteed Pension Plan,,PPT - 9 Yrs,-,,0.00075,0.00075,0.005,0.005,0.0,,Final BG | Renewal PO Exc. GST,commissions year 2 commiss ion: 0.075%; year 3 commiss ion: 0.075%; year 4 commiss ion: 0.5%; year 5 commiss ion: 0.5%; year 6 commiss ion: 0.5%; year 7 commiss ion: 0.5%; year 8 commiss ion: 0.5%; year 9 commiss ion: 0.5%; year 10 commiss ion: 0%; year 11 + commiss ion: 0%
874,India_First,,IndiaFirst Life Guaranteed Pension Plan,,PPT - 10 Yrs,-,,0.00075,0.00075,0.005,0.005,0.0,,Final BG | Renewal PO Exc. GST,commissions year 2 commiss ion: 0.075%; year 3 commiss ion: 0.075%; year 4 commiss ion: 0.5%; year 5 commiss ion: 0.5%; year 6 commiss ion: 0.5%; year 7 commiss ion: 0.5%; year 8 commiss ion: 0.5%; year 9 commiss ion: 0.5%; year 10 commiss ion: 0.5%; year 11 + commiss ion: 0%
875,India_First,,IndiaFirst Life Term with Unit Link Insurance Plan,,6,15/20,,0.005,0.005,0.005,0.005,0.0,,Final BG | Renewal PO Exc. GST,commissions year 2 commiss ion: 0.5%; year 3 commiss ion: 0.5%; year 4 commiss ion: 0.5%; year 5 commiss ion: 0.5%; year 6 commiss ion: 0.5%; year 7 commiss ion: 0%; year 8 commiss ion: 0%; year 9 commiss ion: 0%; year 10 commiss ion: 0%; year 11 + commiss ion: 0%
876,India_First,,IndiaFirst Life Accidental Death Benefit Rider,,6,15/20,,0.02,0.02,0.02,0.02,0.0,,Final BG | Renewal PO Exc. GST,commissions year 2 commiss ion: 2%; year 3 commiss ion: 2%; year 4 commiss ion: 2%; year 5 commiss ion: 2%; year 6 commiss ion: 2%; year 7 commiss ion: 0%; year 8 commiss ion: 0%; year 9 commiss ion: 0%; year 10 commiss ion: 0%; year 11 + commiss ion: 0%
877,India_First,,IndiaFirst Life Total and Permanent Disability Rider,,6,15/20,,0.02,0.02,0.02,0.02,0.0,,Final BG | Renewal PO Exc. GST,commissions year 2 commiss ion: 2%; year 3 commiss ion: 2%; year 4 commiss ion: 2%; year 5 commiss ion: 2%; year 6 commiss ion: 2%; year 7 commiss ion: 0%; year 8 commiss ion: 0%; year 9 commiss ion: 0%; year 10 commiss ion: 0%; year 11 + commiss ion: 0%
878,India_First,,IndiaFirst Elite Term Plan,,RP,RP,,0.005,0.005,0.005,0.005,0.0,,Final BG | Renewal PO Exc. GST,commissions year 2 commiss ion: 0.5%; year 3 commiss ion: 0.5%; year 4 commiss ion: 0.5%; year 5 commiss ion: 0.5%; year 6 commiss ion: 0%; year 7 commiss ion: 0%; year 8 commiss ion: 0%; year 9 commiss ion: 0%; year 10 commiss ion: 0%; year 11 + commiss ion: 0%
879,India_First,,IndiaFirst Life Super Protection Plan,,SP,-,,0.0,0.0,0.0,0.0,0.0,,Final BG | Renewal PO Exc. GST,commissions year 2 commiss ion: 0%; year 3 commiss ion: 0%; year 4 commiss ion: 0%; year 5 commiss ion: 0%; year 6 commiss ion: 0%; year 7 commiss ion: 0%; year 8 commiss ion: 0%; year 9 commiss ion: 0%; year 10 commiss ion: 0%; year 11 + commiss ion: 0%
880,India_First,,IndiaFirst Life Super Protection Plan,,5,-,,0.00075,0.00075,0.00075,0.00075,0.0,,Final BG | Renewal PO Exc. GST,commissions year 2 commiss ion: 0.075%; year 3 commiss ion: 0.075%; year 4 commiss ion: 0.075%; year 5 commiss ion: 0.075%; year 6 commiss ion: 0%; year 7 commiss ion: 0%; year 8 commiss ion: 0%; year 9 commiss ion: 0%; year 10 commiss ion: 0%; year 11 + commiss ion: 0%
881,India_First,,IndiaFirst Life Super Protection Plan,,6,-,,0.00075,0.00075,0.00075,0.00075,0.0,,Final BG | Renewal PO Exc. GST,commissions year 2 commiss ion: 0.075%; year 3 commiss ion: 0.075%; year 4 commiss ion: 0.075%; year 5 commiss ion: 0.075%; year 6 commiss ion: 0.075%; year 7 commiss ion: 0%; year 8 commiss ion: 0%; year 9 commiss ion: 0%; year 10 commiss ion: 0%; year 11 + commiss ion: 0%
882,India_First,,IndiaFirst Life Super Protection Plan,,7,-,,0.00075,0.00075,0.00075,0.00075,0.0,,Final BG | Renewal PO Exc. GST,commissions year 2 commiss ion: 0.075%; year 3 commiss ion: 0.075%; year 4 commiss ion: 0.075%; year 5 commiss ion: 0.075%; year 6 commiss ion: 0.075%; year 7 commiss ion: 0.075%; year 8 commiss ion: 0%; year 9 commiss ion: 0%; year 10 commiss ion: 0%; year 11 + commiss ion: 0%
883,India_First,,IndiaFirst Life Super Protection Plan,,8,-,,0.00075,0.00075,0.00075,0.00075,0.0,,Final BG | Renewal PO Exc. GST,commissions year 2 commiss ion: 0.075%; year 3 commiss ion: 0.075%; year 4 commiss ion: 0.075%; year 5 commiss ion: 0.075%; year 6 commiss ion: 0.075%; year 7 commiss ion: 0.075%; year 8 commiss ion: 0.075%; year 9 commiss ion: 0%; year 10 commiss ion: 0%; year 11 + commiss ion: 0%
884,India_First,,IndiaFirst Life Super Protection Plan,,9,-,,0.00075,0.00075,0.00075,0.00075,0.0,,Final BG | Renewal PO Exc. GST,commissions year 2 commiss ion: 0.075%; year 3 commiss ion: 0.075%; year 4 commiss ion: 0.075%; year 5 commiss ion: 0.075%; year 6 commiss ion: 0.075%; year 7 commiss ion: 0.075%; year 8 commiss ion: 0.075%; year 9 commiss ion: 0.075%; year 10 commiss ion: 0%; year 11 + commiss ion: 0%
885,India_First,,IndiaFirst Life Super Protection Plan,,10,-,,0.00075,0.00075,0.00075,0.00075,0.0,,Final BG | Renewal PO Exc. GST,commissions year 2 commiss ion: 0.075%; year 3 commiss ion: 0.075%; year 4 commiss ion: 0.075%; year 5 commiss ion: 0.075%; year 6 commiss ion: 0.075%; year 7 commiss ion: 0.075%; year 8 commiss ion: 0.075%; year 9 commiss ion: 0.075%; year 10 commiss ion: 0.075%; year 11 + commiss ion: 0%
886,India_First,,IndiaFirst Life Super Protection Plan,,11,-,,0.00075,0.00075,0.00075,0.00075,0.00075,,Final BG | Renewal PO Exc. GST,commissions year 2 commiss ion: 0.075%; year 3 commiss ion: 0.075%; year 4 commiss ion: 0.075%; year 5 commiss ion: 0.075%; year 6 commiss ion: 0.075%; year 7 commiss ion: 0.075%; year 8 commiss ion: 0.075%; year 9 commiss ion: 0.075%; year 10 commiss ion: 0.075%; year 11 + commiss ion: 0.075%
887,India_First,,IndiaFirst Life Super Protection Plan,,12 and above,-,,0.00075,0.00075,0.00075,0.00075,0.00075,,Final BG | Renewal PO Exc. GST,commissions year 2 commiss ion: 0.075%; year 3 commiss ion: 0.075%; year 4 commiss ion: 0.075%; year 5 commiss ion: 0.075%; year 6 commiss ion: 0.075%; year 7 commiss ion: 0.075%; year 8 commiss ion: 0.075%; year 9 commiss ion: 0.075%; year 10 commiss ion: 0.075%; year 11 + commiss ion: 0.075%
888,India_First,,IndiaFirst Life TULIP Pro,,6,-,,0.005,0.005,0.005,0.005,0.0,,Final BG | Renewal PO Exc. GST,commissions year 2 commiss ion: 0.5%; year 3 commiss ion: 0.5%; year 4 commiss ion: 0.5%; year 5 commiss ion: 0.5%; year 6 commiss ion: 0.5%; year 7 commiss ion: 0%; year 8 commiss ion: 0%; year 9 commiss ion: 0%; year 10 commiss ion: 0%; year 11 + commiss ion: 0%
889,India_First,,IndiaFirst Life TULIP Pro,,7,-,,0.005,0.005,0.005,0.005,0.0,,Final BG | Renewal PO Exc. GST,commissions year 2 commiss ion: 0.5%; year 3 commiss ion: 0.5%; year 4 commiss ion: 0.5%; year 5 commiss ion: 0.5%; year 6 commiss ion: 0.5%; year 7 commiss ion: 0.5%; year 8 commiss ion: 0%; year 9 commiss ion: 0%; year 10 commiss ion: 0%; year 11 + commiss ion: 0%
890,India_First,,IndiaFirst Life TULIP Pro,,8,-,,0.005,0.005,0.005,0.005,0.0,,Final BG | Renewal PO Exc. GST,commissions year 2 commiss ion: 0.5%; year 3 commiss ion: 0.5%; year 4 commiss ion: 0.5%; year 5 commiss ion: 0.5%; year 6 commiss ion: 0.5%; year 7 commiss ion: 0.5%; year 8 commiss ion: 0.5%; year 9 commiss ion: 0%; year 10 commiss ion: 0%; year 11 + commiss ion: 0%
891,India_First,,IndiaFirst Life Linked Term Rider,,6,-,,0.02,0.02,0.02,0.02,0.0,,Final BG | Renewal PO Exc. GST,commissions year 2 commiss ion: 2%; year 3 commiss ion: 2%; year 4 commiss ion: 2%; year 5 commiss ion: 2%; year 6 commiss ion: 2%; year 7 commiss ion: 0%; year 8 commiss ion: 0%; year 9 commiss ion: 0%; year 10 commiss ion: 0%; year 11 + commiss ion: 0%
892,India_First,,IndiaFirst Life Linked Term Rider,,7,-,,0.02,0.02,0.02,0.02,0.0,,Final BG | Renewal PO Exc. GST,commissions year 2 commiss ion: 2%; year 3 commiss ion: 2%; year 4 commiss ion: 2%; year 5 commiss ion: 2%; year 6 commiss ion: 2%; year 7 commiss ion: 2%; year 8 commiss ion: 0%; year 9 commiss ion: 0%; year 10 commiss ion: 0%; year 11 + commiss ion: 0%
893,India_First,,IndiaFirst Life Linked Term Rider,,8,-,,0.02,0.02,0.02,0.02,0.0,,Final BG | Renewal PO Exc. GST,commissions year 2 commiss ion: 2%; year 3 commiss ion: 2%; year 4 commiss ion: 2%; year 5 commiss ion: 2%; year 6 commiss ion: 2%; year 7 commiss ion: 2%; year 8 commiss ion: 2%; year 9 commiss ion: 0%; year 10 commiss ion: 0%; year 11 + commiss ion: 0%
894,India_First,,IndiaFirst Life waiver of Premium Rider,,5,-,,0.02,0.02,0.02,0.02,0.0,,Final BG | Renewal PO Exc. GST,commissions year 2 commiss ion: 2%; year 3 commiss ion: 2%; year 4 commiss ion: 2%; year 5 commiss ion: 2%; year 6 commiss ion: 0%; year 7 commiss ion: 0%; year 8 commiss ion: 0%; year 9 commiss ion: 0%; year 10 commiss ion: 0%; year 11 + commiss ion: 0%
895,India_First,,IndiaFirst Life waiver of Premium Rider,,6,-,,0.02,0.02,0.02,0.02,0.0,,Final BG | Renewal PO Exc. GST,commissions year 2 commiss ion: 2%; year 3 commiss ion: 2%; year 4 commiss ion: 2%; year 5 commiss ion: 2%; year 6 commiss ion: 2%; year 7 commiss ion: 0%; year 8 commiss ion: 0%; year 9 commiss ion: 0%; year 10 commiss ion: 0%; year 11 + commiss ion: 0%
896,India_First,,IndiaFirst Life waiver of Premium Rider,,7,-,,0.02,0.02,0.02,0.02,0.0,,Final BG | Renewal PO Exc. GST,commissions year 2 commiss ion: 2%; year 3 commiss ion: 2%; year 4 commiss ion: 2%; year 5 commiss ion: 2%; year 6 commiss ion: 2%; year 7 commiss ion: 2%; year 8 commiss ion: 0%; year 9 commiss ion: 0%; year 10 commiss ion: 0%; year 11 + commiss ion: 0%
897,India_First,,IndiaFirst Life waiver of Premium Rider,,8,-,,0.02,0.02,0.02,0.02,0.0,,Final BG | Renewal PO Exc. GST,commissions year 2 commiss ion: 2%; year 3 commiss ion: 2%; year 4 commiss ion: 2%; year 5 commiss ion: 2%; year 6 commiss ion: 2%; year 7 commiss ion: 2%; year 8 commiss ion: 2%; year 9 commiss ion: 0%; year 10 commiss ion: 0%; year 11 + commiss ion: 0%
898,India_First,,IndiaFirst Life waiver of Premium Rider,,9,-,,0.02,0.02,0.02,0.02,0.0,,Final BG | Renewal PO Exc. GST,commissions year 2 commiss ion: 2%; year 3 commiss ion: 2%; year 4 commiss ion: 2%; year 5 commiss ion: 2%; year 6 commiss ion: 2%; year 7 commiss ion: 2%; year 8 commiss ion: 2%; year 9 commiss ion: 2%; year 10 commiss ion: 0%; year 11 + commiss ion: 0%
899,India_First,,IndiaFirst Life waiver of Premium Rider,,10,-,,0.02,0.02,0.02,0.02,0.0,,Final BG | Renewal PO Exc. GST,commissions year 2 commiss ion: 2%; year 3 commiss ion: 2%; year 4 commiss ion: 2%; year 5 commiss ion: 2%; year 6 commiss ion: 2%; year 7 commiss ion: 2%; year 8 commiss ion: 2%; year 9 commiss ion: 2%; year 10 commiss ion: 2%; year 11 + commiss ion: 0%
900,India_First,,IndiaFirst Life waiver of Premium Rider,,11,-,,0.02,0.02,0.02,0.02,0.02,,Final BG | Renewal PO Exc. GST,commissions year 2 commiss ion: 2%; year 3 commiss ion: 2%; year 4 commiss ion: 2%; year 5 commiss ion: 2%; year 6 commiss ion: 2%; year 7 commiss ion: 2%; year 8 commiss ion: 2%; year 9 commiss ion: 2%; year 10 commiss ion: 2%; year 11 + commiss ion: 2%
901,India_First,,IndiaFirst Life waiver of Premium Rider,,12+,-,,0.02,0.02,0.02,0.02,0.02,,Final BG | Renewal PO Exc. GST,commissions year 2 commiss ion: 2%; year 3 commiss ion: 2%; year 4 commiss ion: 2%; year 5 commiss ion: 2%; year 6 commiss ion: 2%; year 7 commiss ion: 2%; year 8 commiss ion: 2%; year 9 commiss ion: 2%; year 10 commiss ion: 2%; year 11 + commiss ion: 2%
902,Bharti_Axa,Non- Par,GWP – Endowment,,5 to 6,-,0.32,,,,,,,"Final BG |  Minimum Ticket size will be product variant wise as per persistency and quality assumption on quarterly basis. |  DBM on TULIP will be as per Tulip definition by Bharti AXA Life Insurance. | Renewal Business | Insta Gain Details | 6. Deferral & Clawback clause | Clawback to be made on the uncollected 13M Premium(100% minus 13M Persistency) If 13M Persistency <80% Claw back will be applicable on the payouts (commission + Reward) made on new Bussiness as per the 13M Persistency, as per below table. | 75.1 to 80% | 72.1% to 75% | 1) If Trad book Persistency as of March 31st 2027 is 75%; Size of 13M book: 1 Cr; Total payout made on this book: 80% | - Payout made in previous year: 0.25 Cr*80% = 0.2 Cr | No claw back if the 13M persistency is above 80% | 7. Complaints | Complaints registered on Integrated Grievance Management System (IGMS) should be less than 10 per 1000 policies. If the IGMS Complaints Incidence rate exceed >10, there will be a claw back of Rs 7000 per complaint. | Allowed Complaints incidence Rate (per 1000) (b) | Terms & Conditions: • All payouts will be payable on weighted New Business Premium (Single premium to be considered at 10%). • All the rates mentioned above are inclusive of GST • The product mix & commercials to be reviewed post every year end or as and when required by either of parties. • Any new product chassis/ design/ special pricing will require discussions on a mutually agreeable basis. • The terms and conditions described in this term sheet including its existence and any discussion on relating to the same shall be treated as confidential information and shall not be disclosed to any third party by either Party, for any reason whatsoever. • Any changes in commercials construct will be mutually discussed and signed off by both parties. • The terms & conditions in this term sheet to be revisited in case there is any change in IRDA regulations and board approved policy. All remunerations will be in compliance with IRDA regulations and board approved policy as applicable.",
903,Bharti_Axa,Non- Par,GWP – Endowment,,7 to 9,-,0.38,,,,,,,"Final BG |  Minimum Ticket size will be product variant wise as per persistency and quality assumption on quarterly basis. |  DBM on TULIP will be as per Tulip definition by Bharti AXA Life Insurance. | Renewal Business | Insta Gain Details | 6. Deferral & Clawback clause | Clawback to be made on the uncollected 13M Premium(100% minus 13M Persistency) If 13M Persistency <80% Claw back will be applicable on the payouts (commission + Reward) made on new Bussiness as per the 13M Persistency, as per below table. | 75.1 to 80% | 72.1% to 75% | 1) If Trad book Persistency as of March 31st 2027 is 75%; Size of 13M book: 1 Cr; Total payout made on this book: 80% | - Payout made in previous year: 0.25 Cr*80% = 0.2 Cr | No claw back if the 13M persistency is above 80% | 7. Complaints | Complaints registered on Integrated Grievance Management System (IGMS) should be less than 10 per 1000 policies. If the IGMS Complaints Incidence rate exceed >10, there will be a claw back of Rs 7000 per complaint. | Allowed Complaints incidence Rate (per 1000) (b) | Terms & Conditions: • All payouts will be payable on weighted New Business Premium (Single premium to be considered at 10%). • All the rates mentioned above are inclusive of GST • The product mix & commercials to be reviewed post every year end or as and when required by either of parties. • Any new product chassis/ design/ special pricing will require discussions on a mutually agreeable basis. • The terms and conditions described in this term sheet including its existence and any discussion on relating to the same shall be treated as confidential information and shall not be disclosed to any third party by either Party, for any reason whatsoever. • Any changes in commercials construct will be mutually discussed and signed off by both parties. • The terms & conditions in this term sheet to be revisited in case there is any change in IRDA regulations and board approved policy. All remunerations will be in compliance with IRDA regulations and board approved policy as applicable.",
904,Bharti_Axa,Non- Par,GWP – Endowment,,10,-,0.49,,,,,,,"Final BG |  Minimum Ticket size will be product variant wise as per persistency and quality assumption on quarterly basis. |  DBM on TULIP will be as per Tulip definition by Bharti AXA Life Insurance. | Renewal Business | Insta Gain Details | 6. Deferral & Clawback clause | Clawback to be made on the uncollected 13M Premium(100% minus 13M Persistency) If 13M Persistency <80% Claw back will be applicable on the payouts (commission + Reward) made on new Bussiness as per the 13M Persistency, as per below table. | 75.1 to 80% | 72.1% to 75% | 1) If Trad book Persistency as of March 31st 2027 is 75%; Size of 13M book: 1 Cr; Total payout made on this book: 80% | - Payout made in previous year: 0.25 Cr*80% = 0.2 Cr | No claw back if the 13M persistency is above 80% | 7. Complaints | Complaints registered on Integrated Grievance Management System (IGMS) should be less than 10 per 1000 policies. If the IGMS Complaints Incidence rate exceed >10, there will be a claw back of Rs 7000 per complaint. | Allowed Complaints incidence Rate (per 1000) (b) | Terms & Conditions: • All payouts will be payable on weighted New Business Premium (Single premium to be considered at 10%). • All the rates mentioned above are inclusive of GST • The product mix & commercials to be reviewed post every year end or as and when required by either of parties. • Any new product chassis/ design/ special pricing will require discussions on a mutually agreeable basis. • The terms and conditions described in this term sheet including its existence and any discussion on relating to the same shall be treated as confidential information and shall not be disclosed to any third party by either Party, for any reason whatsoever. • Any changes in commercials construct will be mutually discussed and signed off by both parties. • The terms & conditions in this term sheet to be revisited in case there is any change in IRDA regulations and board approved policy. All remunerations will be in compliance with IRDA regulations and board approved policy as applicable.",
905,Bharti_Axa,Non- Par,GWP – Endowment,,11 & above,-,0.525,,,,,,,"Final BG |  Minimum Ticket size will be product variant wise as per persistency and quality assumption on quarterly basis. |  DBM on TULIP will be as per Tulip definition by Bharti AXA Life Insurance. | Renewal Business | Insta Gain Details | 6. Deferral & Clawback clause | Clawback to be made on the uncollected 13M Premium(100% minus 13M Persistency) If 13M Persistency <80% Claw back will be applicable on the payouts (commission + Reward) made on new Bussiness as per the 13M Persistency, as per below table. | 75.1 to 80% | 72.1% to 75% | 1) If Trad book Persistency as of March 31st 2027 is 75%; Size of 13M book: 1 Cr; Total payout made on this book: 80% | - Payout made in previous year: 0.25 Cr*80% = 0.2 Cr | No claw back if the 13M persistency is above 80% | 7. Complaints | Complaints registered on Integrated Grievance Management System (IGMS) should be less than 10 per 1000 policies. If the IGMS Complaints Incidence rate exceed >10, there will be a claw back of Rs 7000 per complaint. | Allowed Complaints incidence Rate (per 1000) (b) | Terms & Conditions: • All payouts will be payable on weighted New Business Premium (Single premium to be considered at 10%). • All the rates mentioned above are inclusive of GST • The product mix & commercials to be reviewed post every year end or as and when required by either of parties. • Any new product chassis/ design/ special pricing will require discussions on a mutually agreeable basis. • The terms and conditions described in this term sheet including its existence and any discussion on relating to the same shall be treated as confidential information and shall not be disclosed to any third party by either Party, for any reason whatsoever. • Any changes in commercials construct will be mutually discussed and signed off by both parties. • The terms & conditions in this term sheet to be revisited in case there is any change in IRDA regulations and board approved policy. All remunerations will be in compliance with IRDA regulations and board approved policy as applicable.",
906,Bharti_Axa,Non- Par,GWP - Long Term Early Income,,5 to 6,-,0.285,,,,,,,"Final BG |  Minimum Ticket size will be product variant wise as per persistency and quality assumption on quarterly basis. |  DBM on TULIP will be as per Tulip definition by Bharti AXA Life Insurance. | Renewal Business | Insta Gain Details | 6. Deferral & Clawback clause | Clawback to be made on the uncollected 13M Premium(100% minus 13M Persistency) If 13M Persistency <80% Claw back will be applicable on the payouts (commission + Reward) made on new Bussiness as per the 13M Persistency, as per below table. | 75.1 to 80% | 72.1% to 75% | 1) If Trad book Persistency as of March 31st 2027 is 75%; Size of 13M book: 1 Cr; Total payout made on this book: 80% | - Payout made in previous year: 0.25 Cr*80% = 0.2 Cr | No claw back if the 13M persistency is above 80% | 7. Complaints | Complaints registered on Integrated Grievance Management System (IGMS) should be less than 10 per 1000 policies. If the IGMS Complaints Incidence rate exceed >10, there will be a claw back of Rs 7000 per complaint. | Allowed Complaints incidence Rate (per 1000) (b) | Terms & Conditions: • All payouts will be payable on weighted New Business Premium (Single premium to be considered at 10%). • All the rates mentioned above are inclusive of GST • The product mix & commercials to be reviewed post every year end or as and when required by either of parties. • Any new product chassis/ design/ special pricing will require discussions on a mutually agreeable basis. • The terms and conditions described in this term sheet including its existence and any discussion on relating to the same shall be treated as confidential information and shall not be disclosed to any third party by either Party, for any reason whatsoever. • Any changes in commercials construct will be mutually discussed and signed off by both parties. • The terms & conditions in this term sheet to be revisited in case there is any change in IRDA regulations and board approved policy. All remunerations will be in compliance with IRDA regulations and board approved policy as applicable.",
907,Bharti_Axa,Non- Par,GWP - Long Term Early Income,,7 to 9,-,0.45,,,,,,,"Final BG |  Minimum Ticket size will be product variant wise as per persistency and quality assumption on quarterly basis. |  DBM on TULIP will be as per Tulip definition by Bharti AXA Life Insurance. | Renewal Business | Insta Gain Details | 6. Deferral & Clawback clause | Clawback to be made on the uncollected 13M Premium(100% minus 13M Persistency) If 13M Persistency <80% Claw back will be applicable on the payouts (commission + Reward) made on new Bussiness as per the 13M Persistency, as per below table. | 75.1 to 80% | 72.1% to 75% | 1) If Trad book Persistency as of March 31st 2027 is 75%; Size of 13M book: 1 Cr; Total payout made on this book: 80% | - Payout made in previous year: 0.25 Cr*80% = 0.2 Cr | No claw back if the 13M persistency is above 80% | 7. Complaints | Complaints registered on Integrated Grievance Management System (IGMS) should be less than 10 per 1000 policies. If the IGMS Complaints Incidence rate exceed >10, there will be a claw back of Rs 7000 per complaint. | Allowed Complaints incidence Rate (per 1000) (b) | Terms & Conditions: • All payouts will be payable on weighted New Business Premium (Single premium to be considered at 10%). • All the rates mentioned above are inclusive of GST • The product mix & commercials to be reviewed post every year end or as and when required by either of parties. • Any new product chassis/ design/ special pricing will require discussions on a mutually agreeable basis. • The terms and conditions described in this term sheet including its existence and any discussion on relating to the same shall be treated as confidential information and shall not be disclosed to any third party by either Party, for any reason whatsoever. • Any changes in commercials construct will be mutually discussed and signed off by both parties. • The terms & conditions in this term sheet to be revisited in case there is any change in IRDA regulations and board approved policy. All remunerations will be in compliance with IRDA regulations and board approved policy as applicable.",
908,Bharti_Axa,Non- Par,GWP - Long Term Early Income,,10,-,0.53,,,,,,,"Final BG |  Minimum Ticket size will be product variant wise as per persistency and quality assumption on quarterly basis. |  DBM on TULIP will be as per Tulip definition by Bharti AXA Life Insurance. | Renewal Business | Insta Gain Details | 6. Deferral & Clawback clause | Clawback to be made on the uncollected 13M Premium(100% minus 13M Persistency) If 13M Persistency <80% Claw back will be applicable on the payouts (commission + Reward) made on new Bussiness as per the 13M Persistency, as per below table. | 75.1 to 80% | 72.1% to 75% | 1) If Trad book Persistency as of March 31st 2027 is 75%; Size of 13M book: 1 Cr; Total payout made on this book: 80% | - Payout made in previous year: 0.25 Cr*80% = 0.2 Cr | No claw back if the 13M persistency is above 80% | 7. Complaints | Complaints registered on Integrated Grievance Management System (IGMS) should be less than 10 per 1000 policies. If the IGMS Complaints Incidence rate exceed >10, there will be a claw back of Rs 7000 per complaint. | Allowed Complaints incidence Rate (per 1000) (b) | Terms & Conditions: • All payouts will be payable on weighted New Business Premium (Single premium to be considered at 10%). • All the rates mentioned above are inclusive of GST • The product mix & commercials to be reviewed post every year end or as and when required by either of parties. • Any new product chassis/ design/ special pricing will require discussions on a mutually agreeable basis. • The terms and conditions described in this term sheet including its existence and any discussion on relating to the same shall be treated as confidential information and shall not be disclosed to any third party by either Party, for any reason whatsoever. • Any changes in commercials construct will be mutually discussed and signed off by both parties. • The terms & conditions in this term sheet to be revisited in case there is any change in IRDA regulations and board approved policy. All remunerations will be in compliance with IRDA regulations and board approved policy as applicable.",
909,Bharti_Axa,Non- Par,GWP - Long Term Income,,10,-,0.55,,,,,,,"Final BG |  Minimum Ticket size will be product variant wise as per persistency and quality assumption on quarterly basis. |  DBM on TULIP will be as per Tulip definition by Bharti AXA Life Insurance. | Renewal Business | Insta Gain Details | 6. Deferral & Clawback clause | Clawback to be made on the uncollected 13M Premium(100% minus 13M Persistency) If 13M Persistency <80% Claw back will be applicable on the payouts (commission + Reward) made on new Bussiness as per the 13M Persistency, as per below table. | 75.1 to 80% | 72.1% to 75% | 1) If Trad book Persistency as of March 31st 2027 is 75%; Size of 13M book: 1 Cr; Total payout made on this book: 80% | - Payout made in previous year: 0.25 Cr*80% = 0.2 Cr | No claw back if the 13M persistency is above 80% | 7. Complaints | Complaints registered on Integrated Grievance Management System (IGMS) should be less than 10 per 1000 policies. If the IGMS Complaints Incidence rate exceed >10, there will be a claw back of Rs 7000 per complaint. | Allowed Complaints incidence Rate (per 1000) (b) | Terms & Conditions: • All payouts will be payable on weighted New Business Premium (Single premium to be considered at 10%). • All the rates mentioned above are inclusive of GST • The product mix & commercials to be reviewed post every year end or as and when required by either of parties. • Any new product chassis/ design/ special pricing will require discussions on a mutually agreeable basis. • The terms and conditions described in this term sheet including its existence and any discussion on relating to the same shall be treated as confidential information and shall not be disclosed to any third party by either Party, for any reason whatsoever. • Any changes in commercials construct will be mutually discussed and signed off by both parties. • The terms & conditions in this term sheet to be revisited in case there is any change in IRDA regulations and board approved policy. All remunerations will be in compliance with IRDA regulations and board approved policy as applicable.",
910,Bharti_Axa,Non- Par,GWP - Long Term Income,,11 & above,-,0.585,,,,,,,"Final BG |  Minimum Ticket size will be product variant wise as per persistency and quality assumption on quarterly basis. |  DBM on TULIP will be as per Tulip definition by Bharti AXA Life Insurance. | Renewal Business | Insta Gain Details | 6. Deferral & Clawback clause | Clawback to be made on the uncollected 13M Premium(100% minus 13M Persistency) If 13M Persistency <80% Claw back will be applicable on the payouts (commission + Reward) made on new Bussiness as per the 13M Persistency, as per below table. | 75.1 to 80% | 72.1% to 75% | 1) If Trad book Persistency as of March 31st 2027 is 75%; Size of 13M book: 1 Cr; Total payout made on this book: 80% | - Payout made in previous year: 0.25 Cr*80% = 0.2 Cr | No claw back if the 13M persistency is above 80% | 7. Complaints | Complaints registered on Integrated Grievance Management System (IGMS) should be less than 10 per 1000 policies. If the IGMS Complaints Incidence rate exceed >10, there will be a claw back of Rs 7000 per complaint. | Allowed Complaints incidence Rate (per 1000) (b) | Terms & Conditions: • All payouts will be payable on weighted New Business Premium (Single premium to be considered at 10%). • All the rates mentioned above are inclusive of GST • The product mix & commercials to be reviewed post every year end or as and when required by either of parties. • Any new product chassis/ design/ special pricing will require discussions on a mutually agreeable basis. • The terms and conditions described in this term sheet including its existence and any discussion on relating to the same shall be treated as confidential information and shall not be disclosed to any third party by either Party, for any reason whatsoever. • Any changes in commercials construct will be mutually discussed and signed off by both parties. • The terms & conditions in this term sheet to be revisited in case there is any change in IRDA regulations and board approved policy. All remunerations will be in compliance with IRDA regulations and board approved policy as applicable.",
911,Bharti_Axa,Non- Par,Guaranteed Bachat Plan (Variant 1),,10,-,0.585,,,,,,,"Final BG |  Minimum Ticket size will be product variant wise as per persistency and quality assumption on quarterly basis. |  DBM on TULIP will be as per Tulip definition by Bharti AXA Life Insurance. | Renewal Business | Insta Gain Details | 6. Deferral & Clawback clause | Clawback to be made on the uncollected 13M Premium(100% minus 13M Persistency) If 13M Persistency <80% Claw back will be applicable on the payouts (commission + Reward) made on new Bussiness as per the 13M Persistency, as per below table. | 75.1 to 80% | 72.1% to 75% | 1) If Trad book Persistency as of March 31st 2027 is 75%; Size of 13M book: 1 Cr; Total payout made on this book: 80% | - Payout made in previous year: 0.25 Cr*80% = 0.2 Cr | No claw back if the 13M persistency is above 80% | 7. Complaints | Complaints registered on Integrated Grievance Management System (IGMS) should be less than 10 per 1000 policies. If the IGMS Complaints Incidence rate exceed >10, there will be a claw back of Rs 7000 per complaint. | Allowed Complaints incidence Rate (per 1000) (b) | Terms & Conditions: • All payouts will be payable on weighted New Business Premium (Single premium to be considered at 10%). • All the rates mentioned above are inclusive of GST • The product mix & commercials to be reviewed post every year end or as and when required by either of parties. • Any new product chassis/ design/ special pricing will require discussions on a mutually agreeable basis. • The terms and conditions described in this term sheet including its existence and any discussion on relating to the same shall be treated as confidential information and shall not be disclosed to any third party by either Party, for any reason whatsoever. • Any changes in commercials construct will be mutually discussed and signed off by both parties. • The terms & conditions in this term sheet to be revisited in case there is any change in IRDA regulations and board approved policy. All remunerations will be in compliance with IRDA regulations and board approved policy as applicable.",
912,Bharti_Axa,Non- Par,Guaranteed Bachat Plan (Variant 1),,11 & above,-,0.62,,,,,,,"Final BG |  Minimum Ticket size will be product variant wise as per persistency and quality assumption on quarterly basis. |  DBM on TULIP will be as per Tulip definition by Bharti AXA Life Insurance. | Renewal Business | Insta Gain Details | 6. Deferral & Clawback clause | Clawback to be made on the uncollected 13M Premium(100% minus 13M Persistency) If 13M Persistency <80% Claw back will be applicable on the payouts (commission + Reward) made on new Bussiness as per the 13M Persistency, as per below table. | 75.1 to 80% | 72.1% to 75% | 1) If Trad book Persistency as of March 31st 2027 is 75%; Size of 13M book: 1 Cr; Total payout made on this book: 80% | - Payout made in previous year: 0.25 Cr*80% = 0.2 Cr | No claw back if the 13M persistency is above 80% | 7. Complaints | Complaints registered on Integrated Grievance Management System (IGMS) should be less than 10 per 1000 policies. If the IGMS Complaints Incidence rate exceed >10, there will be a claw back of Rs 7000 per complaint. | Allowed Complaints incidence Rate (per 1000) (b) | Terms & Conditions: • All payouts will be payable on weighted New Business Premium (Single premium to be considered at 10%). • All the rates mentioned above are inclusive of GST • The product mix & commercials to be reviewed post every year end or as and when required by either of parties. • Any new product chassis/ design/ special pricing will require discussions on a mutually agreeable basis. • The terms and conditions described in this term sheet including its existence and any discussion on relating to the same shall be treated as confidential information and shall not be disclosed to any third party by either Party, for any reason whatsoever. • Any changes in commercials construct will be mutually discussed and signed off by both parties. • The terms & conditions in this term sheet to be revisited in case there is any change in IRDA regulations and board approved policy. All remunerations will be in compliance with IRDA regulations and board approved policy as applicable.",
913,Bharti_Axa,Non- Par,Guaranteed Bachat Plan (Variant 2),,10,-,0.55,,,,,,,"Final BG |  Minimum Ticket size will be product variant wise as per persistency and quality assumption on quarterly basis. |  DBM on TULIP will be as per Tulip definition by Bharti AXA Life Insurance. | Renewal Business | Insta Gain Details | 6. Deferral & Clawback clause | Clawback to be made on the uncollected 13M Premium(100% minus 13M Persistency) If 13M Persistency <80% Claw back will be applicable on the payouts (commission + Reward) made on new Bussiness as per the 13M Persistency, as per below table. | 75.1 to 80% | 72.1% to 75% | 1) If Trad book Persistency as of March 31st 2027 is 75%; Size of 13M book: 1 Cr; Total payout made on this book: 80% | - Payout made in previous year: 0.25 Cr*80% = 0.2 Cr | No claw back if the 13M persistency is above 80% | 7. Complaints | Complaints registered on Integrated Grievance Management System (IGMS) should be less than 10 per 1000 policies. If the IGMS Complaints Incidence rate exceed >10, there will be a claw back of Rs 7000 per complaint. | Allowed Complaints incidence Rate (per 1000) (b) | Terms & Conditions: • All payouts will be payable on weighted New Business Premium (Single premium to be considered at 10%). • All the rates mentioned above are inclusive of GST • The product mix & commercials to be reviewed post every year end or as and when required by either of parties. • Any new product chassis/ design/ special pricing will require discussions on a mutually agreeable basis. • The terms and conditions described in this term sheet including its existence and any discussion on relating to the same shall be treated as confidential information and shall not be disclosed to any third party by either Party, for any reason whatsoever. • Any changes in commercials construct will be mutually discussed and signed off by both parties. • The terms & conditions in this term sheet to be revisited in case there is any change in IRDA regulations and board approved policy. All remunerations will be in compliance with IRDA regulations and board approved policy as applicable.",
914,Bharti_Axa,Non- Par,Guaranteed Bachat Plan (Variant 2),,11 & above,-,0.585,,,,,,,"Final BG |  Minimum Ticket size will be product variant wise as per persistency and quality assumption on quarterly basis. |  DBM on TULIP will be as per Tulip definition by Bharti AXA Life Insurance. | Renewal Business | Insta Gain Details | 6. Deferral & Clawback clause | Clawback to be made on the uncollected 13M Premium(100% minus 13M Persistency) If 13M Persistency <80% Claw back will be applicable on the payouts (commission + Reward) made on new Bussiness as per the 13M Persistency, as per below table. | 75.1 to 80% | 72.1% to 75% | 1) If Trad book Persistency as of March 31st 2027 is 75%; Size of 13M book: 1 Cr; Total payout made on this book: 80% | - Payout made in previous year: 0.25 Cr*80% = 0.2 Cr | No claw back if the 13M persistency is above 80% | 7. Complaints | Complaints registered on Integrated Grievance Management System (IGMS) should be less than 10 per 1000 policies. If the IGMS Complaints Incidence rate exceed >10, there will be a claw back of Rs 7000 per complaint. | Allowed Complaints incidence Rate (per 1000) (b) | Terms & Conditions: • All payouts will be payable on weighted New Business Premium (Single premium to be considered at 10%). • All the rates mentioned above are inclusive of GST • The product mix & commercials to be reviewed post every year end or as and when required by either of parties. • Any new product chassis/ design/ special pricing will require discussions on a mutually agreeable basis. • The terms and conditions described in this term sheet including its existence and any discussion on relating to the same shall be treated as confidential information and shall not be disclosed to any third party by either Party, for any reason whatsoever. • Any changes in commercials construct will be mutually discussed and signed off by both parties. • The terms & conditions in this term sheet to be revisited in case there is any change in IRDA regulations and board approved policy. All remunerations will be in compliance with IRDA regulations and board approved policy as applicable.",
915,Bharti_Axa,Par,Unnati,,7 to 9,-,0.49,,,,,,,"Final BG |  Minimum Ticket size will be product variant wise as per persistency and quality assumption on quarterly basis. |  DBM on TULIP will be as per Tulip definition by Bharti AXA Life Insurance. | Renewal Business | Insta Gain Details | 6. Deferral & Clawback clause | Clawback to be made on the uncollected 13M Premium(100% minus 13M Persistency) If 13M Persistency <80% Claw back will be applicable on the payouts (commission + Reward) made on new Bussiness as per the 13M Persistency, as per below table. | 75.1 to 80% | 72.1% to 75% | 1) If Trad book Persistency as of March 31st 2027 is 75%; Size of 13M book: 1 Cr; Total payout made on this book: 80% | - Payout made in previous year: 0.25 Cr*80% = 0.2 Cr | No claw back if the 13M persistency is above 80% | 7. Complaints | Complaints registered on Integrated Grievance Management System (IGMS) should be less than 10 per 1000 policies. If the IGMS Complaints Incidence rate exceed >10, there will be a claw back of Rs 7000 per complaint. | Allowed Complaints incidence Rate (per 1000) (b) | Terms & Conditions: • All payouts will be payable on weighted New Business Premium (Single premium to be considered at 10%). • All the rates mentioned above are inclusive of GST • The product mix & commercials to be reviewed post every year end or as and when required by either of parties. • Any new product chassis/ design/ special pricing will require discussions on a mutually agreeable basis. • The terms and conditions described in this term sheet including its existence and any discussion on relating to the same shall be treated as confidential information and shall not be disclosed to any third party by either Party, for any reason whatsoever. • Any changes in commercials construct will be mutually discussed and signed off by both parties. • The terms & conditions in this term sheet to be revisited in case there is any change in IRDA regulations and board approved policy. All remunerations will be in compliance with IRDA regulations and board approved policy as applicable.",
916,Bharti_Axa,Par,Unnati,,10,-,0.6,,,,,,,"Final BG |  Minimum Ticket size will be product variant wise as per persistency and quality assumption on quarterly basis. |  DBM on TULIP will be as per Tulip definition by Bharti AXA Life Insurance. | Renewal Business | Insta Gain Details | 6. Deferral & Clawback clause | Clawback to be made on the uncollected 13M Premium(100% minus 13M Persistency) If 13M Persistency <80% Claw back will be applicable on the payouts (commission + Reward) made on new Bussiness as per the 13M Persistency, as per below table. | 75.1 to 80% | 72.1% to 75% | 1) If Trad book Persistency as of March 31st 2027 is 75%; Size of 13M book: 1 Cr; Total payout made on this book: 80% | - Payout made in previous year: 0.25 Cr*80% = 0.2 Cr | No claw back if the 13M persistency is above 80% | 7. Complaints | Complaints registered on Integrated Grievance Management System (IGMS) should be less than 10 per 1000 policies. If the IGMS Complaints Incidence rate exceed >10, there will be a claw back of Rs 7000 per complaint. | Allowed Complaints incidence Rate (per 1000) (b) | Terms & Conditions: • All payouts will be payable on weighted New Business Premium (Single premium to be considered at 10%). • All the rates mentioned above are inclusive of GST • The product mix & commercials to be reviewed post every year end or as and when required by either of parties. • Any new product chassis/ design/ special pricing will require discussions on a mutually agreeable basis. • The terms and conditions described in this term sheet including its existence and any discussion on relating to the same shall be treated as confidential information and shall not be disclosed to any third party by either Party, for any reason whatsoever. • Any changes in commercials construct will be mutually discussed and signed off by both parties. • The terms & conditions in this term sheet to be revisited in case there is any change in IRDA regulations and board approved policy. All remunerations will be in compliance with IRDA regulations and board approved policy as applicable.",
917,Bharti_Axa,Par,Unnati,,11 & above,-,0.6,,,,,,,"Final BG |  Minimum Ticket size will be product variant wise as per persistency and quality assumption on quarterly basis. |  DBM on TULIP will be as per Tulip definition by Bharti AXA Life Insurance. | Renewal Business | Insta Gain Details | 6. Deferral & Clawback clause | Clawback to be made on the uncollected 13M Premium(100% minus 13M Persistency) If 13M Persistency <80% Claw back will be applicable on the payouts (commission + Reward) made on new Bussiness as per the 13M Persistency, as per below table. | 75.1 to 80% | 72.1% to 75% | 1) If Trad book Persistency as of March 31st 2027 is 75%; Size of 13M book: 1 Cr; Total payout made on this book: 80% | - Payout made in previous year: 0.25 Cr*80% = 0.2 Cr | No claw back if the 13M persistency is above 80% | 7. Complaints | Complaints registered on Integrated Grievance Management System (IGMS) should be less than 10 per 1000 policies. If the IGMS Complaints Incidence rate exceed >10, there will be a claw back of Rs 7000 per complaint. | Allowed Complaints incidence Rate (per 1000) (b) | Terms & Conditions: • All payouts will be payable on weighted New Business Premium (Single premium to be considered at 10%). • All the rates mentioned above are inclusive of GST • The product mix & commercials to be reviewed post every year end or as and when required by either of parties. • Any new product chassis/ design/ special pricing will require discussions on a mutually agreeable basis. • The terms and conditions described in this term sheet including its existence and any discussion on relating to the same shall be treated as confidential information and shall not be disclosed to any third party by either Party, for any reason whatsoever. • Any changes in commercials construct will be mutually discussed and signed off by both parties. • The terms & conditions in this term sheet to be revisited in case there is any change in IRDA regulations and board approved policy. All remunerations will be in compliance with IRDA regulations and board approved policy as applicable.",
918,Bharti_Axa,Non- Par,GWP – Endowment,,5 to 6,-,,,0.01,0.005,,,,"Final BG |  Minimum Ticket size will be product variant wise as per persistency and quality assumption on quarterly basis. |  DBM on TULIP will be as per Tulip definition by Bharti AXA Life Insurance. | Renewal Business | Insta Gain Details | 6. Deferral & Clawback clause | Clawback to be made on the uncollected 13M Premium(100% minus 13M Persistency) If 13M Persistency <80% Claw back will be applicable on the payouts (commission + Reward) made on new Bussiness as per the 13M Persistency, as per below table. | 75.1 to 80% | 72.1% to 75% | 1) If Trad book Persistency as of March 31st 2027 is 75%; Size of 13M book: 1 Cr; Total payout made on this book: 80% | - Payout made in previous year: 0.25 Cr*80% = 0.2 Cr | No claw back if the 13M persistency is above 80% | 7. Complaints | Complaints registered on Integrated Grievance Management System (IGMS) should be less than 10 per 1000 policies. If the IGMS Complaints Incidence rate exceed >10, there will be a claw back of Rs 7000 per complaint. | Allowed Complaints incidence Rate (per 1000) (b) | Terms & Conditions: • All payouts will be payable on weighted New Business Premium (Single premium to be considered at 10%). • All the rates mentioned above are inclusive of GST • The product mix & commercials to be reviewed post every year end or as and when required by either of parties. • Any new product chassis/ design/ special pricing will require discussions on a mutually agreeable basis. • The terms and conditions described in this term sheet including its existence and any discussion on relating to the same shall be treated as confidential information and shall not be disclosed to any third party by either Party, for any reason whatsoever. • Any changes in commercials construct will be mutually discussed and signed off by both parties. • The terms & conditions in this term sheet to be revisited in case there is any change in IRDA regulations and board approved policy. All remunerations will be in compliance with IRDA regulations and board approved policy as applicable.",renewal commission 2nd & 3rd year (after. gst): 1%; 4th year & till ppt ends (after.gst): 0.5%
919,Bharti_Axa,Non- Par,GWP – Endowment,,7 to 9,-,,,0.01,0.005,,,,"Final BG |  Minimum Ticket size will be product variant wise as per persistency and quality assumption on quarterly basis. |  DBM on TULIP will be as per Tulip definition by Bharti AXA Life Insurance. | Renewal Business | Insta Gain Details | 6. Deferral & Clawback clause | Clawback to be made on the uncollected 13M Premium(100% minus 13M Persistency) If 13M Persistency <80% Claw back will be applicable on the payouts (commission + Reward) made on new Bussiness as per the 13M Persistency, as per below table. | 75.1 to 80% | 72.1% to 75% | 1) If Trad book Persistency as of March 31st 2027 is 75%; Size of 13M book: 1 Cr; Total payout made on this book: 80% | - Payout made in previous year: 0.25 Cr*80% = 0.2 Cr | No claw back if the 13M persistency is above 80% | 7. Complaints | Complaints registered on Integrated Grievance Management System (IGMS) should be less than 10 per 1000 policies. If the IGMS Complaints Incidence rate exceed >10, there will be a claw back of Rs 7000 per complaint. | Allowed Complaints incidence Rate (per 1000) (b) | Terms & Conditions: • All payouts will be payable on weighted New Business Premium (Single premium to be considered at 10%). • All the rates mentioned above are inclusive of GST • The product mix & commercials to be reviewed post every year end or as and when required by either of parties. • Any new product chassis/ design/ special pricing will require discussions on a mutually agreeable basis. • The terms and conditions described in this term sheet including its existence and any discussion on relating to the same shall be treated as confidential information and shall not be disclosed to any third party by either Party, for any reason whatsoever. • Any changes in commercials construct will be mutually discussed and signed off by both parties. • The terms & conditions in this term sheet to be revisited in case there is any change in IRDA regulations and board approved policy. All remunerations will be in compliance with IRDA regulations and board approved policy as applicable.",renewal commission 2nd & 3rd year (after. gst): 1%; 4th year & till ppt ends (after.gst): 0.5%
920,Bharti_Axa,Non- Par,GWP – Endowment,,10,-,,,0.01,0.005,,,,"Final BG |  Minimum Ticket size will be product variant wise as per persistency and quality assumption on quarterly basis. |  DBM on TULIP will be as per Tulip definition by Bharti AXA Life Insurance. | Renewal Business | Insta Gain Details | 6. Deferral & Clawback clause | Clawback to be made on the uncollected 13M Premium(100% minus 13M Persistency) If 13M Persistency <80% Claw back will be applicable on the payouts (commission + Reward) made on new Bussiness as per the 13M Persistency, as per below table. | 75.1 to 80% | 72.1% to 75% | 1) If Trad book Persistency as of March 31st 2027 is 75%; Size of 13M book: 1 Cr; Total payout made on this book: 80% | - Payout made in previous year: 0.25 Cr*80% = 0.2 Cr | No claw back if the 13M persistency is above 80% | 7. Complaints | Complaints registered on Integrated Grievance Management System (IGMS) should be less than 10 per 1000 policies. If the IGMS Complaints Incidence rate exceed >10, there will be a claw back of Rs 7000 per complaint. | Allowed Complaints incidence Rate (per 1000) (b) | Terms & Conditions: • All payouts will be payable on weighted New Business Premium (Single premium to be considered at 10%). • All the rates mentioned above are inclusive of GST • The product mix & commercials to be reviewed post every year end or as and when required by either of parties. • Any new product chassis/ design/ special pricing will require discussions on a mutually agreeable basis. • The terms and conditions described in this term sheet including its existence and any discussion on relating to the same shall be treated as confidential information and shall not be disclosed to any third party by either Party, for any reason whatsoever. • Any changes in commercials construct will be mutually discussed and signed off by both parties. • The terms & conditions in this term sheet to be revisited in case there is any change in IRDA regulations and board approved policy. All remunerations will be in compliance with IRDA regulations and board approved policy as applicable.",renewal commission 2nd & 3rd year (after. gst): 1%; 4th year & till ppt ends (after.gst): 0.5%
921,Bharti_Axa,Non- Par,GWP – Endowment,,11 & above,-,,,0.01,0.005,,,,"Final BG |  Minimum Ticket size will be product variant wise as per persistency and quality assumption on quarterly basis. |  DBM on TULIP will be as per Tulip definition by Bharti AXA Life Insurance. | Renewal Business | Insta Gain Details | 6. Deferral & Clawback clause | Clawback to be made on the uncollected 13M Premium(100% minus 13M Persistency) If 13M Persistency <80% Claw back will be applicable on the payouts (commission + Reward) made on new Bussiness as per the 13M Persistency, as per below table. | 75.1 to 80% | 72.1% to 75% | 1) If Trad book Persistency as of March 31st 2027 is 75%; Size of 13M book: 1 Cr; Total payout made on this book: 80% | - Payout made in previous year: 0.25 Cr*80% = 0.2 Cr | No claw back if the 13M persistency is above 80% | 7. Complaints | Complaints registered on Integrated Grievance Management System (IGMS) should be less than 10 per 1000 policies. If the IGMS Complaints Incidence rate exceed >10, there will be a claw back of Rs 7000 per complaint. | Allowed Complaints incidence Rate (per 1000) (b) | Terms & Conditions: • All payouts will be payable on weighted New Business Premium (Single premium to be considered at 10%). • All the rates mentioned above are inclusive of GST • The product mix & commercials to be reviewed post every year end or as and when required by either of parties. • Any new product chassis/ design/ special pricing will require discussions on a mutually agreeable basis. • The terms and conditions described in this term sheet including its existence and any discussion on relating to the same shall be treated as confidential information and shall not be disclosed to any third party by either Party, for any reason whatsoever. • Any changes in commercials construct will be mutually discussed and signed off by both parties. • The terms & conditions in this term sheet to be revisited in case there is any change in IRDA regulations and board approved policy. All remunerations will be in compliance with IRDA regulations and board approved policy as applicable.",renewal commission 2nd & 3rd year (after. gst): 1%; 4th year & till ppt ends (after.gst): 0.5%
922,Bharti_Axa,Non- Par,GWP - Long Term Early Income,,5 to 6,-,,,0.01,0.005,,,,"Final BG |  Minimum Ticket size will be product variant wise as per persistency and quality assumption on quarterly basis. |  DBM on TULIP will be as per Tulip definition by Bharti AXA Life Insurance. | Renewal Business | Insta Gain Details | 6. Deferral & Clawback clause | Clawback to be made on the uncollected 13M Premium(100% minus 13M Persistency) If 13M Persistency <80% Claw back will be applicable on the payouts (commission + Reward) made on new Bussiness as per the 13M Persistency, as per below table. | 75.1 to 80% | 72.1% to 75% | 1) If Trad book Persistency as of March 31st 2027 is 75%; Size of 13M book: 1 Cr; Total payout made on this book: 80% | - Payout made in previous year: 0.25 Cr*80% = 0.2 Cr | No claw back if the 13M persistency is above 80% | 7. Complaints | Complaints registered on Integrated Grievance Management System (IGMS) should be less than 10 per 1000 policies. If the IGMS Complaints Incidence rate exceed >10, there will be a claw back of Rs 7000 per complaint. | Allowed Complaints incidence Rate (per 1000) (b) | Terms & Conditions: • All payouts will be payable on weighted New Business Premium (Single premium to be considered at 10%). • All the rates mentioned above are inclusive of GST • The product mix & commercials to be reviewed post every year end or as and when required by either of parties. • Any new product chassis/ design/ special pricing will require discussions on a mutually agreeable basis. • The terms and conditions described in this term sheet including its existence and any discussion on relating to the same shall be treated as confidential information and shall not be disclosed to any third party by either Party, for any reason whatsoever. • Any changes in commercials construct will be mutually discussed and signed off by both parties. • The terms & conditions in this term sheet to be revisited in case there is any change in IRDA regulations and board approved policy. All remunerations will be in compliance with IRDA regulations and board approved policy as applicable.",renewal commission 2nd & 3rd year (after. gst): 1%; 4th year & till ppt ends (after.gst): 0.5%
923,Bharti_Axa,Non- Par,GWP - Long Term Early Income,,7 to 9,-,,,0.01,0.005,,,,"Final BG |  Minimum Ticket size will be product variant wise as per persistency and quality assumption on quarterly basis. |  DBM on TULIP will be as per Tulip definition by Bharti AXA Life Insurance. | Renewal Business | Insta Gain Details | 6. Deferral & Clawback clause | Clawback to be made on the uncollected 13M Premium(100% minus 13M Persistency) If 13M Persistency <80% Claw back will be applicable on the payouts (commission + Reward) made on new Bussiness as per the 13M Persistency, as per below table. | 75.1 to 80% | 72.1% to 75% | 1) If Trad book Persistency as of March 31st 2027 is 75%; Size of 13M book: 1 Cr; Total payout made on this book: 80% | - Payout made in previous year: 0.25 Cr*80% = 0.2 Cr | No claw back if the 13M persistency is above 80% | 7. Complaints | Complaints registered on Integrated Grievance Management System (IGMS) should be less than 10 per 1000 policies. If the IGMS Complaints Incidence rate exceed >10, there will be a claw back of Rs 7000 per complaint. | Allowed Complaints incidence Rate (per 1000) (b) | Terms & Conditions: • All payouts will be payable on weighted New Business Premium (Single premium to be considered at 10%). • All the rates mentioned above are inclusive of GST • The product mix & commercials to be reviewed post every year end or as and when required by either of parties. • Any new product chassis/ design/ special pricing will require discussions on a mutually agreeable basis. • The terms and conditions described in this term sheet including its existence and any discussion on relating to the same shall be treated as confidential information and shall not be disclosed to any third party by either Party, for any reason whatsoever. • Any changes in commercials construct will be mutually discussed and signed off by both parties. • The terms & conditions in this term sheet to be revisited in case there is any change in IRDA regulations and board approved policy. All remunerations will be in compliance with IRDA regulations and board approved policy as applicable.",renewal commission 2nd & 3rd year (after. gst): 1%; 4th year & till ppt ends (after.gst): 0.5%
924,Bharti_Axa,Non- Par,GWP - Long Term Early Income,,10,-,,,0.01,0.005,,,,"Final BG |  Minimum Ticket size will be product variant wise as per persistency and quality assumption on quarterly basis. |  DBM on TULIP will be as per Tulip definition by Bharti AXA Life Insurance. | Renewal Business | Insta Gain Details | 6. Deferral & Clawback clause | Clawback to be made on the uncollected 13M Premium(100% minus 13M Persistency) If 13M Persistency <80% Claw back will be applicable on the payouts (commission + Reward) made on new Bussiness as per the 13M Persistency, as per below table. | 75.1 to 80% | 72.1% to 75% | 1) If Trad book Persistency as of March 31st 2027 is 75%; Size of 13M book: 1 Cr; Total payout made on this book: 80% | - Payout made in previous year: 0.25 Cr*80% = 0.2 Cr | No claw back if the 13M persistency is above 80% | 7. Complaints | Complaints registered on Integrated Grievance Management System (IGMS) should be less than 10 per 1000 policies. If the IGMS Complaints Incidence rate exceed >10, there will be a claw back of Rs 7000 per complaint. | Allowed Complaints incidence Rate (per 1000) (b) | Terms & Conditions: • All payouts will be payable on weighted New Business Premium (Single premium to be considered at 10%). • All the rates mentioned above are inclusive of GST • The product mix & commercials to be reviewed post every year end or as and when required by either of parties. • Any new product chassis/ design/ special pricing will require discussions on a mutually agreeable basis. • The terms and conditions described in this term sheet including its existence and any discussion on relating to the same shall be treated as confidential information and shall not be disclosed to any third party by either Party, for any reason whatsoever. • Any changes in commercials construct will be mutually discussed and signed off by both parties. • The terms & conditions in this term sheet to be revisited in case there is any change in IRDA regulations and board approved policy. All remunerations will be in compliance with IRDA regulations and board approved policy as applicable.",renewal commission 2nd & 3rd year (after. gst): 1%; 4th year & till ppt ends (after.gst): 0.5%
925,Bharti_Axa,Non- Par,GWP - Long Term Income,,10,-,,,0.01,0.005,,,,"Final BG |  Minimum Ticket size will be product variant wise as per persistency and quality assumption on quarterly basis. |  DBM on TULIP will be as per Tulip definition by Bharti AXA Life Insurance. | Renewal Business | Insta Gain Details | 6. Deferral & Clawback clause | Clawback to be made on the uncollected 13M Premium(100% minus 13M Persistency) If 13M Persistency <80% Claw back will be applicable on the payouts (commission + Reward) made on new Bussiness as per the 13M Persistency, as per below table. | 75.1 to 80% | 72.1% to 75% | 1) If Trad book Persistency as of March 31st 2027 is 75%; Size of 13M book: 1 Cr; Total payout made on this book: 80% | - Payout made in previous year: 0.25 Cr*80% = 0.2 Cr | No claw back if the 13M persistency is above 80% | 7. Complaints | Complaints registered on Integrated Grievance Management System (IGMS) should be less than 10 per 1000 policies. If the IGMS Complaints Incidence rate exceed >10, there will be a claw back of Rs 7000 per complaint. | Allowed Complaints incidence Rate (per 1000) (b) | Terms & Conditions: • All payouts will be payable on weighted New Business Premium (Single premium to be considered at 10%). • All the rates mentioned above are inclusive of GST • The product mix & commercials to be reviewed post every year end or as and when required by either of parties. • Any new product chassis/ design/ special pricing will require discussions on a mutually agreeable basis. • The terms and conditions described in this term sheet including its existence and any discussion on relating to the same shall be treated as confidential information and shall not be disclosed to any third party by either Party, for any reason whatsoever. • Any changes in commercials construct will be mutually discussed and signed off by both parties. • The terms & conditions in this term sheet to be revisited in case there is any change in IRDA regulations and board approved policy. All remunerations will be in compliance with IRDA regulations and board approved policy as applicable.",renewal commission 2nd & 3rd year (after. gst): 1%; 4th year & till ppt ends (after.gst): 0.5%
926,Bharti_Axa,Non- Par,GWP - Long Term Income,,11 & above,-,,,0.01,0.005,,,,"Final BG |  Minimum Ticket size will be product variant wise as per persistency and quality assumption on quarterly basis. |  DBM on TULIP will be as per Tulip definition by Bharti AXA Life Insurance. | Renewal Business | Insta Gain Details | 6. Deferral & Clawback clause | Clawback to be made on the uncollected 13M Premium(100% minus 13M Persistency) If 13M Persistency <80% Claw back will be applicable on the payouts (commission + Reward) made on new Bussiness as per the 13M Persistency, as per below table. | 75.1 to 80% | 72.1% to 75% | 1) If Trad book Persistency as of March 31st 2027 is 75%; Size of 13M book: 1 Cr; Total payout made on this book: 80% | - Payout made in previous year: 0.25 Cr*80% = 0.2 Cr | No claw back if the 13M persistency is above 80% | 7. Complaints | Complaints registered on Integrated Grievance Management System (IGMS) should be less than 10 per 1000 policies. If the IGMS Complaints Incidence rate exceed >10, there will be a claw back of Rs 7000 per complaint. | Allowed Complaints incidence Rate (per 1000) (b) | Terms & Conditions: • All payouts will be payable on weighted New Business Premium (Single premium to be considered at 10%). • All the rates mentioned above are inclusive of GST • The product mix & commercials to be reviewed post every year end or as and when required by either of parties. • Any new product chassis/ design/ special pricing will require discussions on a mutually agreeable basis. • The terms and conditions described in this term sheet including its existence and any discussion on relating to the same shall be treated as confidential information and shall not be disclosed to any third party by either Party, for any reason whatsoever. • Any changes in commercials construct will be mutually discussed and signed off by both parties. • The terms & conditions in this term sheet to be revisited in case there is any change in IRDA regulations and board approved policy. All remunerations will be in compliance with IRDA regulations and board approved policy as applicable.",renewal commission 2nd & 3rd year (after. gst): 1%; 4th year & till ppt ends (after.gst): 0.5%
927,Bharti_Axa,Non- Par,Guaranteed Bachat Plan (Variant 1),,10,-,,,0.01,0.005,,,,"Final BG |  Minimum Ticket size will be product variant wise as per persistency and quality assumption on quarterly basis. |  DBM on TULIP will be as per Tulip definition by Bharti AXA Life Insurance. | Renewal Business | Insta Gain Details | 6. Deferral & Clawback clause | Clawback to be made on the uncollected 13M Premium(100% minus 13M Persistency) If 13M Persistency <80% Claw back will be applicable on the payouts (commission + Reward) made on new Bussiness as per the 13M Persistency, as per below table. | 75.1 to 80% | 72.1% to 75% | 1) If Trad book Persistency as of March 31st 2027 is 75%; Size of 13M book: 1 Cr; Total payout made on this book: 80% | - Payout made in previous year: 0.25 Cr*80% = 0.2 Cr | No claw back if the 13M persistency is above 80% | 7. Complaints | Complaints registered on Integrated Grievance Management System (IGMS) should be less than 10 per 1000 policies. If the IGMS Complaints Incidence rate exceed >10, there will be a claw back of Rs 7000 per complaint. | Allowed Complaints incidence Rate (per 1000) (b) | Terms & Conditions: • All payouts will be payable on weighted New Business Premium (Single premium to be considered at 10%). • All the rates mentioned above are inclusive of GST • The product mix & commercials to be reviewed post every year end or as and when required by either of parties. • Any new product chassis/ design/ special pricing will require discussions on a mutually agreeable basis. • The terms and conditions described in this term sheet including its existence and any discussion on relating to the same shall be treated as confidential information and shall not be disclosed to any third party by either Party, for any reason whatsoever. • Any changes in commercials construct will be mutually discussed and signed off by both parties. • The terms & conditions in this term sheet to be revisited in case there is any change in IRDA regulations and board approved policy. All remunerations will be in compliance with IRDA regulations and board approved policy as applicable.",renewal commission 2nd & 3rd year (after. gst): 1%; 4th year & till ppt ends (after.gst): 0.5%
928,Bharti_Axa,Non- Par,Guaranteed Bachat Plan (Variant 1),,11 & above,-,,,0.01,0.005,,,,"Final BG |  Minimum Ticket size will be product variant wise as per persistency and quality assumption on quarterly basis. |  DBM on TULIP will be as per Tulip definition by Bharti AXA Life Insurance. | Renewal Business | Insta Gain Details | 6. Deferral & Clawback clause | Clawback to be made on the uncollected 13M Premium(100% minus 13M Persistency) If 13M Persistency <80% Claw back will be applicable on the payouts (commission + Reward) made on new Bussiness as per the 13M Persistency, as per below table. | 75.1 to 80% | 72.1% to 75% | 1) If Trad book Persistency as of March 31st 2027 is 75%; Size of 13M book: 1 Cr; Total payout made on this book: 80% | - Payout made in previous year: 0.25 Cr*80% = 0.2 Cr | No claw back if the 13M persistency is above 80% | 7. Complaints | Complaints registered on Integrated Grievance Management System (IGMS) should be less than 10 per 1000 policies. If the IGMS Complaints Incidence rate exceed >10, there will be a claw back of Rs 7000 per complaint. | Allowed Complaints incidence Rate (per 1000) (b) | Terms & Conditions: • All payouts will be payable on weighted New Business Premium (Single premium to be considered at 10%). • All the rates mentioned above are inclusive of GST • The product mix & commercials to be reviewed post every year end or as and when required by either of parties. • Any new product chassis/ design/ special pricing will require discussions on a mutually agreeable basis. • The terms and conditions described in this term sheet including its existence and any discussion on relating to the same shall be treated as confidential information and shall not be disclosed to any third party by either Party, for any reason whatsoever. • Any changes in commercials construct will be mutually discussed and signed off by both parties. • The terms & conditions in this term sheet to be revisited in case there is any change in IRDA regulations and board approved policy. All remunerations will be in compliance with IRDA regulations and board approved policy as applicable.",renewal commission 2nd & 3rd year (after. gst): 1%; 4th year & till ppt ends (after.gst): 0.5%
929,Bharti_Axa,Non- Par,Guaranteed Bachat Plan (Variant 2),,10,-,,,0.01,0.005,,,,"Final BG |  Minimum Ticket size will be product variant wise as per persistency and quality assumption on quarterly basis. |  DBM on TULIP will be as per Tulip definition by Bharti AXA Life Insurance. | Renewal Business | Insta Gain Details | 6. Deferral & Clawback clause | Clawback to be made on the uncollected 13M Premium(100% minus 13M Persistency) If 13M Persistency <80% Claw back will be applicable on the payouts (commission + Reward) made on new Bussiness as per the 13M Persistency, as per below table. | 75.1 to 80% | 72.1% to 75% | 1) If Trad book Persistency as of March 31st 2027 is 75%; Size of 13M book: 1 Cr; Total payout made on this book: 80% | - Payout made in previous year: 0.25 Cr*80% = 0.2 Cr | No claw back if the 13M persistency is above 80% | 7. Complaints | Complaints registered on Integrated Grievance Management System (IGMS) should be less than 10 per 1000 policies. If the IGMS Complaints Incidence rate exceed >10, there will be a claw back of Rs 7000 per complaint. | Allowed Complaints incidence Rate (per 1000) (b) | Terms & Conditions: • All payouts will be payable on weighted New Business Premium (Single premium to be considered at 10%). • All the rates mentioned above are inclusive of GST • The product mix & commercials to be reviewed post every year end or as and when required by either of parties. • Any new product chassis/ design/ special pricing will require discussions on a mutually agreeable basis. • The terms and conditions described in this term sheet including its existence and any discussion on relating to the same shall be treated as confidential information and shall not be disclosed to any third party by either Party, for any reason whatsoever. • Any changes in commercials construct will be mutually discussed and signed off by both parties. • The terms & conditions in this term sheet to be revisited in case there is any change in IRDA regulations and board approved policy. All remunerations will be in compliance with IRDA regulations and board approved policy as applicable.",renewal commission 2nd & 3rd year (after. gst): 1%; 4th year & till ppt ends (after.gst): 0.5%
930,Bharti_Axa,Non- Par,Guaranteed Bachat Plan (Variant 2),,11 & above,-,,,0.01,0.005,,,,"Final BG |  Minimum Ticket size will be product variant wise as per persistency and quality assumption on quarterly basis. |  DBM on TULIP will be as per Tulip definition by Bharti AXA Life Insurance. | Renewal Business | Insta Gain Details | 6. Deferral & Clawback clause | Clawback to be made on the uncollected 13M Premium(100% minus 13M Persistency) If 13M Persistency <80% Claw back will be applicable on the payouts (commission + Reward) made on new Bussiness as per the 13M Persistency, as per below table. | 75.1 to 80% | 72.1% to 75% | 1) If Trad book Persistency as of March 31st 2027 is 75%; Size of 13M book: 1 Cr; Total payout made on this book: 80% | - Payout made in previous year: 0.25 Cr*80% = 0.2 Cr | No claw back if the 13M persistency is above 80% | 7. Complaints | Complaints registered on Integrated Grievance Management System (IGMS) should be less than 10 per 1000 policies. If the IGMS Complaints Incidence rate exceed >10, there will be a claw back of Rs 7000 per complaint. | Allowed Complaints incidence Rate (per 1000) (b) | Terms & Conditions: • All payouts will be payable on weighted New Business Premium (Single premium to be considered at 10%). • All the rates mentioned above are inclusive of GST • The product mix & commercials to be reviewed post every year end or as and when required by either of parties. • Any new product chassis/ design/ special pricing will require discussions on a mutually agreeable basis. • The terms and conditions described in this term sheet including its existence and any discussion on relating to the same shall be treated as confidential information and shall not be disclosed to any third party by either Party, for any reason whatsoever. • Any changes in commercials construct will be mutually discussed and signed off by both parties. • The terms & conditions in this term sheet to be revisited in case there is any change in IRDA regulations and board approved policy. All remunerations will be in compliance with IRDA regulations and board approved policy as applicable.",renewal commission 2nd & 3rd year (after. gst): 1%; 4th year & till ppt ends (after.gst): 0.5%
931,Bharti_Axa,Par,Unnati,,7 to 9,-,,,0.03,0.02,,,,"Final BG |  Minimum Ticket size will be product variant wise as per persistency and quality assumption on quarterly basis. |  DBM on TULIP will be as per Tulip definition by Bharti AXA Life Insurance. | Renewal Business | Insta Gain Details | 6. Deferral & Clawback clause | Clawback to be made on the uncollected 13M Premium(100% minus 13M Persistency) If 13M Persistency <80% Claw back will be applicable on the payouts (commission + Reward) made on new Bussiness as per the 13M Persistency, as per below table. | 75.1 to 80% | 72.1% to 75% | 1) If Trad book Persistency as of March 31st 2027 is 75%; Size of 13M book: 1 Cr; Total payout made on this book: 80% | - Payout made in previous year: 0.25 Cr*80% = 0.2 Cr | No claw back if the 13M persistency is above 80% | 7. Complaints | Complaints registered on Integrated Grievance Management System (IGMS) should be less than 10 per 1000 policies. If the IGMS Complaints Incidence rate exceed >10, there will be a claw back of Rs 7000 per complaint. | Allowed Complaints incidence Rate (per 1000) (b) | Terms & Conditions: • All payouts will be payable on weighted New Business Premium (Single premium to be considered at 10%). • All the rates mentioned above are inclusive of GST • The product mix & commercials to be reviewed post every year end or as and when required by either of parties. • Any new product chassis/ design/ special pricing will require discussions on a mutually agreeable basis. • The terms and conditions described in this term sheet including its existence and any discussion on relating to the same shall be treated as confidential information and shall not be disclosed to any third party by either Party, for any reason whatsoever. • Any changes in commercials construct will be mutually discussed and signed off by both parties. • The terms & conditions in this term sheet to be revisited in case there is any change in IRDA regulations and board approved policy. All remunerations will be in compliance with IRDA regulations and board approved policy as applicable.",renewal commission 2nd & 3rd year (after. gst): 3%; 4th year & till ppt ends (after.gst): 2%
932,Bharti_Axa,Par,Unnati,,10,-,,,0.03,0.02,,,,"Final BG |  Minimum Ticket size will be product variant wise as per persistency and quality assumption on quarterly basis. |  DBM on TULIP will be as per Tulip definition by Bharti AXA Life Insurance. | Renewal Business | Insta Gain Details | 6. Deferral & Clawback clause | Clawback to be made on the uncollected 13M Premium(100% minus 13M Persistency) If 13M Persistency <80% Claw back will be applicable on the payouts (commission + Reward) made on new Bussiness as per the 13M Persistency, as per below table. | 75.1 to 80% | 72.1% to 75% | 1) If Trad book Persistency as of March 31st 2027 is 75%; Size of 13M book: 1 Cr; Total payout made on this book: 80% | - Payout made in previous year: 0.25 Cr*80% = 0.2 Cr | No claw back if the 13M persistency is above 80% | 7. Complaints | Complaints registered on Integrated Grievance Management System (IGMS) should be less than 10 per 1000 policies. If the IGMS Complaints Incidence rate exceed >10, there will be a claw back of Rs 7000 per complaint. | Allowed Complaints incidence Rate (per 1000) (b) | Terms & Conditions: • All payouts will be payable on weighted New Business Premium (Single premium to be considered at 10%). • All the rates mentioned above are inclusive of GST • The product mix & commercials to be reviewed post every year end or as and when required by either of parties. • Any new product chassis/ design/ special pricing will require discussions on a mutually agreeable basis. • The terms and conditions described in this term sheet including its existence and any discussion on relating to the same shall be treated as confidential information and shall not be disclosed to any third party by either Party, for any reason whatsoever. • Any changes in commercials construct will be mutually discussed and signed off by both parties. • The terms & conditions in this term sheet to be revisited in case there is any change in IRDA regulations and board approved policy. All remunerations will be in compliance with IRDA regulations and board approved policy as applicable.",renewal commission 2nd & 3rd year (after. gst): 3%; 4th year & till ppt ends (after.gst): 2%
933,Bharti_Axa,Par,Unnati,,11 & above,-,,,0.03,0.02,,,,"Final BG |  Minimum Ticket size will be product variant wise as per persistency and quality assumption on quarterly basis. |  DBM on TULIP will be as per Tulip definition by Bharti AXA Life Insurance. | Renewal Business | Insta Gain Details | 6. Deferral & Clawback clause | Clawback to be made on the uncollected 13M Premium(100% minus 13M Persistency) If 13M Persistency <80% Claw back will be applicable on the payouts (commission + Reward) made on new Bussiness as per the 13M Persistency, as per below table. | 75.1 to 80% | 72.1% to 75% | 1) If Trad book Persistency as of March 31st 2027 is 75%; Size of 13M book: 1 Cr; Total payout made on this book: 80% | - Payout made in previous year: 0.25 Cr*80% = 0.2 Cr | No claw back if the 13M persistency is above 80% | 7. Complaints | Complaints registered on Integrated Grievance Management System (IGMS) should be less than 10 per 1000 policies. If the IGMS Complaints Incidence rate exceed >10, there will be a claw back of Rs 7000 per complaint. | Allowed Complaints incidence Rate (per 1000) (b) | Terms & Conditions: • All payouts will be payable on weighted New Business Premium (Single premium to be considered at 10%). • All the rates mentioned above are inclusive of GST • The product mix & commercials to be reviewed post every year end or as and when required by either of parties. • Any new product chassis/ design/ special pricing will require discussions on a mutually agreeable basis. • The terms and conditions described in this term sheet including its existence and any discussion on relating to the same shall be treated as confidential information and shall not be disclosed to any third party by either Party, for any reason whatsoever. • Any changes in commercials construct will be mutually discussed and signed off by both parties. • The terms & conditions in this term sheet to be revisited in case there is any change in IRDA regulations and board approved policy. All remunerations will be in compliance with IRDA regulations and board approved policy as applicable.",renewal commission 2nd & 3rd year (after. gst): 3%; 4th year & till ppt ends (after.gst): 2%
934,Bharti_Axa,,Insta Gain V2,,10,-,,0.04,0.03,,,,,"Final BG |  Minimum Ticket size will be product variant wise as per persistency and quality assumption on quarterly basis. |  DBM on TULIP will be as per Tulip definition by Bharti AXA Life Insurance. | Renewal Business | Insta Gain Details | 6. Deferral & Clawback clause | Clawback to be made on the uncollected 13M Premium(100% minus 13M Persistency) If 13M Persistency <80% Claw back will be applicable on the payouts (commission + Reward) made on new Bussiness as per the 13M Persistency, as per below table. | 75.1 to 80% | 72.1% to 75% | 1) If Trad book Persistency as of March 31st 2027 is 75%; Size of 13M book: 1 Cr; Total payout made on this book: 80% | - Payout made in previous year: 0.25 Cr*80% = 0.2 Cr | No claw back if the 13M persistency is above 80% | 7. Complaints | Complaints registered on Integrated Grievance Management System (IGMS) should be less than 10 per 1000 policies. If the IGMS Complaints Incidence rate exceed >10, there will be a claw back of Rs 7000 per complaint. | Allowed Complaints incidence Rate (per 1000) (b) | Terms & Conditions: • All payouts will be payable on weighted New Business Premium (Single premium to be considered at 10%). • All the rates mentioned above are inclusive of GST • The product mix & commercials to be reviewed post every year end or as and when required by either of parties. • Any new product chassis/ design/ special pricing will require discussions on a mutually agreeable basis. • The terms and conditions described in this term sheet including its existence and any discussion on relating to the same shall be treated as confidential information and shall not be disclosed to any third party by either Party, for any reason whatsoever. • Any changes in commercials construct will be mutually discussed and signed off by both parties. • The terms & conditions in this term sheet to be revisited in case there is any change in IRDA regulations and board approved policy. All remunerations will be in compliance with IRDA regulations and board approved policy as applicable.",renewal commission exc. gst) 2nd year: 4%; 3rd year: 3%
935,Bharti_Axa,,Insta Gain V2,,12,-,,0.04,0.03,,,,,"Final BG |  Minimum Ticket size will be product variant wise as per persistency and quality assumption on quarterly basis. |  DBM on TULIP will be as per Tulip definition by Bharti AXA Life Insurance. | Renewal Business | Insta Gain Details | 6. Deferral & Clawback clause | Clawback to be made on the uncollected 13M Premium(100% minus 13M Persistency) If 13M Persistency <80% Claw back will be applicable on the payouts (commission + Reward) made on new Bussiness as per the 13M Persistency, as per below table. | 75.1 to 80% | 72.1% to 75% | 1) If Trad book Persistency as of March 31st 2027 is 75%; Size of 13M book: 1 Cr; Total payout made on this book: 80% | - Payout made in previous year: 0.25 Cr*80% = 0.2 Cr | No claw back if the 13M persistency is above 80% | 7. Complaints | Complaints registered on Integrated Grievance Management System (IGMS) should be less than 10 per 1000 policies. If the IGMS Complaints Incidence rate exceed >10, there will be a claw back of Rs 7000 per complaint. | Allowed Complaints incidence Rate (per 1000) (b) | Terms & Conditions: • All payouts will be payable on weighted New Business Premium (Single premium to be considered at 10%). • All the rates mentioned above are inclusive of GST • The product mix & commercials to be reviewed post every year end or as and when required by either of parties. • Any new product chassis/ design/ special pricing will require discussions on a mutually agreeable basis. • The terms and conditions described in this term sheet including its existence and any discussion on relating to the same shall be treated as confidential information and shall not be disclosed to any third party by either Party, for any reason whatsoever. • Any changes in commercials construct will be mutually discussed and signed off by both parties. • The terms & conditions in this term sheet to be revisited in case there is any change in IRDA regulations and board approved policy. All remunerations will be in compliance with IRDA regulations and board approved policy as applicable.",renewal commission exc. gst) 2nd year: 4%; 3rd year: 3%
936,Bharti_Axa,,DSP (all other combinations),,5 to 6,-,,,0.0,,,,,"Final BG |  Minimum Ticket size will be product variant wise as per persistency and quality assumption on quarterly basis. |  DBM on TULIP will be as per Tulip definition by Bharti AXA Life Insurance. | Renewal Business | Insta Gain Details | 6. Deferral & Clawback clause | Clawback to be made on the uncollected 13M Premium(100% minus 13M Persistency) If 13M Persistency <80% Claw back will be applicable on the payouts (commission + Reward) made on new Bussiness as per the 13M Persistency, as per below table. | 75.1 to 80% | 72.1% to 75% | 1) If Trad book Persistency as of March 31st 2027 is 75%; Size of 13M book: 1 Cr; Total payout made on this book: 80% | - Payout made in previous year: 0.25 Cr*80% = 0.2 Cr | No claw back if the 13M persistency is above 80% | 7. Complaints | Complaints registered on Integrated Grievance Management System (IGMS) should be less than 10 per 1000 policies. If the IGMS Complaints Incidence rate exceed >10, there will be a claw back of Rs 7000 per complaint. | Allowed Complaints incidence Rate (per 1000) (b) | Terms & Conditions: • All payouts will be payable on weighted New Business Premium (Single premium to be considered at 10%). • All the rates mentioned above are inclusive of GST • The product mix & commercials to be reviewed post every year end or as and when required by either of parties. • Any new product chassis/ design/ special pricing will require discussions on a mutually agreeable basis. • The terms and conditions described in this term sheet including its existence and any discussion on relating to the same shall be treated as confidential information and shall not be disclosed to any third party by either Party, for any reason whatsoever. • Any changes in commercials construct will be mutually discussed and signed off by both parties. • The terms & conditions in this term sheet to be revisited in case there is any change in IRDA regulations and board approved policy. All remunerations will be in compliance with IRDA regulations and board approved policy as applicable.",renewal commission exc. gst) 2nd & 3rd year: 0%
937,Bharti_Axa,,DSP Base (all other combinations),,7 to 9,-,,,0.0,,,,,"Final BG |  Minimum Ticket size will be product variant wise as per persistency and quality assumption on quarterly basis. |  DBM on TULIP will be as per Tulip definition by Bharti AXA Life Insurance. | Renewal Business | Insta Gain Details | 6. Deferral & Clawback clause | Clawback to be made on the uncollected 13M Premium(100% minus 13M Persistency) If 13M Persistency <80% Claw back will be applicable on the payouts (commission + Reward) made on new Bussiness as per the 13M Persistency, as per below table. | 75.1 to 80% | 72.1% to 75% | 1) If Trad book Persistency as of March 31st 2027 is 75%; Size of 13M book: 1 Cr; Total payout made on this book: 80% | - Payout made in previous year: 0.25 Cr*80% = 0.2 Cr | No claw back if the 13M persistency is above 80% | 7. Complaints | Complaints registered on Integrated Grievance Management System (IGMS) should be less than 10 per 1000 policies. If the IGMS Complaints Incidence rate exceed >10, there will be a claw back of Rs 7000 per complaint. | Allowed Complaints incidence Rate (per 1000) (b) | Terms & Conditions: • All payouts will be payable on weighted New Business Premium (Single premium to be considered at 10%). • All the rates mentioned above are inclusive of GST • The product mix & commercials to be reviewed post every year end or as and when required by either of parties. • Any new product chassis/ design/ special pricing will require discussions on a mutually agreeable basis. • The terms and conditions described in this term sheet including its existence and any discussion on relating to the same shall be treated as confidential information and shall not be disclosed to any third party by either Party, for any reason whatsoever. • Any changes in commercials construct will be mutually discussed and signed off by both parties. • The terms & conditions in this term sheet to be revisited in case there is any change in IRDA regulations and board approved policy. All remunerations will be in compliance with IRDA regulations and board approved policy as applicable.",renewal commission exc. gst) 2nd & 3rd year: 0%
938,Bharti_Axa,,DSP Base (all other combinations),,10,-,,,0.0,,,,,"Final BG |  Minimum Ticket size will be product variant wise as per persistency and quality assumption on quarterly basis. |  DBM on TULIP will be as per Tulip definition by Bharti AXA Life Insurance. | Renewal Business | Insta Gain Details | 6. Deferral & Clawback clause | Clawback to be made on the uncollected 13M Premium(100% minus 13M Persistency) If 13M Persistency <80% Claw back will be applicable on the payouts (commission + Reward) made on new Bussiness as per the 13M Persistency, as per below table. | 75.1 to 80% | 72.1% to 75% | 1) If Trad book Persistency as of March 31st 2027 is 75%; Size of 13M book: 1 Cr; Total payout made on this book: 80% | - Payout made in previous year: 0.25 Cr*80% = 0.2 Cr | No claw back if the 13M persistency is above 80% | 7. Complaints | Complaints registered on Integrated Grievance Management System (IGMS) should be less than 10 per 1000 policies. If the IGMS Complaints Incidence rate exceed >10, there will be a claw back of Rs 7000 per complaint. | Allowed Complaints incidence Rate (per 1000) (b) | Terms & Conditions: • All payouts will be payable on weighted New Business Premium (Single premium to be considered at 10%). • All the rates mentioned above are inclusive of GST • The product mix & commercials to be reviewed post every year end or as and when required by either of parties. • Any new product chassis/ design/ special pricing will require discussions on a mutually agreeable basis. • The terms and conditions described in this term sheet including its existence and any discussion on relating to the same shall be treated as confidential information and shall not be disclosed to any third party by either Party, for any reason whatsoever. • Any changes in commercials construct will be mutually discussed and signed off by both parties. • The terms & conditions in this term sheet to be revisited in case there is any change in IRDA regulations and board approved policy. All remunerations will be in compliance with IRDA regulations and board approved policy as applicable.",renewal commission exc. gst) 2nd & 3rd year: 0%
939,Bharti_Axa,,DSP Base (all other combinations),,11 & above,-,,,0.0,,,,,"Final BG |  Minimum Ticket size will be product variant wise as per persistency and quality assumption on quarterly basis. |  DBM on TULIP will be as per Tulip definition by Bharti AXA Life Insurance. | Renewal Business | Insta Gain Details | 6. Deferral & Clawback clause | Clawback to be made on the uncollected 13M Premium(100% minus 13M Persistency) If 13M Persistency <80% Claw back will be applicable on the payouts (commission + Reward) made on new Bussiness as per the 13M Persistency, as per below table. | 75.1 to 80% | 72.1% to 75% | 1) If Trad book Persistency as of March 31st 2027 is 75%; Size of 13M book: 1 Cr; Total payout made on this book: 80% | - Payout made in previous year: 0.25 Cr*80% = 0.2 Cr | No claw back if the 13M persistency is above 80% | 7. Complaints | Complaints registered on Integrated Grievance Management System (IGMS) should be less than 10 per 1000 policies. If the IGMS Complaints Incidence rate exceed >10, there will be a claw back of Rs 7000 per complaint. | Allowed Complaints incidence Rate (per 1000) (b) | Terms & Conditions: • All payouts will be payable on weighted New Business Premium (Single premium to be considered at 10%). • All the rates mentioned above are inclusive of GST • The product mix & commercials to be reviewed post every year end or as and when required by either of parties. • Any new product chassis/ design/ special pricing will require discussions on a mutually agreeable basis. • The terms and conditions described in this term sheet including its existence and any discussion on relating to the same shall be treated as confidential information and shall not be disclosed to any third party by either Party, for any reason whatsoever. • Any changes in commercials construct will be mutually discussed and signed off by both parties. • The terms & conditions in this term sheet to be revisited in case there is any change in IRDA regulations and board approved policy. All remunerations will be in compliance with IRDA regulations and board approved policy as applicable.",renewal commission exc. gst) 2nd & 3rd year: 0%
940,Bharti_Axa,,"DSP (35+PT, <15DBM, >16%+ Rider, ATS 1L)",,5 to 6,-,,,0.0,,,,,"Final BG |  Minimum Ticket size will be product variant wise as per persistency and quality assumption on quarterly basis. |  DBM on TULIP will be as per Tulip definition by Bharti AXA Life Insurance. | Renewal Business | Insta Gain Details | 6. Deferral & Clawback clause | Clawback to be made on the uncollected 13M Premium(100% minus 13M Persistency) If 13M Persistency <80% Claw back will be applicable on the payouts (commission + Reward) made on new Bussiness as per the 13M Persistency, as per below table. | 75.1 to 80% | 72.1% to 75% | 1) If Trad book Persistency as of March 31st 2027 is 75%; Size of 13M book: 1 Cr; Total payout made on this book: 80% | - Payout made in previous year: 0.25 Cr*80% = 0.2 Cr | No claw back if the 13M persistency is above 80% | 7. Complaints | Complaints registered on Integrated Grievance Management System (IGMS) should be less than 10 per 1000 policies. If the IGMS Complaints Incidence rate exceed >10, there will be a claw back of Rs 7000 per complaint. | Allowed Complaints incidence Rate (per 1000) (b) | Terms & Conditions: • All payouts will be payable on weighted New Business Premium (Single premium to be considered at 10%). • All the rates mentioned above are inclusive of GST • The product mix & commercials to be reviewed post every year end or as and when required by either of parties. • Any new product chassis/ design/ special pricing will require discussions on a mutually agreeable basis. • The terms and conditions described in this term sheet including its existence and any discussion on relating to the same shall be treated as confidential information and shall not be disclosed to any third party by either Party, for any reason whatsoever. • Any changes in commercials construct will be mutually discussed and signed off by both parties. • The terms & conditions in this term sheet to be revisited in case there is any change in IRDA regulations and board approved policy. All remunerations will be in compliance with IRDA regulations and board approved policy as applicable.",renewal commission exc. gst) 2nd & 3rd year: 0%
941,Bharti_Axa,,"DSP (35+PT, <15DBM, >15%+ Rider, ATS 1L)",,7 to 9,-,,,0.0,,,,,"Final BG |  Minimum Ticket size will be product variant wise as per persistency and quality assumption on quarterly basis. |  DBM on TULIP will be as per Tulip definition by Bharti AXA Life Insurance. | Renewal Business | Insta Gain Details | 6. Deferral & Clawback clause | Clawback to be made on the uncollected 13M Premium(100% minus 13M Persistency) If 13M Persistency <80% Claw back will be applicable on the payouts (commission + Reward) made on new Bussiness as per the 13M Persistency, as per below table. | 75.1 to 80% | 72.1% to 75% | 1) If Trad book Persistency as of March 31st 2027 is 75%; Size of 13M book: 1 Cr; Total payout made on this book: 80% | - Payout made in previous year: 0.25 Cr*80% = 0.2 Cr | No claw back if the 13M persistency is above 80% | 7. Complaints | Complaints registered on Integrated Grievance Management System (IGMS) should be less than 10 per 1000 policies. If the IGMS Complaints Incidence rate exceed >10, there will be a claw back of Rs 7000 per complaint. | Allowed Complaints incidence Rate (per 1000) (b) | Terms & Conditions: • All payouts will be payable on weighted New Business Premium (Single premium to be considered at 10%). • All the rates mentioned above are inclusive of GST • The product mix & commercials to be reviewed post every year end or as and when required by either of parties. • Any new product chassis/ design/ special pricing will require discussions on a mutually agreeable basis. • The terms and conditions described in this term sheet including its existence and any discussion on relating to the same shall be treated as confidential information and shall not be disclosed to any third party by either Party, for any reason whatsoever. • Any changes in commercials construct will be mutually discussed and signed off by both parties. • The terms & conditions in this term sheet to be revisited in case there is any change in IRDA regulations and board approved policy. All remunerations will be in compliance with IRDA regulations and board approved policy as applicable.",renewal commission exc. gst) 2nd & 3rd year: 0%
942,Bharti_Axa,,"DSP (35+PT, 15-24 DBM, >15%+ Rider, ATS 1L)",,10,-,,,0.0,,,,,"Final BG |  Minimum Ticket size will be product variant wise as per persistency and quality assumption on quarterly basis. |  DBM on TULIP will be as per Tulip definition by Bharti AXA Life Insurance. | Renewal Business | Insta Gain Details | 6. Deferral & Clawback clause | Clawback to be made on the uncollected 13M Premium(100% minus 13M Persistency) If 13M Persistency <80% Claw back will be applicable on the payouts (commission + Reward) made on new Bussiness as per the 13M Persistency, as per below table. | 75.1 to 80% | 72.1% to 75% | 1) If Trad book Persistency as of March 31st 2027 is 75%; Size of 13M book: 1 Cr; Total payout made on this book: 80% | - Payout made in previous year: 0.25 Cr*80% = 0.2 Cr | No claw back if the 13M persistency is above 80% | 7. Complaints | Complaints registered on Integrated Grievance Management System (IGMS) should be less than 10 per 1000 policies. If the IGMS Complaints Incidence rate exceed >10, there will be a claw back of Rs 7000 per complaint. | Allowed Complaints incidence Rate (per 1000) (b) | Terms & Conditions: • All payouts will be payable on weighted New Business Premium (Single premium to be considered at 10%). • All the rates mentioned above are inclusive of GST • The product mix & commercials to be reviewed post every year end or as and when required by either of parties. • Any new product chassis/ design/ special pricing will require discussions on a mutually agreeable basis. • The terms and conditions described in this term sheet including its existence and any discussion on relating to the same shall be treated as confidential information and shall not be disclosed to any third party by either Party, for any reason whatsoever. • Any changes in commercials construct will be mutually discussed and signed off by both parties. • The terms & conditions in this term sheet to be revisited in case there is any change in IRDA regulations and board approved policy. All remunerations will be in compliance with IRDA regulations and board approved policy as applicable.",renewal commission exc. gst) 2nd & 3rd year: 0%
943,Bharti_Axa,,"DSP (35+PT, 15+ DBM, >14%+ Rider, ATS 1L)",,11 & above,-,,,0.0,,,,,"Final BG |  Minimum Ticket size will be product variant wise as per persistency and quality assumption on quarterly basis. |  DBM on TULIP will be as per Tulip definition by Bharti AXA Life Insurance. | Renewal Business | Insta Gain Details | 6. Deferral & Clawback clause | Clawback to be made on the uncollected 13M Premium(100% minus 13M Persistency) If 13M Persistency <80% Claw back will be applicable on the payouts (commission + Reward) made on new Bussiness as per the 13M Persistency, as per below table. | 75.1 to 80% | 72.1% to 75% | 1) If Trad book Persistency as of March 31st 2027 is 75%; Size of 13M book: 1 Cr; Total payout made on this book: 80% | - Payout made in previous year: 0.25 Cr*80% = 0.2 Cr | No claw back if the 13M persistency is above 80% | 7. Complaints | Complaints registered on Integrated Grievance Management System (IGMS) should be less than 10 per 1000 policies. If the IGMS Complaints Incidence rate exceed >10, there will be a claw back of Rs 7000 per complaint. | Allowed Complaints incidence Rate (per 1000) (b) | Terms & Conditions: • All payouts will be payable on weighted New Business Premium (Single premium to be considered at 10%). • All the rates mentioned above are inclusive of GST • The product mix & commercials to be reviewed post every year end or as and when required by either of parties. • Any new product chassis/ design/ special pricing will require discussions on a mutually agreeable basis. • The terms and conditions described in this term sheet including its existence and any discussion on relating to the same shall be treated as confidential information and shall not be disclosed to any third party by either Party, for any reason whatsoever. • Any changes in commercials construct will be mutually discussed and signed off by both parties. • The terms & conditions in this term sheet to be revisited in case there is any change in IRDA regulations and board approved policy. All remunerations will be in compliance with IRDA regulations and board approved policy as applicable.",renewal commission exc. gst) 2nd & 3rd year: 0%
944,Bharti_Axa,,GSP Base,,10,-,,,0.0,,,,,"Final BG |  Minimum Ticket size will be product variant wise as per persistency and quality assumption on quarterly basis. |  DBM on TULIP will be as per Tulip definition by Bharti AXA Life Insurance. | Renewal Business | Insta Gain Details | 6. Deferral & Clawback clause | Clawback to be made on the uncollected 13M Premium(100% minus 13M Persistency) If 13M Persistency <80% Claw back will be applicable on the payouts (commission + Reward) made on new Bussiness as per the 13M Persistency, as per below table. | 75.1 to 80% | 72.1% to 75% | 1) If Trad book Persistency as of March 31st 2027 is 75%; Size of 13M book: 1 Cr; Total payout made on this book: 80% | - Payout made in previous year: 0.25 Cr*80% = 0.2 Cr | No claw back if the 13M persistency is above 80% | 7. Complaints | Complaints registered on Integrated Grievance Management System (IGMS) should be less than 10 per 1000 policies. If the IGMS Complaints Incidence rate exceed >10, there will be a claw back of Rs 7000 per complaint. | Allowed Complaints incidence Rate (per 1000) (b) | Terms & Conditions: • All payouts will be payable on weighted New Business Premium (Single premium to be considered at 10%). • All the rates mentioned above are inclusive of GST • The product mix & commercials to be reviewed post every year end or as and when required by either of parties. • Any new product chassis/ design/ special pricing will require discussions on a mutually agreeable basis. • The terms and conditions described in this term sheet including its existence and any discussion on relating to the same shall be treated as confidential information and shall not be disclosed to any third party by either Party, for any reason whatsoever. • Any changes in commercials construct will be mutually discussed and signed off by both parties. • The terms & conditions in this term sheet to be revisited in case there is any change in IRDA regulations and board approved policy. All remunerations will be in compliance with IRDA regulations and board approved policy as applicable.",renewal commission exc. gst) 2nd & 3rd year: 0%
945,Bharti_Axa,,GSP (>10% rider),,10,-,,,0.0,,,,,"Final BG |  Minimum Ticket size will be product variant wise as per persistency and quality assumption on quarterly basis. |  DBM on TULIP will be as per Tulip definition by Bharti AXA Life Insurance. | Renewal Business | Insta Gain Details | 6. Deferral & Clawback clause | Clawback to be made on the uncollected 13M Premium(100% minus 13M Persistency) If 13M Persistency <80% Claw back will be applicable on the payouts (commission + Reward) made on new Bussiness as per the 13M Persistency, as per below table. | 75.1 to 80% | 72.1% to 75% | 1) If Trad book Persistency as of March 31st 2027 is 75%; Size of 13M book: 1 Cr; Total payout made on this book: 80% | - Payout made in previous year: 0.25 Cr*80% = 0.2 Cr | No claw back if the 13M persistency is above 80% | 7. Complaints | Complaints registered on Integrated Grievance Management System (IGMS) should be less than 10 per 1000 policies. If the IGMS Complaints Incidence rate exceed >10, there will be a claw back of Rs 7000 per complaint. | Allowed Complaints incidence Rate (per 1000) (b) | Terms & Conditions: • All payouts will be payable on weighted New Business Premium (Single premium to be considered at 10%). • All the rates mentioned above are inclusive of GST • The product mix & commercials to be reviewed post every year end or as and when required by either of parties. • Any new product chassis/ design/ special pricing will require discussions on a mutually agreeable basis. • The terms and conditions described in this term sheet including its existence and any discussion on relating to the same shall be treated as confidential information and shall not be disclosed to any third party by either Party, for any reason whatsoever. • Any changes in commercials construct will be mutually discussed and signed off by both parties. • The terms & conditions in this term sheet to be revisited in case there is any change in IRDA regulations and board approved policy. All remunerations will be in compliance with IRDA regulations and board approved policy as applicable.",renewal commission exc. gst) 2nd & 3rd year: 0%
946,ABLI,Non PAR,Assured Savings Plan,,6,-,0.37,0.04,,,,,,Final BG Fresh | Please note that payout recovery will be initiated if 13M persistency not maintained,at 2nd year: 4%
947,ABLI,Non PAR,Assured Savings Plan,,8,-,0.37,0.04,,,,,,Final BG Fresh | Please note that payout recovery will be initiated if 13M persistency not maintained,at 2nd year: 4%
948,ABLI,Non PAR,Assured Savings Plan,,10,-,0.405,0.045,,,,,,Final BG Fresh | Please note that payout recovery will be initiated if 13M persistency not maintained,at 2nd year: 4.5%
949,ABLI,Non PAR,Assured Savings Plan,,12,-,0.405,0.045,,,,,,Final BG Fresh | Please note that payout recovery will be initiated if 13M persistency not maintained,at 2nd year: 4.5%
950,ABLI,Non PAR,Nischit Aayush,,6,-,0.37,0.04,,,,,,Final BG Fresh | Please note that payout recovery will be initiated if 13M persistency not maintained,at 2nd year: 4%
951,ABLI,Non PAR,Nischit Aayush,,8,-,0.37,0.04,,,,,,Final BG Fresh | Please note that payout recovery will be initiated if 13M persistency not maintained,at 2nd year: 4%
952,ABLI,Non PAR,Nischit Aayush,,10,-,0.405,0.045,,,,,,Final BG Fresh | Please note that payout recovery will be initiated if 13M persistency not maintained,at 2nd year: 4.5%
953,ABLI,Non PAR,Nischit Aayush,,12,-,0.405,0.045,,,,,,Final BG Fresh | Please note that payout recovery will be initiated if 13M persistency not maintained,at 2nd year: 4.5%
954,ABLI,Non PAR,Assured Income Plus,,6,-,0.37,0.04,,,,,,Final BG Fresh | Please note that payout recovery will be initiated if 13M persistency not maintained,at 2nd year: 4%
955,ABLI,Non PAR,Assured Income Plus,,8,-,0.37,0.04,,,,,,Final BG Fresh | Please note that payout recovery will be initiated if 13M persistency not maintained,at 2nd year: 4%
956,ABLI,Non PAR,Assured Income Plus,,10,-,0.405,0.045,,,,,,Final BG Fresh | Please note that payout recovery will be initiated if 13M persistency not maintained,at 2nd year: 4.5%
957,ABLI,Non PAR,Assured Income Plus,,12,-,0.405,0.045,,,,,,Final BG Fresh | Please note that payout recovery will be initiated if 13M persistency not maintained,at 2nd year: 4.5%
958,ABLI,Non PAR,Guaranteed Annuity Plan,,SP,-,0.00075,0.0,,,,,,Final BG Fresh | Please note that payout recovery will be initiated if 13M persistency not maintained,at 2nd year: 0%
959,ABLI,Non PAR,Guaranteed Annuity Plan,,Other Pay,-,0.27,0.03,,,,,,Final BG Fresh | Please note that payout recovery will be initiated if 13M persistency not maintained,at 2nd year: 3%
960,ABLI,Non PAR,Guaranteed Annuity Plan,,2,-,0.07,0.008,,,,,,Final BG Fresh | Please note that payout recovery will be initiated if 13M persistency not maintained,at 2nd year: 0.8%
961,ABLI,Non PAR,Guaranteed Annuity Plan,,3,-,0.1,0.01,,,,,,Final BG Fresh | Please note that payout recovery will be initiated if 13M persistency not maintained,at 2nd year: 1%
962,ABLI,PAR,Akshaya Plan,,6,-,0.27,0.03,,,,,,Final BG Fresh | Please note that payout recovery will be initiated if 13M persistency not maintained,at 2nd year: 3%
963,ABLI,PAR,Akshaya Plan,,8,-,0.34,0.04,,,,,,Final BG Fresh | Please note that payout recovery will be initiated if 13M persistency not maintained,at 2nd year: 4%
964,ABLI,PAR,Akshaya Plan,,10,-,0.44,0.05,,,,,,Final BG Fresh | Please note that payout recovery will be initiated if 13M persistency not maintained,at 2nd year: 5%
965,ABLI,PAR,Akshaya Plan,,12,-,0.505,0.055,,,,,,Final BG Fresh | Please note that payout recovery will be initiated if 13M persistency not maintained,at 2nd year: 5.5%
966,ABLI,Term,Digishield,,Single Pay,-,0.00075,0.0,,,,,,Final BG Fresh | Please note that payout recovery will be initiated if 13M persistency not maintained,at 2nd year: 0%
967,ABLI,Term,Digishield,,TROP - 5 (Plan Option 9 to 10 / Pay Term 5),-,0.2,0.02,,,,,,Final BG Fresh | Please note that payout recovery will be initiated if 13M persistency not maintained,at 2nd year: 2%
968,ABLI,Term,Digishield,,TROP - 7 (Plan Option 9 to 10 / Pay Term 7),-,0.235,0.025,,,,,,Final BG Fresh | Please note that payout recovery will be initiated if 13M persistency not maintained,at 2nd year: 2.5%
969,ABLI,Term,Digishield,,TROP - 10 (Plan Option 9 to 10 / Pay Term 10),-,0.3,0.03,,,,,,Final BG Fresh | Please note that payout recovery will be initiated if 13M persistency not maintained,at 2nd year: 3%
970,ABLI,Term,Digishield,,TROP - 11 (Plan Option 9 to 10 / Pay Term 11),-,0.32,0.035,,,,,,Final BG Fresh | Please note that payout recovery will be initiated if 13M persistency not maintained,at 2nd year: 3.5%
971,ABLI,Term,Digishield,,TROP - 12 (Plan Option 9 to 10 / Pay Term 12 and above),-,0.34,0.04,,,,,,Final BG Fresh | Please note that payout recovery will be initiated if 13M persistency not maintained,at 2nd year: 4%
972,ABLI,Term,Digishield,,Pure Term - Plan Option 1 to 7,-,0.37,0.04,,,,,,Final BG Fresh | Please note that payout recovery will be initiated if 13M persistency not maintained,at 2nd year: 4%
973,ABLI,Term,Salaried Term Plan,,Single Pay,-,0.00075,0.0,,,,,,Final BG Fresh | Please note that payout recovery will be initiated if 13M persistency not maintained,at 2nd year: 0%
974,ABLI,Term,Salaried Term Plan,,TROP - 5 (Plan Option 9 to 10 / Pay Term 5),-,0.2,0.02,,,,,,Final BG Fresh | Please note that payout recovery will be initiated if 13M persistency not maintained,at 2nd year: 2%
975,ABLI,Term,Salaried Term Plan,,TROP - 7 (Plan Option 9 to 10 / Pay Term 7),-,0.235,0.025,,,,,,Final BG Fresh | Please note that payout recovery will be initiated if 13M persistency not maintained,at 2nd year: 2.5%
976,ABLI,Term,Salaried Term Plan,,TROP - 10 (Plan Option 9 to 10 / Pay Term 10),-,0.3,0.03,,,,,,Final BG Fresh | Please note that payout recovery will be initiated if 13M persistency not maintained,at 2nd year: 3%
977,ABLI,Term,Salaried Term Plan,,TROP - 11 (Plan Option 9 to 10 / Pay Term 11),-,0.32,0.035,,,,,,Final BG Fresh | Please note that payout recovery will be initiated if 13M persistency not maintained,at 2nd year: 3.5%
978,ABLI,Term,Salaried Term Plan,,Pure Term - Plan Option 1 to 7,-,0.37,0.04,,,,,,Final BG Fresh | Please note that payout recovery will be initiated if 13M persistency not maintained,at 2nd year: 4%
979,ABLI,Term,Super Term plan,,Single Pay,-,0.00075,0.0,,,,,,Final BG Fresh | Please note that payout recovery will be initiated if 13M persistency not maintained,at 2nd year: 0%
980,ABLI,Term,Super Term plan,,TROP - 5 (Plan Option 9 to 10 / Pay Term 5),-,0.2,0.02,,,,,,Final BG Fresh | Please note that payout recovery will be initiated if 13M persistency not maintained,at 2nd year: 2%
981,ABLI,Term,Super Term plan,,TROP - 7 (Plan Option 9 to 10 / Pay Term 7),-,0.235,0.025,,,,,,Final BG Fresh | Please note that payout recovery will be initiated if 13M persistency not maintained,at 2nd year: 2.5%
982,ABLI,Term,Super Term plan,,TROP - 10 (Plan Option 9 to 10 / Pay Term 10),-,0.3,0.03,,,,,,Final BG Fresh | Please note that payout recovery will be initiated if 13M persistency not maintained,at 2nd year: 3%
983,ABLI,Term,Super Term plan,,TROP - 11 (Plan Option 9 to 10 / Pay Term 11),-,0.32,0.035,,,,,,Final BG Fresh | Please note that payout recovery will be initiated if 13M persistency not maintained,at 2nd year: 3.5%
984,ABLI,Term,Super Term plan,,Pure Term - Plan Option 1 to 7,-,0.37,0.04,,,,,,Final BG Fresh | Please note that payout recovery will be initiated if 13M persistency not maintained,at 2nd year: 4%
985,ICICI_Pru,TULIP- Non PAR,Protect N Gain - Life Alpha,,5,-,0.34,0.0,,,,,,Final BG,at 2nd year: 0%; renewals: —
986,ICICI_Pru,TULIP- Non PAR,Protect N Gain - Life Alpha,,6,-,0.34,0.0,,,,,,Final BG,at 2nd year: 0%; renewals: —
987,ICICI_Pru,TULIP- Non PAR,Protect N Gain - Life Alpha,,7,-,0.49,0.0,,,,,,Final BG,at 2nd year: 0%; renewals: —
988,ICICI_Pru,TULIP- Non PAR,Protect N Gain - Life Alpha,,8,-,0.49,0.0,,,,,,Final BG,at 2nd year: 0%; renewals: —
989,ICICI_Pru,TULIP- Non PAR,Protect N Gain - Life Alpha,,9,-,0.49,0.0,,,,,,Final BG,at 2nd year: 0%; renewals: —
990,ICICI_Pru,TULIP- Non PAR,Protect N Gain - Life Alpha,,10,-,0.49,0.0,,,,,,Final BG,at 2nd year: 0%; renewals: —
991,ICICI_Pru,TULIP- Non PAR,Protect N Gain - Life Alpha,,11,-,0.49,0.0,,,,,,Final BG,at 2nd year: 0%; renewals: —
992,ICICI_Pru,TULIP- Non PAR,Protect N Gain - Life Alpha,,12,-,0.49,0.0,,,,,,Final BG,at 2nd year: 0%; renewals: —
993,ICICI_Pru,TULIP- Non PAR,Protect N Gain - Growth Adv.,,5,-,0.105,0.0,,,,,,Final BG,at 2nd year: 0%; renewals: —
994,ICICI_Pru,TULIP- Non PAR,Protect N Gain - Growth Adv.,,6,-,0.105,0.0,,,,,,Final BG,at 2nd year: 0%; renewals: —
995,ICICI_Pru,TULIP- Non PAR,Protect N Gain - Growth Adv.,,7,-,0.34,0.0,,,,,,Final BG,at 2nd year: 0%; renewals: —
996,ICICI_Pru,TULIP- Non PAR,Protect N Gain - Growth Adv.,,8,-,0.34,0.0,,,,,,Final BG,at 2nd year: 0%; renewals: —
997,ICICI_Pru,TULIP- Non PAR,Protect N Gain - Growth Adv.,,9,-,0.34,0.0,,,,,,Final BG,at 2nd year: 0%; renewals: —
998,ICICI_Pru,TULIP- Non PAR,Protect N Gain - Growth Adv.,,10,-,0.34,0.0,,,,,,Final BG,at 2nd year: 0%; renewals: —
999,ICICI_Pru,TULIP- Non PAR,Protect N Gain - Growth Adv.,,11,-,0.34,0.0,,,,,,Final BG,at 2nd year: 0%; renewals: —
1000,ICICI_Pru,TULIP- Non PAR,Protect N Gain - Growth Adv.,,12,-,0.34,0.0,,,,,,Final BG,at 2nd year: 0%; renewals: —
1001,ICICI_Pru,TERM,Iprotect Smart/Iprotect Smart Plus and Iprotect Super,,5,-,0.49,0.0,,,,,,Final BG,at 2nd year: 0%; renewals: —
1002,ICICI_Pru,TERM,Iprotect Smart/Iprotect Smart Plus and Iprotect Super,,6,-,0.49,0.0,,,,,,Final BG,at 2nd year: 0%; renewals: —
1003,ICICI_Pru,TERM,Iprotect Smart/Iprotect Smart Plus and Iprotect Super,,7,-,0.49,0.0,,,,,,Final BG,at 2nd year: 0%; renewals: —
1004,ICICI_Pru,TERM,Iprotect Smart/Iprotect Smart Plus and Iprotect Super,,8,-,0.49,0.0,,,,,,Final BG,at 2nd year: 0%; renewals: —
1005,ICICI_Pru,TERM,Iprotect Smart/Iprotect Smart Plus and Iprotect Super,,9,-,0.49,0.0,,,,,,Final BG,at 2nd year: 0%; renewals: —
1006,ICICI_Pru,TERM,Iprotect Smart/Iprotect Smart Plus and Iprotect Super,,10,-,0.49,0.0,,,,,,Final BG,at 2nd year: 0%; renewals: —
1007,ICICI_Pru,TERM,Iprotect Smart/Iprotect Smart Plus and Iprotect Super,,11,-,0.49,0.0,,,,,,Final BG,at 2nd year: 0%; renewals: —
1008,ICICI_Pru,TERM,Iprotect Smart/Iprotect Smart Plus and Iprotect Super,,12,-,0.49,0.0,,,,,,Final BG,at 2nd year: 0%; renewals: —
1009,ICICI_Pru,Trad- Non PAR,Assured Savings Insurance Plan / ICICI GIFT Pro / ICIC GIFT Select / Saving Suraksha,,5,-,0.43,0.02,,,,,,Final BG,at 2nd year: 2%; renewals: —
1010,ICICI_Pru,Trad- Non PAR,Assured Savings Insurance Plan / ICICI GIFT Pro / ICIC GIFT Select / Saving Suraksha,,6,-,0.43,0.02,,,,,,Final BG,at 2nd year: 2%; renewals: —
1011,ICICI_Pru,Trad- Non PAR,Assured Savings Insurance Plan / ICICI GIFT Pro / ICIC GIFT Select / Saving Suraksha,,7,-,0.46,0.02,,,,,,Final BG,at 2nd year: 2%; renewals: —
1012,ICICI_Pru,Trad- Non PAR,Assured Savings Insurance Plan / ICICI GIFT Pro / ICIC GIFT Select / Saving Suraksha,,8,-,0.46,0.02,,,,,,Final BG,at 2nd year: 2%; renewals: —
1013,ICICI_Pru,Trad- Non PAR,Assured Savings Insurance Plan / ICICI GIFT Pro / ICIC GIFT Select / Saving Suraksha,,9,-,0.46,0.02,,,,,,Final BG,at 2nd year: 2%; renewals: —
1014,ICICI_Pru,Trad- Non PAR,Assured Savings Insurance Plan / ICICI GIFT Pro / ICIC GIFT Select / Saving Suraksha,,10,-,0.5,0.02,,,,,,Final BG,at 2nd year: 2%; renewals: —
1015,ICICI_Pru,Trad- Non PAR,Assured Savings Insurance Plan / ICICI GIFT Pro / ICIC GIFT Select / Saving Suraksha,,11,-,0.5,0.02,,,,,,Final BG,at 2nd year: 2%; renewals: —
1016,ICICI_Pru,Trad- Non PAR,Assured Savings Insurance Plan / ICICI GIFT Pro / ICIC GIFT Select / Saving Suraksha,,12,-,0.5,0.02,,,,,,Final BG,at 2nd year: 2%; renewals: —
1017,ICICI_Pru,Trad- PAR,ICICI Pru Gold / Sukh Samruddhi / Future Perfect,,5,-,0.43,0.02,,,,,,Final BG,at 2nd year: 2%; renewals: —
1018,ICICI_Pru,Trad- PAR,ICICI Pru Gold / Sukh Samruddhi / Future Perfect,,6,-,0.43,0.02,,,,,,Final BG,at 2nd year: 2%; renewals: —
1019,ICICI_Pru,Trad- PAR,ICICI Pru Gold / Sukh Samruddhi / Future Perfect,,7,-,0.46,0.02,,,,,,Final BG,at 2nd year: 2%; renewals: —
1020,ICICI_Pru,Trad- PAR,ICICI Pru Gold / Sukh Samruddhi / Future Perfect,,8,-,0.46,0.02,,,,,,Final BG,at 2nd year: 2%; renewals: —
1021,ICICI_Pru,Trad- PAR,ICICI Pru Gold / Sukh Samruddhi / Future Perfect,,9,-,0.46,0.02,,,,,,Final BG,at 2nd year: 2%; renewals: —
1022,ICICI_Pru,Trad- PAR,ICICI Pru Gold / Sukh Samruddhi / Future Perfect,,10,-,0.5,0.02,,,,,,Final BG,at 2nd year: 2%; renewals: —
1023,ICICI_Pru,Trad- PAR,ICICI Pru Gold / Sukh Samruddhi / Future Perfect,,11,-,0.5,0.02,,,,,,Final BG,at 2nd year: 2%; renewals: —
1024,ICICI_Pru,Trad- PAR,ICICI Pru Gold / Sukh Samruddhi / Future Perfect,,12,-,0.5,0.02,,,,,,Final BG,at 2nd year: 2%; renewals: —
1025,ICICI_Pru,Annuity- Non PAR,Guaranteed Pension Plan Flexi,,5,-,0.43,0.02,,,,,,Final BG,at 2nd year: 2%; renewals: —
1026,ICICI_Pru,Annuity- Non PAR,Guaranteed Pension Plan Flexi,,6,-,0.43,0.02,,,,,,Final BG,at 2nd year: 2%; renewals: —
1027,ICICI_Pru,Annuity- Non PAR,Guaranteed Pension Plan Flexi,,7,-,0.46,0.02,,,,,,Final BG,at 2nd year: 2%; renewals: —
1028,ICICI_Pru,Annuity- Non PAR,Guaranteed Pension Plan Flexi,,8,-,0.46,0.02,,,,,,Final BG,at 2nd year: 2%; renewals: —
1029,ICICI_Pru,Annuity- Non PAR,Guaranteed Pension Plan Flexi,,9,-,0.46,0.02,,,,,,Final BG,at 2nd year: 2%; renewals: —
1030,ICICI_Pru,Annuity- Non PAR,Guaranteed Pension Plan Flexi,,10,-,0.5,0.02,,,,,,Final BG,at 2nd year: 2%; renewals: —
1031,ICICI_Pru,Annuity- Non PAR,Guaranteed Pension Plan Flexi,,11,-,0.5,0.02,,,,,,Final BG,at 2nd year: 2%; renewals: —
1032,ICICI_Pru,Annuity- Non PAR,Guaranteed Pension Plan Flexi,,12,-,0.5,0.02,,,,,,Final BG,at 2nd year: 2%; renewals: —
1033,ICICI_Pru,ULIP,Signature Prem less than 10L,,5,-,0.08,0.0,,,,,,Final BG,at 2nd year: 0%; renewals: —
1034,ICICI_Pru,ULIP,Signature Prem less than 10L,,6,-,0.08,0.0,,,,,,Final BG,at 2nd year: 0%; renewals: —
1035,ICICI_Pru,ULIP,Signature Prem less than 10L,,7,-,0.12,0.0,,,,,,Final BG,at 2nd year: 0%; renewals: —
1036,ICICI_Pru,ULIP,Signature Prem less than 10L,,8,-,0.12,0.0,,,,,,Final BG,at 2nd year: 0%; renewals: —
1037,ICICI_Pru,ULIP,Signature Prem less than 10L,,9,-,0.12,0.0,,,,,,Final BG,at 2nd year: 0%; renewals: —
1038,ICICI_Pru,ULIP,Signature Prem less than 10L,,10,-,0.12,0.0,,,,,,Final BG,at 2nd year: 0%; renewals: —
1039,ICICI_Pru,ULIP,Signature Prem less than 10L,,11,-,0.12,0.0,,,,,,Final BG,at 2nd year: 0%; renewals: —
1040,ICICI_Pru,ULIP,Signature Prem less than 10L,,12,-,0.12,0.0,,,,,,Final BG,at 2nd year: 0%; renewals: —
1041,ICICI_Pru,ULIP,Signature Prem 10L and above,,5,-,0.08,0.0,,,,,,Final BG,at 2nd year: 0%; renewals: —
1042,ICICI_Pru,ULIP,Signature Prem 10L and above,,6,-,0.08,0.0,,,,,,Final BG,at 2nd year: 0%; renewals: —
1043,ICICI_Pru,ULIP,Signature Prem 10L and above,,7,-,0.11,0.0,,,,,,Final BG,at 2nd year: 0%; renewals: —
1044,ICICI_Pru,ULIP,Signature Prem 10L and above,,8,-,0.11,0.0,,,,,,Final BG,at 2nd year: 0%; renewals: —
1045,ICICI_Pru,ULIP,Signature Prem 10L and above,,9,-,0.11,0.0,,,,,,Final BG,at 2nd year: 0%; renewals: —
1046,ICICI_Pru,ULIP,Signature Prem 10L and above,,10,-,0.11,0.0,,,,,,Final BG,at 2nd year: 0%; renewals: —
1047,ICICI_Pru,ULIP,Signature Prem 10L and above,,11,-,0.11,0.0,,,,,,Final BG,at 2nd year: 0%; renewals: —
1048,ICICI_Pru,ULIP,Signature Prem 10L and above,,12,-,0.11,0.0,,,,,,Final BG,at 2nd year: 0%; renewals: —
1049,ICICI_Pru,ULIP,Smart Goal Assure,,5,-,0.1,0.0,,,,,,Final BG,at 2nd year: 0%; renewals: —
1050,ICICI_Pru,ULIP,Smart Goal Assure,,6,-,0.1,0.0,,,,,,Final BG,at 2nd year: 0%; renewals: —
1051,ICICI_Pru,ULIP,Smart Goal Assure,,7,-,0.15,0.0,,,,,,Final BG,at 2nd year: 0%; renewals: —
1052,ICICI_Pru,ULIP,Smart Goal Assure,,8,-,0.15,0.0,,,,,,Final BG,at 2nd year: 0%; renewals: —
1053,ICICI_Pru,ULIP,Smart Goal Assure,,9,-,0.15,0.0,,,,,,Final BG,at 2nd year: 0%; renewals: —
1054,ICICI_Pru,ULIP,Smart Goal Assure,,10,-,0.15,0.0,,,,,,Final BG,at 2nd year: 0%; renewals: —
1055,ICICI_Pru,ULIP,Smart Goal Assure,,11,-,0.15,0.0,,,,,,Final BG,at 2nd year: 0%; renewals: —
1056,ICICI_Pru,ULIP,Smart Goal Assure,,12,-,0.15,0.0,,,,,,Final BG,at 2nd year: 0%; renewals: —
1057,AxisMax,Par,SWAG Par,,5/6,-,0.45,,,,,,,"Final BG | No tactical / RnR will accrue on the partner’s sales. | ULIP, Annuity Single & 2 Pay & SWP sales will not be considered for VLI payout. | On Advance income variants commercials will split in two year in 75:25 ratio. | GST stance will remain same for this partner as it is for channel and if any change happens in JFM the same will apply for this partner. | a. | b.",
1058,AxisMax,Par,SWAG Par,,7/8,-,0.45,,,,,,,"Final BG | No tactical / RnR will accrue on the partner’s sales. | ULIP, Annuity Single & 2 Pay & SWP sales will not be considered for VLI payout. | On Advance income variants commercials will split in two year in 75:25 ratio. | GST stance will remain same for this partner as it is for channel and if any change happens in JFM the same will apply for this partner. | a. | b.",
1059,AxisMax,Par,SWAG Par,,10+,-,0.525,,,,,,,"Final BG | No tactical / RnR will accrue on the partner’s sales. | ULIP, Annuity Single & 2 Pay & SWP sales will not be considered for VLI payout. | On Advance income variants commercials will split in two year in 75:25 ratio. | GST stance will remain same for this partner as it is for channel and if any change happens in JFM the same will apply for this partner. | a. | b.",
1060,AxisMax,Non Par,SWAG Npar,,5/6,-,0.45,,,,,,,"Final BG | No tactical / RnR will accrue on the partner’s sales. | ULIP, Annuity Single & 2 Pay & SWP sales will not be considered for VLI payout. | On Advance income variants commercials will split in two year in 75:25 ratio. | GST stance will remain same for this partner as it is for channel and if any change happens in JFM the same will apply for this partner. | a. | b.",
1061,AxisMax,Non Par,SWAG Npar,,7/8,-,0.45,,,,,,,"Final BG | No tactical / RnR will accrue on the partner’s sales. | ULIP, Annuity Single & 2 Pay & SWP sales will not be considered for VLI payout. | On Advance income variants commercials will split in two year in 75:25 ratio. | GST stance will remain same for this partner as it is for channel and if any change happens in JFM the same will apply for this partner. | a. | b.",
1062,AxisMax,Non Par,SWAG Npar,,10+,-,0.525,,,,,,,"Final BG | No tactical / RnR will accrue on the partner’s sales. | ULIP, Annuity Single & 2 Pay & SWP sales will not be considered for VLI payout. | On Advance income variants commercials will split in two year in 75:25 ratio. | GST stance will remain same for this partner as it is for channel and if any change happens in JFM the same will apply for this partner. | a. | b.",
1063,AxisMax,Non Par,Smart Vibe Npar- Future Wealth (Insta wealth 15 Points less),,5/6,-,0.45,,,,,,,"Final BG | No tactical / RnR will accrue on the partner’s sales. | ULIP, Annuity Single & 2 Pay & SWP sales will not be considered for VLI payout. | On Advance income variants commercials will split in two year in 75:25 ratio. | GST stance will remain same for this partner as it is for channel and if any change happens in JFM the same will apply for this partner. | a. | b.",
1064,AxisMax,Non Par,Smart Vibe Npar- Future Wealth (Insta wealth 15 Points less),,7/8,-,0.45,,,,,,,"Final BG | No tactical / RnR will accrue on the partner’s sales. | ULIP, Annuity Single & 2 Pay & SWP sales will not be considered for VLI payout. | On Advance income variants commercials will split in two year in 75:25 ratio. | GST stance will remain same for this partner as it is for channel and if any change happens in JFM the same will apply for this partner. | a. | b.",
1065,AxisMax,Non Par,Smart Vibe Npar- Future Wealth (Insta wealth 15 Points less),,10+,-,0.525,,,,,,,"Final BG | No tactical / RnR will accrue on the partner’s sales. | ULIP, Annuity Single & 2 Pay & SWP sales will not be considered for VLI payout. | On Advance income variants commercials will split in two year in 75:25 ratio. | GST stance will remain same for this partner as it is for channel and if any change happens in JFM the same will apply for this partner. | a. | b.",
1066,AxisMax,Non Par,SWAG Elite,,5/6,-,0.41,,,,,,,"Final BG | No tactical / RnR will accrue on the partner’s sales. | ULIP, Annuity Single & 2 Pay & SWP sales will not be considered for VLI payout. | On Advance income variants commercials will split in two year in 75:25 ratio. | GST stance will remain same for this partner as it is for channel and if any change happens in JFM the same will apply for this partner. | a. | b.",
1067,AxisMax,Non Par,SWAG Elite,,7/8,-,0.41,,,,,,,"Final BG | No tactical / RnR will accrue on the partner’s sales. | ULIP, Annuity Single & 2 Pay & SWP sales will not be considered for VLI payout. | On Advance income variants commercials will split in two year in 75:25 ratio. | GST stance will remain same for this partner as it is for channel and if any change happens in JFM the same will apply for this partner. | a. | b.",
1068,AxisMax,Non Par,SWAG Elite,,10+,-,0.49,,,,,,,"Final BG | No tactical / RnR will accrue on the partner’s sales. | ULIP, Annuity Single & 2 Pay & SWP sales will not be considered for VLI payout. | On Advance income variants commercials will split in two year in 75:25 ratio. | GST stance will remain same for this partner as it is for channel and if any change happens in JFM the same will apply for this partner. | a. | b.",
1069,AxisMax,Non Par,SWP - Lumpsump,,5,-,0.34,,,,,,,"Final BG | No tactical / RnR will accrue on the partner’s sales. | ULIP, Annuity Single & 2 Pay & SWP sales will not be considered for VLI payout. | On Advance income variants commercials will split in two year in 75:25 ratio. | GST stance will remain same for this partner as it is for channel and if any change happens in JFM the same will apply for this partner. | a. | b.",
1070,AxisMax,Non Par,SWP - Lumpsump,,5,-,0.34,,,,,,,"Final BG | No tactical / RnR will accrue on the partner’s sales. | ULIP, Annuity Single & 2 Pay & SWP sales will not be considered for VLI payout. | On Advance income variants commercials will split in two year in 75:25 ratio. | GST stance will remain same for this partner as it is for channel and if any change happens in JFM the same will apply for this partner. | a. | b.",
1071,AxisMax,Non Par,SWP - Lumpsump,,8,-,0.375,,,,,,,"Final BG | No tactical / RnR will accrue on the partner’s sales. | ULIP, Annuity Single & 2 Pay & SWP sales will not be considered for VLI payout. | On Advance income variants commercials will split in two year in 75:25 ratio. | GST stance will remain same for this partner as it is for channel and if any change happens in JFM the same will apply for this partner. | a. | b.",
1072,AxisMax,Non Par,SWP - Lumpsump,,10,-,0.41,,,,,,,"Final BG | No tactical / RnR will accrue on the partner’s sales. | ULIP, Annuity Single & 2 Pay & SWP sales will not be considered for VLI payout. | On Advance income variants commercials will split in two year in 75:25 ratio. | GST stance will remain same for this partner as it is for channel and if any change happens in JFM the same will apply for this partner. | a. | b.",
1073,AxisMax,Non Par,SWP - Lumpsump,,10 & 12,-,0.45,,,,,,,"Final BG | No tactical / RnR will accrue on the partner’s sales. | ULIP, Annuity Single & 2 Pay & SWP sales will not be considered for VLI payout. | On Advance income variants commercials will split in two year in 75:25 ratio. | GST stance will remain same for this partner as it is for channel and if any change happens in JFM the same will apply for this partner. | a. | b.",
1074,AxisMax,Non Par,SWP - LTI,,6,-,0.45,,,,,,,"Final BG | No tactical / RnR will accrue on the partner’s sales. | ULIP, Annuity Single & 2 Pay & SWP sales will not be considered for VLI payout. | On Advance income variants commercials will split in two year in 75:25 ratio. | GST stance will remain same for this partner as it is for channel and if any change happens in JFM the same will apply for this partner. | a. | b.",
1075,AxisMax,Non Par,SWP - LTI,,6,-,0.45,,,,,,,"Final BG | No tactical / RnR will accrue on the partner’s sales. | ULIP, Annuity Single & 2 Pay & SWP sales will not be considered for VLI payout. | On Advance income variants commercials will split in two year in 75:25 ratio. | GST stance will remain same for this partner as it is for channel and if any change happens in JFM the same will apply for this partner. | a. | b.",
1076,AxisMax,Non Par,SWP - LTI,,8,-,0.45,,,,,,,"Final BG | No tactical / RnR will accrue on the partner’s sales. | ULIP, Annuity Single & 2 Pay & SWP sales will not be considered for VLI payout. | On Advance income variants commercials will split in two year in 75:25 ratio. | GST stance will remain same for this partner as it is for channel and if any change happens in JFM the same will apply for this partner. | a. | b.",
1077,AxisMax,Non Par,SWP - LTI,,8,-,0.45,,,,,,,"Final BG | No tactical / RnR will accrue on the partner’s sales. | ULIP, Annuity Single & 2 Pay & SWP sales will not be considered for VLI payout. | On Advance income variants commercials will split in two year in 75:25 ratio. | GST stance will remain same for this partner as it is for channel and if any change happens in JFM the same will apply for this partner. | a. | b.",
1078,AxisMax,Non Par,SWP - LTI,,10,-,0.45,,,,,,,"Final BG | No tactical / RnR will accrue on the partner’s sales. | ULIP, Annuity Single & 2 Pay & SWP sales will not be considered for VLI payout. | On Advance income variants commercials will split in two year in 75:25 ratio. | GST stance will remain same for this partner as it is for channel and if any change happens in JFM the same will apply for this partner. | a. | b.",
1079,AxisMax,Non Par,SWP - LTI,,10,-,0.45,,,,,,,"Final BG | No tactical / RnR will accrue on the partner’s sales. | ULIP, Annuity Single & 2 Pay & SWP sales will not be considered for VLI payout. | On Advance income variants commercials will split in two year in 75:25 ratio. | GST stance will remain same for this partner as it is for channel and if any change happens in JFM the same will apply for this partner. | a. | b.",
1080,AxisMax,Non Par,SWP - LTI,,10,-,0.41,,,,,,,"Final BG | No tactical / RnR will accrue on the partner’s sales. | ULIP, Annuity Single & 2 Pay & SWP sales will not be considered for VLI payout. | On Advance income variants commercials will split in two year in 75:25 ratio. | GST stance will remain same for this partner as it is for channel and if any change happens in JFM the same will apply for this partner. | a. | b.",
1081,AxisMax,Non Par,SWP - LTI,,12,-,0.45,,,,,,,"Final BG | No tactical / RnR will accrue on the partner’s sales. | ULIP, Annuity Single & 2 Pay & SWP sales will not be considered for VLI payout. | On Advance income variants commercials will split in two year in 75:25 ratio. | GST stance will remain same for this partner as it is for channel and if any change happens in JFM the same will apply for this partner. | a. | b.",
1082,AxisMax,Non Par,SWP - LTI,,12,-,0.45,,,,,,,"Final BG | No tactical / RnR will accrue on the partner’s sales. | ULIP, Annuity Single & 2 Pay & SWP sales will not be considered for VLI payout. | On Advance income variants commercials will split in two year in 75:25 ratio. | GST stance will remain same for this partner as it is for channel and if any change happens in JFM the same will apply for this partner. | a. | b.",
1083,AxisMax,Term/Protection,Smart Secure Plan Plus(SSPP) / Smart Total Elite Protection(STEP) / Smart Term Plan Plus,,Limited,-,0.49,,,,,,,"Final BG | No tactical / RnR will accrue on the partner’s sales. | ULIP, Annuity Single & 2 Pay & SWP sales will not be considered for VLI payout. | On Advance income variants commercials will split in two year in 75:25 ratio. | GST stance will remain same for this partner as it is for channel and if any change happens in JFM the same will apply for this partner. | a. | b.",
1084,AxisMax,Term/Protection,Smart Secure Plan Plus(SSPP) / Smart Total Elite Protection(STEP) / Smart Term Plan Plus,,Regular,-,0.34,,,,,,,"Final BG | No tactical / RnR will accrue on the partner’s sales. | ULIP, Annuity Single & 2 Pay & SWP sales will not be considered for VLI payout. | On Advance income variants commercials will split in two year in 75:25 ratio. | GST stance will remain same for this partner as it is for channel and if any change happens in JFM the same will apply for this partner. | a. | b.",
1085,AxisMax,Term/Protection,Smart Secure Plan Plus - TROP / Smart Term Plan Plus - TROP,,Limited,-,0.49,,,,,,,"Final BG | No tactical / RnR will accrue on the partner’s sales. | ULIP, Annuity Single & 2 Pay & SWP sales will not be considered for VLI payout. | On Advance income variants commercials will split in two year in 75:25 ratio. | GST stance will remain same for this partner as it is for channel and if any change happens in JFM the same will apply for this partner. | a. | b.",
1086,AxisMax,Term/Protection,Smart Secure Plan Plus - TROP / Smart Term Plan Plus - TROP,,Regular,-,0.49,,,,,,,"Final BG | No tactical / RnR will accrue on the partner’s sales. | ULIP, Annuity Single & 2 Pay & SWP sales will not be considered for VLI payout. | On Advance income variants commercials will split in two year in 75:25 ratio. | GST stance will remain same for this partner as it is for channel and if any change happens in JFM the same will apply for this partner. | a. | b.",
1087,AxisMax,ULIP,"Fastrack, Flexi Wealth Advantage, Flexi Wealth",,Limited,-,0.115,,,,,,,"Final BG | No tactical / RnR will accrue on the partner’s sales. | ULIP, Annuity Single & 2 Pay & SWP sales will not be considered for VLI payout. | On Advance income variants commercials will split in two year in 75:25 ratio. | GST stance will remain same for this partner as it is for channel and if any change happens in JFM the same will apply for this partner. | a. | b.",
1088,AxisMax,ULIP,"Fastrack, Flexi Wealth Advantage, Flexi Wealth",,Regular,-,0.115,,,,,,,"Final BG | No tactical / RnR will accrue on the partner’s sales. | ULIP, Annuity Single & 2 Pay & SWP sales will not be considered for VLI payout. | On Advance income variants commercials will split in two year in 75:25 ratio. | GST stance will remain same for this partner as it is for channel and if any change happens in JFM the same will apply for this partner. | a. | b.",
1089,AxisMax,TULIP,STAR - High SA(Life Secure),,PPT*4.5 capped at 40%,-,,,,,,,,"Final BG | No tactical / RnR will accrue on the partner’s sales. | ULIP, Annuity Single & 2 Pay & SWP sales will not be considered for VLI payout. | On Advance income variants commercials will split in two year in 75:25 ratio. | GST stance will remain same for this partner as it is for channel and if any change happens in JFM the same will apply for this partner. | a. | b.",
1090,AxisMax,TULIP,STAR - Medium SA(3D),,PPT*4.5 capped at 37%,-,,,,,,,,"Final BG | No tactical / RnR will accrue on the partner’s sales. | ULIP, Annuity Single & 2 Pay & SWP sales will not be considered for VLI payout. | On Advance income variants commercials will split in two year in 75:25 ratio. | GST stance will remain same for this partner as it is for channel and if any change happens in JFM the same will apply for this partner. | a. | b.",
1091,AxisMax,Annuity,GLIP and SWAG pension Smart Rise(Retirement Income with Sustained Earnings Plan) 9th July Onwards,,Single pay,-,0.01,,,,,,,"Final BG | No tactical / RnR will accrue on the partner’s sales. | ULIP, Annuity Single & 2 Pay & SWP sales will not be considered for VLI payout. | On Advance income variants commercials will split in two year in 75:25 ratio. | GST stance will remain same for this partner as it is for channel and if any change happens in JFM the same will apply for this partner. | a. | b.",
1092,AxisMax,Annuity,GLIP and SWAG pension Smart Rise(Retirement Income with Sustained Earnings Plan) 9th July Onwards,,5 to 7,-,0.45,,,,,,,"Final BG | No tactical / RnR will accrue on the partner’s sales. | ULIP, Annuity Single & 2 Pay & SWP sales will not be considered for VLI payout. | On Advance income variants commercials will split in two year in 75:25 ratio. | GST stance will remain same for this partner as it is for channel and if any change happens in JFM the same will apply for this partner. | a. | b.",
1093,AxisMax,Annuity,GLIP and SWAG pension Smart Rise(Retirement Income with Sustained Earnings Plan) 9th July Onwards,,> 8,-,0.49,,,,,,,"Final BG | No tactical / RnR will accrue on the partner’s sales. | ULIP, Annuity Single & 2 Pay & SWP sales will not be considered for VLI payout. | On Advance income variants commercials will split in two year in 75:25 ratio. | GST stance will remain same for this partner as it is for channel and if any change happens in JFM the same will apply for this partner. | a. | b.",
1094,Ageas Federal,PAR,Super Cash Supreme,,6,-,0.26,,,,,,,Final BG | 13th Month Persistancy to be maintained at 85%,
1095,Ageas Federal,PAR,Super Cash Supreme,,7,-,0.3,,,,,,,Final BG | 13th Month Persistancy to be maintained at 85%,
1096,Ageas Federal,PAR,Super Cash Supreme,,8,-,0.375,,,,,,,Final BG | 13th Month Persistancy to be maintained at 85%,
1097,Ageas Federal,PAR,Super Cash Supreme,,10,-,0.45,,,,,,,Final BG | 13th Month Persistancy to be maintained at 85%,
1098,Ageas Federal,PAR,Super Cash Supreme,,12,-,0.525,,,,,,,Final BG | 13th Month Persistancy to be maintained at 85%,
1099,Ageas Federal,Non PAR,Magic Saving Plan,,5,-,0.19,,,,,,,Final BG | 13th Month Persistancy to be maintained at 85%,
1100,Ageas Federal,Non PAR,Magic Saving Plan,,6,-,0.26,,,,,,,Final BG | 13th Month Persistancy to be maintained at 85%,
1101,Ageas Federal,Non PAR,Magic Saving Plan,,7,-,0.3,,,,,,,Final BG | 13th Month Persistancy to be maintained at 85%,
1102,Ageas Federal,Non PAR,Magic Saving Plan,,8,-,0.375,,,,,,,Final BG | 13th Month Persistancy to be maintained at 85%,
1103,Ageas Federal,Non PAR,Magic Saving Plan,,9,-,0.41,,,,,,,Final BG | 13th Month Persistancy to be maintained at 85%,
1104,Ageas Federal,Non PAR,Magic Saving Plan,,10,-,0.45,,,,,,,Final BG | 13th Month Persistancy to be maintained at 85%,
1105,Ageas Federal,Non PAR,Magic Saving Plan,,12,-,0.525,,,,,,,Final BG | 13th Month Persistancy to be maintained at 85%,
1106,Ageas Federal,Non PAR Term,Super Protect,,RP,-,0.45,,,,,,,Final BG | 13th Month Persistancy to be maintained at 85%,
1107,Ageas Federal,ULIP,PWB,,6,-,0.05,,,,,,,Final BG | 13th Month Persistancy to be maintained at 85%,
1108,Ageas Federal,ULIP,PWB,,10,-,0.05,,,,,,,Final BG | 13th Month Persistancy to be maintained at 85%,
1109,Ageas Federal,ULIP,PWB,,12,-,0.05,,,,,,,Final BG | 13th Month Persistancy to be maintained at 85%,
1110,Ageas Federal,ULIP,WSP,,SP,-,0.01,,,,,,,Final BG | 13th Month Persistancy to be maintained at 85%,
1111,Generali(FGI),Non Par,New Assured Wealth,,6,-,0.41,0.025,0.025,0.02,0.02,0.01,,Final BG | Renewal | There will be a commission claw back of 10% if 13M Persistency is lower than 80% | There will be a commission claw back of 20% if 13M Persistency is lower than 70% | Any surrender pay-out from a discontinued policy after the first-year premium will be recovered from the commission pay-out.,year 2 & 3: 2.5%; year 4 & 5 onwards: 2%; year 6 onwards: 1%
1112,Generali(FGI),Non Par,New Assured Wealth,,8,-,0.45,0.025,0.025,0.02,0.02,0.01,,Final BG | Renewal | There will be a commission claw back of 10% if 13M Persistency is lower than 80% | There will be a commission claw back of 20% if 13M Persistency is lower than 70% | Any surrender pay-out from a discontinued policy after the first-year premium will be recovered from the commission pay-out.,year 2 & 3: 2.5%; year 4 & 5 onwards: 2%; year 6 onwards: 1%
1113,Generali(FGI),Non Par,New Assured Wealth,,10,-,0.49,0.025,0.025,0.02,0.02,0.01,,Final BG | Renewal | There will be a commission claw back of 10% if 13M Persistency is lower than 80% | There will be a commission claw back of 20% if 13M Persistency is lower than 70% | Any surrender pay-out from a discontinued policy after the first-year premium will be recovered from the commission pay-out.,year 2 & 3: 2.5%; year 4 & 5 onwards: 2%; year 6 onwards: 1%
1114,Generali(FGI),Non Par,New Assured Wealth,,6,-,0.45,0.025,0.025,0.02,0.02,0.01,,Final BG | Renewal | There will be a commission claw back of 10% if 13M Persistency is lower than 80% | There will be a commission claw back of 20% if 13M Persistency is lower than 70% | Any surrender pay-out from a discontinued policy after the first-year premium will be recovered from the commission pay-out.,year 2 & 3: 2.5%; year 4 & 5 onwards: 2%; year 6 onwards: 1%
1115,Generali(FGI),Non Par,New Assured Wealth,,8,-,0.45,0.025,0.025,0.02,0.02,0.01,,Final BG | Renewal | There will be a commission claw back of 10% if 13M Persistency is lower than 80% | There will be a commission claw back of 20% if 13M Persistency is lower than 70% | Any surrender pay-out from a discontinued policy after the first-year premium will be recovered from the commission pay-out.,year 2 & 3: 2.5%; year 4 & 5 onwards: 2%; year 6 onwards: 1%
1116,Generali(FGI),Non Par,New Assured Wealth,,10,-,0.56,0.025,0.025,0.02,0.02,0.01,,Final BG | Renewal | There will be a commission claw back of 10% if 13M Persistency is lower than 80% | There will be a commission claw back of 20% if 13M Persistency is lower than 70% | Any surrender pay-out from a discontinued policy after the first-year premium will be recovered from the commission pay-out.,year 2 & 3: 2.5%; year 4 & 5 onwards: 2%; year 6 onwards: 1%
1117,Generali(FGI),Non Par,New Assured Wealth,,10,-,0.56,0.025,0.025,0.02,0.02,0.01,,Final BG | Renewal | There will be a commission claw back of 10% if 13M Persistency is lower than 80% | There will be a commission claw back of 20% if 13M Persistency is lower than 70% | Any surrender pay-out from a discontinued policy after the first-year premium will be recovered from the commission pay-out.,year 2 & 3: 2.5%; year 4 & 5 onwards: 2%; year 6 onwards: 1%
1118,Generali(FGI),Non Par,New Assured Wealth,,10,-,0.56,0.025,0.025,0.02,0.02,0.01,,Final BG | Renewal | There will be a commission claw back of 10% if 13M Persistency is lower than 80% | There will be a commission claw back of 20% if 13M Persistency is lower than 70% | Any surrender pay-out from a discontinued policy after the first-year premium will be recovered from the commission pay-out.,year 2 & 3: 2.5%; year 4 & 5 onwards: 2%; year 6 onwards: 1%
1119,Generali(FGI),Non Par,Long Term Income Plan,,8,-,0.45,0.025,0.025,0.02,0.02,0.0,,Final BG | Renewal | There will be a commission claw back of 10% if 13M Persistency is lower than 80% | There will be a commission claw back of 20% if 13M Persistency is lower than 70% | Any surrender pay-out from a discontinued policy after the first-year premium will be recovered from the commission pay-out.,year 2 & 3: 2.5%; year 4 & 5 onwards: 2%; year 6 onwards: 0%
1120,Generali(FGI),Non Par,Long Term Income Plan,,8,-,0.45,0.025,0.025,0.02,0.02,0.0,,Final BG | Renewal | There will be a commission claw back of 10% if 13M Persistency is lower than 80% | There will be a commission claw back of 20% if 13M Persistency is lower than 70% | Any surrender pay-out from a discontinued policy after the first-year premium will be recovered from the commission pay-out.,year 2 & 3: 2.5%; year 4 & 5 onwards: 2%; year 6 onwards: 0%
1121,Generali(FGI),Non Par,Long Term Income Plan,,8,-,0.45,0.025,0.025,0.02,0.02,0.0,,Final BG | Renewal | There will be a commission claw back of 10% if 13M Persistency is lower than 80% | There will be a commission claw back of 20% if 13M Persistency is lower than 70% | Any surrender pay-out from a discontinued policy after the first-year premium will be recovered from the commission pay-out.,year 2 & 3: 2.5%; year 4 & 5 onwards: 2%; year 6 onwards: 0%
1122,Generali(FGI),Non Par,Long Term Income Plan,,10,-,0.56,0.025,0.025,0.02,0.02,0.0,,Final BG | Renewal | There will be a commission claw back of 10% if 13M Persistency is lower than 80% | There will be a commission claw back of 20% if 13M Persistency is lower than 70% | Any surrender pay-out from a discontinued policy after the first-year premium will be recovered from the commission pay-out.,year 2 & 3: 2.5%; year 4 & 5 onwards: 2%; year 6 onwards: 0%
1123,Generali(FGI),Non Par,Long Term Income Plan,,10,-,0.56,0.025,0.025,0.02,0.02,0.0,,Final BG | Renewal | There will be a commission claw back of 10% if 13M Persistency is lower than 80% | There will be a commission claw back of 20% if 13M Persistency is lower than 70% | Any surrender pay-out from a discontinued policy after the first-year premium will be recovered from the commission pay-out.,year 2 & 3: 2.5%; year 4 & 5 onwards: 2%; year 6 onwards: 0%
1124,Generali(FGI),Non Par,Long Term Income Plan,,10,-,0.56,0.025,0.025,0.02,0.02,0.0,,Final BG | Renewal | There will be a commission claw back of 10% if 13M Persistency is lower than 80% | There will be a commission claw back of 20% if 13M Persistency is lower than 70% | Any surrender pay-out from a discontinued policy after the first-year premium will be recovered from the commission pay-out.,year 2 & 3: 2.5%; year 4 & 5 onwards: 2%; year 6 onwards: 0%
1125,Generali(FGI),Non Par,Long Term Income Plan,,12,-,0.56,0.025,0.025,0.02,0.02,0.0,,Final BG | Renewal | There will be a commission claw back of 10% if 13M Persistency is lower than 80% | There will be a commission claw back of 20% if 13M Persistency is lower than 70% | Any surrender pay-out from a discontinued policy after the first-year premium will be recovered from the commission pay-out.,year 2 & 3: 2.5%; year 4 & 5 onwards: 2%; year 6 onwards: 0%
1126,Generali(FGI),Non Par,Long Term Income Plan,,12,-,0.56,0.025,0.025,0.02,0.02,0.0,,Final BG | Renewal | There will be a commission claw back of 10% if 13M Persistency is lower than 80% | There will be a commission claw back of 20% if 13M Persistency is lower than 70% | Any surrender pay-out from a discontinued policy after the first-year premium will be recovered from the commission pay-out.,year 2 & 3: 2.5%; year 4 & 5 onwards: 2%; year 6 onwards: 0%
1127,Generali(FGI),Non Par,Long Term Income Plan,,12,-,0.56,0.025,0.025,0.02,0.02,0.0,,Final BG | Renewal | There will be a commission claw back of 10% if 13M Persistency is lower than 80% | There will be a commission claw back of 20% if 13M Persistency is lower than 70% | Any surrender pay-out from a discontinued policy after the first-year premium will be recovered from the commission pay-out.,year 2 & 3: 2.5%; year 4 & 5 onwards: 2%; year 6 onwards: 0%
1128,Generali(FGI),Non Par,Money Back Super Plan - Silver,,15,-,0.525,0.025,0.025,0.02,0.02,0.01,,Final BG | Renewal | There will be a commission claw back of 10% if 13M Persistency is lower than 80% | There will be a commission claw back of 20% if 13M Persistency is lower than 70% | Any surrender pay-out from a discontinued policy after the first-year premium will be recovered from the commission pay-out.,year 2 & 3: 2.5%; year 4 & 5 onwards: 2%; year 6 onwards: 1%
1129,Generali(FGI),Non Par,Money Back Super Plan - Silver,,20,-,0.56,0.025,0.025,0.02,0.02,0.01,,Final BG | Renewal | There will be a commission claw back of 10% if 13M Persistency is lower than 80% | There will be a commission claw back of 20% if 13M Persistency is lower than 70% | Any surrender pay-out from a discontinued policy after the first-year premium will be recovered from the commission pay-out.,year 2 & 3: 2.5%; year 4 & 5 onwards: 2%; year 6 onwards: 1%
1130,Generali(FGI),Non Par,Money Back Super Plan - Gold,,12,-,0.41,0.025,0.025,0.02,0.02,0.01,,Final BG | Renewal | There will be a commission claw back of 10% if 13M Persistency is lower than 80% | There will be a commission claw back of 20% if 13M Persistency is lower than 70% | Any surrender pay-out from a discontinued policy after the first-year premium will be recovered from the commission pay-out.,year 2 & 3: 2.5%; year 4 & 5 onwards: 2%; year 6 onwards: 1%
1131,Generali(FGI),Non Par,Money Back Super Plan - Gold,,15,-,0.525,0.025,0.025,0.02,0.02,0.01,,Final BG | Renewal | There will be a commission claw back of 10% if 13M Persistency is lower than 80% | There will be a commission claw back of 20% if 13M Persistency is lower than 70% | Any surrender pay-out from a discontinued policy after the first-year premium will be recovered from the commission pay-out.,year 2 & 3: 2.5%; year 4 & 5 onwards: 2%; year 6 onwards: 1%
1132,Generali(FGI),Non Par,Money Back Super Plan - Gold,,20,-,0.56,0.025,0.025,0.02,0.02,0.01,,Final BG | Renewal | There will be a commission claw back of 10% if 13M Persistency is lower than 80% | There will be a commission claw back of 20% if 13M Persistency is lower than 70% | Any surrender pay-out from a discontinued policy after the first-year premium will be recovered from the commission pay-out.,year 2 & 3: 2.5%; year 4 & 5 onwards: 2%; year 6 onwards: 1%
1133,Generali(FGI),Non Par,Money Back Super Plan - Platinum,,10,-,0.375,0.025,0.025,0.02,0.02,0.01,,Final BG | Renewal | There will be a commission claw back of 10% if 13M Persistency is lower than 80% | There will be a commission claw back of 20% if 13M Persistency is lower than 70% | Any surrender pay-out from a discontinued policy after the first-year premium will be recovered from the commission pay-out.,year 2 & 3: 2.5%; year 4 & 5 onwards: 2%; year 6 onwards: 1%
1134,Generali(FGI),Non Par,Money Back Super Plan - Platinum,,12,-,0.375,0.025,0.025,0.02,0.02,0.01,,Final BG | Renewal | There will be a commission claw back of 10% if 13M Persistency is lower than 80% | There will be a commission claw back of 20% if 13M Persistency is lower than 70% | Any surrender pay-out from a discontinued policy after the first-year premium will be recovered from the commission pay-out.,year 2 & 3: 2.5%; year 4 & 5 onwards: 2%; year 6 onwards: 1%
1135,Generali(FGI),Non Par,Money Back Super Plan - Platinum,,15,-,0.525,0.025,0.025,0.02,0.02,0.01,,Final BG | Renewal | There will be a commission claw back of 10% if 13M Persistency is lower than 80% | There will be a commission claw back of 20% if 13M Persistency is lower than 70% | Any surrender pay-out from a discontinued policy after the first-year premium will be recovered from the commission pay-out.,year 2 & 3: 2.5%; year 4 & 5 onwards: 2%; year 6 onwards: 1%
1136,Generali(FGI),Par,Life Time Partner Plan,,6,-,0.3,0.025,0.025,0.015,0.015,0.0,,Final BG | Renewal | There will be a commission claw back of 10% if 13M Persistency is lower than 80% | There will be a commission claw back of 20% if 13M Persistency is lower than 70% | Any surrender pay-out from a discontinued policy after the first-year premium will be recovered from the commission pay-out.,year 2 & 3: 2.5%; year 4 & 5 onwards: 1.5%; year 6 onwards: 0%
1137,Generali(FGI),Par,Life Time Partner Plan,,8,-,0.34,0.025,0.025,0.015,0.015,0.0,,Final BG | Renewal | There will be a commission claw back of 10% if 13M Persistency is lower than 80% | There will be a commission claw back of 20% if 13M Persistency is lower than 70% | Any surrender pay-out from a discontinued policy after the first-year premium will be recovered from the commission pay-out.,year 2 & 3: 2.5%; year 4 & 5 onwards: 1.5%; year 6 onwards: 0%
1138,Generali(FGI),Par,Life Time Partner Plan,,10,-,0.525,0.025,0.025,0.015,0.015,0.0,,Final BG | Renewal | There will be a commission claw back of 10% if 13M Persistency is lower than 80% | There will be a commission claw back of 20% if 13M Persistency is lower than 70% | Any surrender pay-out from a discontinued policy after the first-year premium will be recovered from the commission pay-out.,year 2 & 3: 2.5%; year 4 & 5 onwards: 1.5%; year 6 onwards: 0%
1139,Generali(FGI),Par,Life Time Partner Plan,,12,-,0.525,0.025,0.025,0.015,0.015,0.0,,Final BG | Renewal | There will be a commission claw back of 10% if 13M Persistency is lower than 80% | There will be a commission claw back of 20% if 13M Persistency is lower than 70% | Any surrender pay-out from a discontinued policy after the first-year premium will be recovered from the commission pay-out.,year 2 & 3: 2.5%; year 4 & 5 onwards: 1.5%; year 6 onwards: 0%
1140,Generali(FGI),ULIP,Big Dream Plan - Wealth Creation,,Regular & Limited Pay,-,0.05,0.0,0.0,0.0,0.0,0.0,,Final BG | Renewal | There will be a commission claw back of 10% if 13M Persistency is lower than 80% | There will be a commission claw back of 20% if 13M Persistency is lower than 70% | Any surrender pay-out from a discontinued policy after the first-year premium will be recovered from the commission pay-out.,year 2 to 10 years: 0%
1141,Generali(FGI),ULIP,Big Dream Plan - Retire Smart,,Limited Pay - 10 to 30 Years,-,0.05,0.0,0.0,0.0,0.0,0.0,,Final BG | Renewal | There will be a commission claw back of 10% if 13M Persistency is lower than 80% | There will be a commission claw back of 20% if 13M Persistency is lower than 70% | Any surrender pay-out from a discontinued policy after the first-year premium will be recovered from the commission pay-out.,year 2 to 10 years: 0%
1142,Generali(FGI),ULIP,Big Dream Plan - Dream Protect,,Regular Pay: Equal To Policy Term,-,0.05,0.0,0.0,0.0,0.0,0.0,,Final BG | Renewal | There will be a commission claw back of 10% if 13M Persistency is lower than 80% | There will be a commission claw back of 20% if 13M Persistency is lower than 70% | Any surrender pay-out from a discontinued policy after the first-year premium will be recovered from the commission pay-out.,year 2 to 10 years: 0%
1143,Generali(FGI),ULIP,Big Dream Plan ( SP),,SP,-,0.025,0.0,0.0,0.0,0.0,0.0,,Final BG | Renewal | There will be a commission claw back of 10% if 13M Persistency is lower than 80% | There will be a commission claw back of 20% if 13M Persistency is lower than 70% | Any surrender pay-out from a discontinued policy after the first-year premium will be recovered from the commission pay-out.,year 2 to 10 years: 0%
1144,Generali(FGI),ULIP,Dhan Vridhi,,5,-,0.025,0.01,0.01,0.01,0.01,0.0,,Final BG | Renewal | There will be a commission claw back of 10% if 13M Persistency is lower than 80% | There will be a commission claw back of 20% if 13M Persistency is lower than 70% | Any surrender pay-out from a discontinued policy after the first-year premium will be recovered from the commission pay-out.,year 2 to 5: 1%; year 6 onwards: 0%
1145,Generali(FGI),ULIP,Dhan Vridhi,,7,-,0.035,0.01,0.01,0.01,0.01,0.0,,Final BG | Renewal | There will be a commission claw back of 10% if 13M Persistency is lower than 80% | There will be a commission claw back of 20% if 13M Persistency is lower than 70% | Any surrender pay-out from a discontinued policy after the first-year premium will be recovered from the commission pay-out.,year 2 to 5: 1%; year 6 onwards: 0%
1146,Generali(FGI),ULIP,Dhan Vridhi,,10,-,0.06,0.01,0.01,0.01,0.01,0.0,,Final BG | Renewal | There will be a commission claw back of 10% if 13M Persistency is lower than 80% | There will be a commission claw back of 20% if 13M Persistency is lower than 70% | Any surrender pay-out from a discontinued policy after the first-year premium will be recovered from the commission pay-out.,year 2 to 5: 1%; year 6 onwards: 0%
1147,Generali(FGI),ULIP,Dhan Vridhi,,12,-,0.06,0.01,0.01,0.01,0.01,0.0,,Final BG | Renewal | There will be a commission claw back of 10% if 13M Persistency is lower than 80% | There will be a commission claw back of 20% if 13M Persistency is lower than 70% | Any surrender pay-out from a discontinued policy after the first-year premium will be recovered from the commission pay-out.,year 2 to 5: 1%; year 6 onwards: 0%
1148,Generali(FGI),ULIP,Dhan Vridhi,,15,-,0.06,0.01,0.01,0.01,0.01,0.0,,Final BG | Renewal | There will be a commission claw back of 10% if 13M Persistency is lower than 80% | There will be a commission claw back of 20% if 13M Persistency is lower than 70% | Any surrender pay-out from a discontinued policy after the first-year premium will be recovered from the commission pay-out.,year 2 to 5: 1%; year 6 onwards: 0%
1149,Generali(FGI),ULIP,Dhan Vridhi,,17,-,0.06,0.01,0.01,0.01,0.01,0.0,,Final BG | Renewal | There will be a commission claw back of 10% if 13M Persistency is lower than 80% | There will be a commission claw back of 20% if 13M Persistency is lower than 70% | Any surrender pay-out from a discontinued policy after the first-year premium will be recovered from the commission pay-out.,year 2 to 5: 1%; year 6 onwards: 0%
1150,Generali(FGI),ULIP,Dhan Vridhi,,-,-,,0.0,0.0,0.0,0.0,0.0,,Final BG | Renewal | There will be a commission claw back of 10% if 13M Persistency is lower than 80% | There will be a commission claw back of 20% if 13M Persistency is lower than 70% | Any surrender pay-out from a discontinued policy after the first-year premium will be recovered from the commission pay-out.,year 2 to 5: 0%; year 6 onwards: 0%
1151,Generali(FGI),ULIP,Bima Advantage Plus Plan,,Same as Policy Term,-,0.06,0.01,0.01,0.01,0.01,0.0,,Final BG | Renewal | There will be a commission claw back of 10% if 13M Persistency is lower than 80% | There will be a commission claw back of 20% if 13M Persistency is lower than 70% | Any surrender pay-out from a discontinued policy after the first-year premium will be recovered from the commission pay-out.,year 2 to 5: 1%; year 6 onwards: 0%
1152,Generali(FGI),Term,Care Plus Limited Pay,,5 TO 9,-,0.41,0.025,0.025,0.025,0.025,0.025,,Final BG | Renewal | There will be a commission claw back of 10% if 13M Persistency is lower than 80% | There will be a commission claw back of 20% if 13M Persistency is lower than 70% | Any surrender pay-out from a discontinued policy after the first-year premium will be recovered from the commission pay-out.,year 2 & 3: 2.5%; year 4 onwards: 2.5%
1153,Generali(FGI),Term,Care Plus Limited Pay,,10 TO 15,-,0.41,0.05,0.05,0.025,0.025,0.025,,Final BG | Renewal | There will be a commission claw back of 10% if 13M Persistency is lower than 80% | There will be a commission claw back of 20% if 13M Persistency is lower than 70% | Any surrender pay-out from a discontinued policy after the first-year premium will be recovered from the commission pay-out.,year 2 & 3: 5%; year 4 onwards: 2.5%
1154,Generali(FGI),Term,Care Plus Limited Pay,,15 & ABOVE,-,0.41,0.05,0.05,0.025,0.025,0.025,,Final BG | Renewal | There will be a commission claw back of 10% if 13M Persistency is lower than 80% | There will be a commission claw back of 20% if 13M Persistency is lower than 70% | Any surrender pay-out from a discontinued policy after the first-year premium will be recovered from the commission pay-out.,year 2 & 3: 5%; year 4 onwards: 2.5%
1155,Generali(FGI),Term,Care Plus Regular Pay,,Upto 20,-,0.45,0.025,0.025,0.025,0.025,0.025,,Final BG | Renewal | There will be a commission claw back of 10% if 13M Persistency is lower than 80% | There will be a commission claw back of 20% if 13M Persistency is lower than 70% | Any surrender pay-out from a discontinued policy after the first-year premium will be recovered from the commission pay-out.,year 2 & 3: 2.5%; year 4 onwards: 2.5%
1156,Generali(FGI),Term,Care Plus Regular Pay,,21 TO 40,-,0.45,0.05,0.05,0.025,0.025,0.025,,Final BG | Renewal | There will be a commission claw back of 10% if 13M Persistency is lower than 80% | There will be a commission claw back of 20% if 13M Persistency is lower than 70% | Any surrender pay-out from a discontinued policy after the first-year premium will be recovered from the commission pay-out.,year 2 & 3: 5%; year 4 onwards: 2.5%
1157,Generali(FGI),Term,Care Plus Regular Pay,,40 & ABOVE,-,0.45,0.05,0.05,0.025,0.025,0.025,,Final BG | Renewal | There will be a commission claw back of 10% if 13M Persistency is lower than 80% | There will be a commission claw back of 20% if 13M Persistency is lower than 70% | Any surrender pay-out from a discontinued policy after the first-year premium will be recovered from the commission pay-out.,year 2 & 3: 5%; year 4 onwards: 2.5%
1158,Generali(FGI),TULIP,Sampoorna Samadhaan Plan,,5,-,0.19,0.01,0.01,0.01,0.01,0.0,,Final BG | Renewal | There will be a commission claw back of 10% if 13M Persistency is lower than 80% | There will be a commission claw back of 20% if 13M Persistency is lower than 70% | Any surrender pay-out from a discontinued policy after the first-year premium will be recovered from the commission pay-out.,year 2 onwards: 1%; -: 0%; -: 0%
1159,Generali(FGI),TULIP,Sampoorna Samadhaan Plan,,8,-,0.225,0.01,0.01,0.01,0.01,0.0,,Final BG | Renewal | There will be a commission claw back of 10% if 13M Persistency is lower than 80% | There will be a commission claw back of 20% if 13M Persistency is lower than 70% | Any surrender pay-out from a discontinued policy after the first-year premium will be recovered from the commission pay-out.,year 2 onwards: 1%; -: 0%; -: 0%
1160,Generali(FGI),TULIP,Sampoorna Samadhaan Plan,,10 & ABOVE,-,0.26,0.01,0.01,0.01,0.01,0.0,,Final BG | Renewal | There will be a commission claw back of 10% if 13M Persistency is lower than 80% | There will be a commission claw back of 20% if 13M Persistency is lower than 70% | Any surrender pay-out from a discontinued policy after the first-year premium will be recovered from the commission pay-out.,year 2 onwards: 1%; -: 0%; -: 0%
1161,PNB,,Century Plan,,5 Pay,-,0.29,0.03,0.015,,,,Till end of PPT | comm. yr-1: 9.5% | reward yr-1: 19.5%,Final BG,comm. yr-2: 1.5%; reward yr-2: 1.5%; total yr-2: 3%; comm. yr-3: 1.5%
1162,PNB,,Century Plan,,6 Pay,-,0.295,0.03,0.015,,,,Till end of PPT | comm. yr-1: 11.5% | reward yr-1: 18%,Final BG,comm. yr-2: 1.5%; reward yr-2: 1.5%; total yr-2: 3%; comm. yr-3: 1.5%
1163,PNB,,Century Plan,,7 Pay,-,0.35,0.03,0.015,,,,Till end of PPT | comm. yr-1: 13% | reward yr-1: 22%,Final BG,comm. yr-2: 1.5%; reward yr-2: 1.5%; total yr-2: 3%; comm. yr-3: 1.5%
1164,PNB,,Century Plan,,8 Pay,-,0.35,0.03,0.015,,,,Till end of PPT | comm. yr-1: 15% | reward yr-1: 20%,Final BG,comm. yr-2: 1.5%; reward yr-2: 1.5%; total yr-2: 3%; comm. yr-3: 1.5%
1165,PNB,,Century Plan,,9 Pay,-,0.355,0.03,0.015,,,,Till end of PPT | comm. yr-1: 17% | reward yr-1: 18.5%,Final BG,comm. yr-2: 1.5%; reward yr-2: 1.5%; total yr-2: 3%; comm. yr-3: 1.5%
1166,PNB,,Century Plan,,10 Pay,-,0.375,0.03,0.015,,,,Till end of PPT | comm. yr-1: 19% | reward yr-1: 18.5%,Final BG,comm. yr-2: 1.5%; reward yr-2: 1.5%; total yr-2: 3%; comm. yr-3: 1.5%
1167,PNB,,Century Plan,,12 Pay,-,0.44,0.03,0.015,,,,Till end of PPT | comm. yr-1: 22% | reward yr-1: 22%,Final BG,comm. yr-2: 1.5%; reward yr-2: 1.5%; total yr-2: 3%; comm. yr-3: 1.5%
1168,PNB,,Century Plan,,15 Pay,-,0.22,0.015,0.015,,,,Till end of PPT | comm. yr-1: 22% | reward yr-1: 0%,Final BG,comm. yr-2: 1.5%; reward yr-2: 0%; total yr-2: 1.5%; comm. yr-3: 1.5%
1169,PNB,,Genius Plan,,5 Pay,-,0.135,0.01575,0.00075,,,,Till end of PPT | comm. yr-1: 9.5% | reward yr-1: 4%,Final BG,comm. yr-2: 0.075%; reward yr-2: 1.5%; total yr-2: 1.57%; comm. yr-3: 0.075%
1170,PNB,,Genius Plan,,7 Pay,-,0.16,0.01575,0.00075,,,,Till end of PPT | comm. yr-1: 13% | reward yr-1: 3%,Final BG,comm. yr-2: 0.075%; reward yr-2: 1.5%; total yr-2: 1.57%; comm. yr-3: 0.075%
1171,PNB,,Genius Plan,,10 Pay,-,0.23,0.01575,0.00075,,,,Till end of PPT | comm. yr-1: 19% | reward yr-1: 4%,Final BG,comm. yr-2: 0.075%; reward yr-2: 1.5%; total yr-2: 1.57%; comm. yr-3: 0.075%
1172,PNB,,Grand Assured Income,,5 Pay,-,0.23,0.01575,0.00075,,,,Till end of PPT | comm. yr-1: 5% | reward yr-1: 18%,Final BG,comm. yr-2: 0.075%; reward yr-2: 1.5%; total yr-2: 1.57%; comm. yr-3: 0.075%
1173,PNB,,Grand Assured Income,,7 Pay,-,0.23,0.01575,0.00075,,,,Till end of PPT | comm. yr-1: 5% | reward yr-1: 18%,Final BG,comm. yr-2: 0.075%; reward yr-2: 1.5%; total yr-2: 1.57%; comm. yr-3: 0.075%
1174,PNB,,Grand Assured Income,,10 Pay,-,0.26,0.01575,0.00075,,,,Till end of PPT | comm. yr-1: 5% | reward yr-1: 21%,Final BG,comm. yr-2: 0.075%; reward yr-2: 1.5%; total yr-2: 1.57%; comm. yr-3: 0.075%
1175,PNB,,Guaranteed Future Plan,,5 Pay,-,0.29,0.01575,0.00075,,,,Till Yr-3 | comm. yr-1: 9.5% | reward yr-1: 19.5%,Final BG,comm. yr-2: 0.075%; reward yr-2: 1.5%; total yr-2: 1.57%; comm. yr-3: 0.075%
1176,PNB,,Guaranteed Future Plan,,7 Pay,-,0.35,0.01575,0.00075,,,,Till Yr-5 | comm. yr-1: 13% | reward yr-1: 22%,Final BG,comm. yr-2: 0.075%; reward yr-2: 1.5%; total yr-2: 1.57%; comm. yr-3: 0.075%
1177,PNB,,Guaranteed Future Plan,,8 Pay,-,0.35,0.01575,0.00075,,,,Till end of PPT | comm. yr-1: 15% | reward yr-1: 20%,Final BG,comm. yr-2: 0.075%; reward yr-2: 1.5%; total yr-2: 1.57%; comm. yr-3: 0.075%
1178,PNB,,Guaranteed Future Plan,,9 Pay,-,0.355,0.01575,0.00075,,,,Till end of PPT | comm. yr-1: 17% | reward yr-1: 18.5%,Final BG,comm. yr-2: 0.075%; reward yr-2: 1.5%; total yr-2: 1.57%; comm. yr-3: 0.075%
1179,PNB,,Guaranteed Future Plan,,10 Pay,-,0.385,0.035,0.02,,,,Till end of PPT | comm. yr-1: 19% | reward yr-1: 19.5%,Final BG,comm. yr-2: 2%; reward yr-2: 1.5%; total yr-2: 3.5%; comm. yr-3: 2%
1180,PNB,,Guaranteed Future Plan,,11 Pay,-,0.385,0.035,0.02,,,,Till end of PPT | comm. yr-1: 19% | reward yr-1: 19.5%,Final BG,comm. yr-2: 2%; reward yr-2: 1.5%; total yr-2: 3.5%; comm. yr-3: 2%
1181,PNB,,Guaranteed Future Plan,,12 Pay & Above,-,0.4,0.035,0.02,,,,Till end of PPT | comm. yr-1: 19% | reward yr-1: 21%,Final BG,comm. yr-2: 2%; reward yr-2: 1.5%; total yr-2: 3.5%; comm. yr-3: 2%
1182,PNB,,Guaranteed Goal Plan,,7 Pay,-,0.165,0.025,0.01,,,,Till end of PPT | comm. yr-1: 13% | reward yr-1: 3.5%,Final BG,comm. yr-2: 1%; reward yr-2: 1.5%; total yr-2: 2.5%; comm. yr-3: 1%
1183,PNB,,Guaranteed Goal Plan,,10 Pay,-,0.23,0.025,0.01,,,,Till end of PPT | comm. yr-1: 19% | reward yr-1: 4%,Final BG,comm. yr-2: 1%; reward yr-2: 1.5%; total yr-2: 2.5%; comm. yr-3: 1%
1184,PNB,,Guaranteed Goal Plan,,12 Pay & Above,-,0.22075,0.025,0.01,,,,Till end of PPT | comm. yr-1: 22% | reward yr-1: 0.075%,Final BG,comm. yr-2: 1%; reward yr-2: 1.5%; total yr-2: 2.5%; comm. yr-3: 1%
1185,PNB,,Super Saver Plan,,5 Pay,-,0.165,0.035,0.02,,,,Till end of PPT | comm. yr-1: 9.5% | reward yr-1: 7%,Final BG,comm. yr-2: 2%; reward yr-2: 1.5%; total yr-2: 3.5%; comm. yr-3: 2%
1186,PNB,,Super Saver Plan,,7 Pay,-,0.255,0.035,0.02,,,,Till end of PPT | comm. yr-1: 13% | reward yr-1: 12.5%,Final BG,comm. yr-2: 2%; reward yr-2: 1.5%; total yr-2: 3.5%; comm. yr-3: 2%
1187,PNB,,Super Saver Plan,,10 Pay,-,0.29,0.035,0.02,,,,Till end of PPT | comm. yr-1: 19% | reward yr-1: 10%,Final BG,comm. yr-2: 2%; reward yr-2: 1.5%; total yr-2: 3.5%; comm. yr-3: 2%
1188,PNB,,Super Saver Plan,,12 Pay & Above,-,0.35,0.035,0.02,,,,Till end of PPT | comm. yr-1: 22% | reward yr-1: 13%,Final BG,comm. yr-2: 2%; reward yr-2: 1.5%; total yr-2: 3.5%; comm. yr-3: 2%
1189,PNB,,Long Income For Tomorrow,,5 Pay,-,0.29,0.01575,0.00075,,,,Till end of PPT | comm. yr-1: 9.5% | reward yr-1: 19.5%,Final BG,comm. yr-2: 0.075%; reward yr-2: 1.5%; total yr-2: 1.57%; comm. yr-3: 0.075%
1190,PNB,,Long Income For Tomorrow,,7 Pay,-,0.35,0.01575,0.00075,,,,Till end of PPT | comm. yr-1: 13% | reward yr-1: 22%,Final BG,comm. yr-2: 0.075%; reward yr-2: 1.5%; total yr-2: 1.57%; comm. yr-3: 0.075%
1191,PNB,,Long Income For Tomorrow,,10 Pay,-,0.42,0.01575,0.00075,,,,Till end of PPT | comm. yr-1: 19% | reward yr-1: 23%,Final BG,comm. yr-2: 0.075%; reward yr-2: 1.5%; total yr-2: 1.57%; comm. yr-3: 0.075%
1192,PNB,,TULIP,,-,-,0.2,0.035,0.005,,,,Till end of PPT | comm. yr-1: 7.5% | reward yr-1: 12.5%,Final BG,comm. yr-2: 0.5%; reward yr-2: 3%; total yr-2: 3.5%; comm. yr-3: 0.5%
1193,PNB,,Goal Ensuring Multiplier,,Single Pay,-,0.03,0.0,0.0,,,,Till end of PPT | comm. yr-1: 0.5% | reward yr-1: 2.5%,Final BG,comm. yr-2: 0%; reward yr-2: 0%; total yr-2: 0%; comm. yr-3: 0%
1194,PNB,,Goal Ensuring Multiplier,,Pay/Regular Pay,-,0.125,0.04,0.02,,,,Till end of PPT | comm. yr-1: 3% | reward yr-1: 9.5%,Final BG,comm. yr-2: 2%; reward yr-2: 2%; total yr-2: 4%; comm. yr-3: 2%
1195,PNB,,Goal Ensuring Multiplier,,Pay/Regular Pay,-,0.115,0.03,0.01,,,,Till end of PPT | comm. yr-1: 2% | reward yr-1: 9.5%,Final BG,comm. yr-2: 1%; reward yr-2: 2%; total yr-2: 3%; comm. yr-3: 1%
1196,PNB,,Smart Platinum Plus,,Single Pay,-,0.035,0.0,0.0,,,,Till end of PPT | comm. yr-1: 1% | reward yr-1: 2.5%,Final BG,comm. yr-2: 0%; reward yr-2: 0%; total yr-2: 0%; comm. yr-3: 0%
1197,PNB,,Smart Platinum Plus,,5-9 Pay,-,0.135,0.02075,0.00075,,,,Till end of PPT | comm. yr-1: 4% | reward yr-1: 9.5%,Final BG,comm. yr-2: 0.075%; reward yr-2: 2%; total yr-2: 2.08%; comm. yr-3: 0.075%
1198,PNB,,Smart Platinum Plus,,>=10 Pay,-,0.135,0.03,0.01,,,,Till end of PPT | comm. yr-1: 4% | reward yr-1: 9.5%,Final BG,comm. yr-2: 1%; reward yr-2: 2%; total yr-2: 3%; comm. yr-3: 1%
1199,PNB,,Smart Platinum Plus,,5-9 Pay,-,0.145,0.02075,0.00075,,,,Till end of PPT | comm. yr-1: 5% | reward yr-1: 9.5%,Final BG,comm. yr-2: 0.075%; reward yr-2: 2%; total yr-2: 2.08%; comm. yr-3: 0.075%
1200,PNB,,Smart Platinum Plus,,>=10 Pay,-,0.145,0.02075,0.00075,,,,Till end of PPT | comm. yr-1: 5% | reward yr-1: 9.5%,Final BG,comm. yr-2: 0.075%; reward yr-2: 2%; total yr-2: 2.08%; comm. yr-3: 0.075%
1201,PNB,,Smart Platinum Plus,,5-9 Pay,-,0.155,0.02075,0.00075,,,,Till end of PPT | comm. yr-1: 6% | reward yr-1: 9.5%,Final BG,comm. yr-2: 0.075%; reward yr-2: 2%; total yr-2: 2.08%; comm. yr-3: 0.075%
1202,PNB,,Smart Platinum Plus,,>=10 Pay,-,0.145,0.03,0.01,,,,Till end of PPT | comm. yr-1: 5% | reward yr-1: 9.5%,Final BG,comm. yr-2: 1%; reward yr-2: 2%; total yr-2: 3%; comm. yr-3: 1%
1203,PNB,,Smart Platinum Plus,,5-9 Pay,-,0.17,0.02075,0.00075,,,,Till end of PPT | comm. yr-1: 7.5% | reward yr-1: 9.5%,Final BG,comm. yr-2: 0.075%; reward yr-2: 2%; total yr-2: 2.08%; comm. yr-3: 0.075%
1204,PNB,,Smart Platinum Plus,,>=10 Pay,-,0.155,0.03,0.01,,,,Till end of PPT | comm. yr-1: 6% | reward yr-1: 9.5%,Final BG,comm. yr-2: 1%; reward yr-2: 2%; total yr-2: 3%; comm. yr-3: 1%
1205,PNB,,PNB MetLife Genius Plan,,5,-,0.095,0.008,0.008,,,,comm. yr-1: 9.5% | reward yr-1: 0%,Final BG,comm. yr-2: 0.8%; reward yr-2: 0%; total yr-2: 0.8%; comm. yr-3: 0.8%
1206,PNB,,PNB MetLife Genius Plan,,7,-,0.13,0.008,0.008,,,,Till end of PPT | comm. yr-1: 13% | reward yr-1: 0%,Final BG,comm. yr-2: 0.8%; reward yr-2: 0%; total yr-2: 0.8%; comm. yr-3: 0.8%
1207,PNB,,PNB MetLife Genius Plan,,10,-,0.19,0.008,0.008,,,,Till end of PPT | comm. yr-1: 19% | reward yr-1: 0%,Final BG,comm. yr-2: 0.8%; reward yr-2: 0%; total yr-2: 0.8%; comm. yr-3: 0.8%
1208,PNB,,PNB MetLife Retirement Savings Plan,,Single Pay,-,0.01,0.0,0.0,,,,comm. yr-1: 1% | reward yr-1: 0%,Final BG,comm. yr-2: 0%; reward yr-2: 0%; total yr-2: 0%; comm. yr-3: 0%
1209,PNB,,PNB MetLife Retirement Savings Plan,,Other PPTs,-,0.05,0.008,0.008,,,,Till end of PPT | comm. yr-1: 5% | reward yr-1: 0%,Final BG,comm. yr-2: 0.8%; reward yr-2: 0%; total yr-2: 0.8%; comm. yr-3: 0.8%
1210,PNB,,PNB MetLife Saral Pension Plan,,PT-1,-,0.01,0.0,0.0,,,,comm. yr-1: 1% | reward yr-1: 0%,Final BG,comm. yr-2: 0%; reward yr-2: 0%; total yr-2: 0%; comm. yr-3: 0%
1211,PNB,,PNB MetLife Immediate Annuity Plan,,PT-1,-,0.01,0.0,0.0,,,,comm. yr-1: 1% | reward yr-1: 0%,Final BG,comm. yr-2: 0%; reward yr-2: 0%; total yr-2: 0%; comm. yr-3: 0%
1212,PNB,,PNB MetLife Grand Assured Income Plan,,Single Pay,-,0.01,0.0,0.0,,,,comm. yr-1: 1% | reward yr-1: 0%,Final BG,comm. yr-2: 0%; reward yr-2: 0%; total yr-2: 0%; comm. yr-3: 0%
1213,PNB,,PNB MetLife Grand Assured Income Plan,,Other PPTs,-,0.05,0.008,0.008,,,,Till end of PPT | comm. yr-1: 5% | reward yr-1: 0%,Final BG,comm. yr-2: 0.8%; reward yr-2: 0%; total yr-2: 0.8%; comm. yr-3: 0.8%
1214,PNB,,PNB MetLife - POS Suraksha,,5,-,0.095,0.02,0.02,,,,Till end of PPT | comm. yr-1: 9.5% | reward yr-1: 0%,Final BG,comm. yr-2: 2%; reward yr-2: 0%; total yr-2: 2%; comm. yr-3: 2%
1215,PNB,,PNB MetLife - POS Suraksha,,10,-,0.19,0.02,0.02,,,,Till end of PPT | comm. yr-1: 19% | reward yr-1: 0%,Final BG,comm. yr-2: 2%; reward yr-2: 0%; total yr-2: 2%; comm. yr-3: 2%
1216,PNB,,PNB MetLife - POS Suraksha,,15,-,0.22,0.02,0.02,,,,Till end of PPT | comm. yr-1: 22% | reward yr-1: 0%,Final BG,comm. yr-2: 2%; reward yr-2: 0%; total yr-2: 2%; comm. yr-3: 2%
1217,PNB,,PNB MetLife Aajeevan Suraksha Plan (W/O ROP),,Single Pay,-,0.05,0.0,0.0,,,,comm. yr-1: 5% | reward yr-1: 0%,Final BG,comm. yr-2: 0%; reward yr-2: 0%; total yr-2: 0%; comm. yr-3: 0%
1218,PNB,,PNB MetLife Aajeevan Suraksha Plan (W/O ROP),,5 to 40,-,0.255,0.03,0.03,,,,Till end of PPT | comm. yr-1: 25.5% | reward yr-1: 0%,Final BG,comm. yr-2: 3%; reward yr-2: 0%; total yr-2: 3%; comm. yr-3: 3%
1219,PNB,,PNB MetLife Aajeevan Suraksha Plan (With ROP),,1,-,0.01,0.0,0.0,,,,comm. yr-1: 1% | reward yr-1: 0%,Final BG,comm. yr-2: 0%; reward yr-2: 0%; total yr-2: 0%; comm. yr-3: 0%
1220,PNB,,PNB MetLife Aajeevan Suraksha Plan (With ROP),,5,-,0.095,0.03,0.03,,,,4.24% in Subsequent Year | comm. yr-1: 9.5% | reward yr-1: 0%,Final BG,comm. yr-2: 3%; reward yr-2: 0%; total yr-2: 3%; comm. yr-3: 3%
1221,PNB,,PNB MetLife Aajeevan Suraksha Plan (With ROP),,6,-,0.115,0.03,0.03,,,,4.24% in Subsequent Year | comm. yr-1: 11.5% | reward yr-1: 0%,Final BG,comm. yr-2: 3%; reward yr-2: 0%; total yr-2: 3%; comm. yr-3: 3%
1222,PNB,,PNB MetLife Aajeevan Suraksha Plan (With ROP),,7,-,0.13,0.03,0.03,,,,4.24% in Subsequent Year | comm. yr-1: 13% | reward yr-1: 0%,Final BG,comm. yr-2: 3%; reward yr-2: 0%; total yr-2: 3%; comm. yr-3: 3%
1223,PNB,,PNB MetLife Aajeevan Suraksha Plan (With ROP),,8,-,0.15,0.03,0.03,,,,4.24% in Subsequent Year | comm. yr-1: 15% | reward yr-1: 0%,Final BG,comm. yr-2: 3%; reward yr-2: 0%; total yr-2: 3%; comm. yr-3: 3%
1224,PNB,,PNB MetLife Aajeevan Suraksha Plan (With ROP),,9,-,0.17,0.03,0.03,,,,4.24% in Subsequent Year | comm. yr-1: 17% | reward yr-1: 0%,Final BG,comm. yr-2: 3%; reward yr-2: 0%; total yr-2: 3%; comm. yr-3: 3%
1225,PNB,,PNB MetLife Aajeevan Suraksha Plan (With ROP),,10,-,0.19,0.03,0.03,,,,4.24% in Subsequent Year | comm. yr-1: 19% | reward yr-1: 0%,Final BG,comm. yr-2: 3%; reward yr-2: 0%; total yr-2: 3%; comm. yr-3: 3%
1226,PNB,,PNB MetLife Aajeevan Suraksha Plan (With ROP),,11,-,0.21,0.03,0.03,,,,4.24% in Subsequent Year | comm. yr-1: 21% | reward yr-1: 0%,Final BG,comm. yr-2: 3%; reward yr-2: 0%; total yr-2: 3%; comm. yr-3: 3%
1227,PNB,,PNB MetLife Aajeevan Suraksha Plan (With ROP),,12 to 30,-,0.22,0.03,0.03,,,,4.24% in Subsequent Year | comm. yr-1: 22% | reward yr-1: 0%,Final BG,comm. yr-2: 3%; reward yr-2: 0%; total yr-2: 3%; comm. yr-3: 3%
1228,PNB,,PNB MetLife GROW,,7,-,0.13,0.02,0.02,,,,4.24% in Subsequent Year | comm. yr-1: 13% | reward yr-1: 0%,Final BG,comm. yr-2: 2%; reward yr-2: 0%; total yr-2: 2%; comm. yr-3: 2%
1229,PNB,,PNB MetLife GROW,,8,-,0.15,0.02,0.02,,,,4.24% in Subsequent Year | comm. yr-1: 15% | reward yr-1: 0%,Final BG,comm. yr-2: 2%; reward yr-2: 0%; total yr-2: 2%; comm. yr-3: 2%
1230,PNB,,PNB MetLife GROW,,9,-,0.17,0.02,0.02,,,,4.24% in Subsequent Year | comm. yr-1: 17% | reward yr-1: 0%,Final BG,comm. yr-2: 2%; reward yr-2: 0%; total yr-2: 2%; comm. yr-3: 2%
1231,PNB,,PNB MetLife GROW,,10,-,0.19,0.02,0.02,,,,4.24% in Subsequent Year | comm. yr-1: 19% | reward yr-1: 0%,Final BG,comm. yr-2: 2%; reward yr-2: 0%; total yr-2: 2%; comm. yr-3: 2%
1232,PNB,,PNB MetLife GROW,,11,-,0.21,0.02,0.02,,,,4.24% in Subsequent Year | comm. yr-1: 21% | reward yr-1: 0%,Final BG,comm. yr-2: 2%; reward yr-2: 0%; total yr-2: 2%; comm. yr-3: 2%
1233,PNB,,PNB MetLife GROW,,12,-,0.22,0.02,0.02,,,,4.24% in Subsequent Year | comm. yr-1: 22% | reward yr-1: 0%,Final BG,comm. yr-2: 2%; reward yr-2: 0%; total yr-2: 2%; comm. yr-3: 2%
1234,PNB,,PNB MetLife GROW,,13,-,0.22,0.02,0.02,,,,4.24% in Subsequent Year | comm. yr-1: 22% | reward yr-1: 0%,Final BG,comm. yr-2: 2%; reward yr-2: 0%; total yr-2: 2%; comm. yr-3: 2%
1235,PNB,,PNB MetLife GROW,,14,-,0.22,0.02,0.02,,,,4.24% in Subsequent Year | comm. yr-1: 22% | reward yr-1: 0%,Final BG,comm. yr-2: 2%; reward yr-2: 0%; total yr-2: 2%; comm. yr-3: 2%
1236,PNB,,PNB MetLife GROW,,15,-,0.22,0.02,0.02,,,,4.24% in Subsequent Year | comm. yr-1: 22% | reward yr-1: 0%,Final BG,comm. yr-2: 2%; reward yr-2: 0%; total yr-2: 2%; comm. yr-3: 2%
1237,SUD,,Century Royale,,10,25,0.525,0.008,0.008,0.008,0.008,0.004,,"Final BG | 13th Month Persistency Should be 75% | EPI for FY 26-27 0.75 | Commission Payout | 13M Persistency (Premium Adjusted / Premium Due) will be calculated on 90 days rolling basis, inclusive of surrenders effected after renewal due date. Commission clawback will be levied as under: | a. >=75%: No Clawback | b. <75%: If the 13M persistency falls short of the target persistency, 1.5% of the first-year premium shall be clawed back for each 1% of shortfall. | For example, if actual 13M persistency is 65% and target persistency is 75%, 15% of first-year premium shall be clawed back. | Any renewal case pending for adjustment on the last day of 90 days rolling, due to any technical / operational / processing glitch at SUD Life end, but collected by the partner within the same period with due evidence needs to be considered for the purpose of 13M calculation | Any renewal commission clawback from previous month/s will be reversed in any subsequent month on achievement of stipulated 13M persistency (please refer illustration* for reference): | The terms and conditions stated above are subject to revision at any time basis emerging persistency experience / market condition / any new regulatory amendment",2nd yr: 0.8%; 3rd yr: 0.8%; 4th yr: 0.8%; 5th yr: 0.8%; 6th yr onwards: 0.4%
1238,SUD,,Century Royale,,10,30,0.54,0.008,0.008,0.008,0.008,0.004,,"Final BG | 13th Month Persistency Should be 75% | EPI for FY 26-27 0.75 | Commission Payout | 13M Persistency (Premium Adjusted / Premium Due) will be calculated on 90 days rolling basis, inclusive of surrenders effected after renewal due date. Commission clawback will be levied as under: | a. >=75%: No Clawback | b. <75%: If the 13M persistency falls short of the target persistency, 1.5% of the first-year premium shall be clawed back for each 1% of shortfall. | For example, if actual 13M persistency is 65% and target persistency is 75%, 15% of first-year premium shall be clawed back. | Any renewal case pending for adjustment on the last day of 90 days rolling, due to any technical / operational / processing glitch at SUD Life end, but collected by the partner within the same period with due evidence needs to be considered for the purpose of 13M calculation | Any renewal commission clawback from previous month/s will be reversed in any subsequent month on achievement of stipulated 13M persistency (please refer illustration* for reference): | The terms and conditions stated above are subject to revision at any time basis emerging persistency experience / market condition / any new regulatory amendment",2nd yr: 0.8%; 3rd yr: 0.8%; 4th yr: 0.8%; 5th yr: 0.8%; 6th yr onwards: 0.4%
1239,SUD,,Century Royale,,12,30,0.6,0.008,0.008,0.008,0.008,0.004,,"Final BG | 13th Month Persistency Should be 75% | EPI for FY 26-27 0.75 | Commission Payout | 13M Persistency (Premium Adjusted / Premium Due) will be calculated on 90 days rolling basis, inclusive of surrenders effected after renewal due date. Commission clawback will be levied as under: | a. >=75%: No Clawback | b. <75%: If the 13M persistency falls short of the target persistency, 1.5% of the first-year premium shall be clawed back for each 1% of shortfall. | For example, if actual 13M persistency is 65% and target persistency is 75%, 15% of first-year premium shall be clawed back. | Any renewal case pending for adjustment on the last day of 90 days rolling, due to any technical / operational / processing glitch at SUD Life end, but collected by the partner within the same period with due evidence needs to be considered for the purpose of 13M calculation | Any renewal commission clawback from previous month/s will be reversed in any subsequent month on achievement of stipulated 13M persistency (please refer illustration* for reference): | The terms and conditions stated above are subject to revision at any time basis emerging persistency experience / market condition / any new regulatory amendment",2nd yr: 0.8%; 3rd yr: 0.8%; 4th yr: 0.8%; 5th yr: 0.8%; 6th yr onwards: 0.4%
1240,SUD,,Century Gold,,8,18,0.525,0.008,0.008,0.008,0.008,0.004,,"Final BG | 13th Month Persistency Should be 75% | EPI for FY 26-27 0.75 | Commission Payout | 13M Persistency (Premium Adjusted / Premium Due) will be calculated on 90 days rolling basis, inclusive of surrenders effected after renewal due date. Commission clawback will be levied as under: | a. >=75%: No Clawback | b. <75%: If the 13M persistency falls short of the target persistency, 1.5% of the first-year premium shall be clawed back for each 1% of shortfall. | For example, if actual 13M persistency is 65% and target persistency is 75%, 15% of first-year premium shall be clawed back. | Any renewal case pending for adjustment on the last day of 90 days rolling, due to any technical / operational / processing glitch at SUD Life end, but collected by the partner within the same period with due evidence needs to be considered for the purpose of 13M calculation | Any renewal commission clawback from previous month/s will be reversed in any subsequent month on achievement of stipulated 13M persistency (please refer illustration* for reference): | The terms and conditions stated above are subject to revision at any time basis emerging persistency experience / market condition / any new regulatory amendment",2nd yr: 0.8%; 3rd yr: 0.8%; 4th yr: 0.8%; 5th yr: 0.8%; 6th yr onwards: 0.4%
1241,SUD,,Century Gold,,8,20,0.525,0.008,0.008,0.008,0.008,0.004,,"Final BG | 13th Month Persistency Should be 75% | EPI for FY 26-27 0.75 | Commission Payout | 13M Persistency (Premium Adjusted / Premium Due) will be calculated on 90 days rolling basis, inclusive of surrenders effected after renewal due date. Commission clawback will be levied as under: | a. >=75%: No Clawback | b. <75%: If the 13M persistency falls short of the target persistency, 1.5% of the first-year premium shall be clawed back for each 1% of shortfall. | For example, if actual 13M persistency is 65% and target persistency is 75%, 15% of first-year premium shall be clawed back. | Any renewal case pending for adjustment on the last day of 90 days rolling, due to any technical / operational / processing glitch at SUD Life end, but collected by the partner within the same period with due evidence needs to be considered for the purpose of 13M calculation | Any renewal commission clawback from previous month/s will be reversed in any subsequent month on achievement of stipulated 13M persistency (please refer illustration* for reference): | The terms and conditions stated above are subject to revision at any time basis emerging persistency experience / market condition / any new regulatory amendment",2nd yr: 0.8%; 3rd yr: 0.8%; 4th yr: 0.8%; 5th yr: 0.8%; 6th yr onwards: 0.4%
1242,SUD,,Century Gold,,10,18,0.56,0.008,0.008,0.008,0.008,0.004,,"Final BG | 13th Month Persistency Should be 75% | EPI for FY 26-27 0.75 | Commission Payout | 13M Persistency (Premium Adjusted / Premium Due) will be calculated on 90 days rolling basis, inclusive of surrenders effected after renewal due date. Commission clawback will be levied as under: | a. >=75%: No Clawback | b. <75%: If the 13M persistency falls short of the target persistency, 1.5% of the first-year premium shall be clawed back for each 1% of shortfall. | For example, if actual 13M persistency is 65% and target persistency is 75%, 15% of first-year premium shall be clawed back. | Any renewal case pending for adjustment on the last day of 90 days rolling, due to any technical / operational / processing glitch at SUD Life end, but collected by the partner within the same period with due evidence needs to be considered for the purpose of 13M calculation | Any renewal commission clawback from previous month/s will be reversed in any subsequent month on achievement of stipulated 13M persistency (please refer illustration* for reference): | The terms and conditions stated above are subject to revision at any time basis emerging persistency experience / market condition / any new regulatory amendment",2nd yr: 0.8%; 3rd yr: 0.8%; 4th yr: 0.8%; 5th yr: 0.8%; 6th yr onwards: 0.4%
1243,SUD,,Century Gold,,10,20,0.585,0.008,0.008,0.008,0.008,0.004,,"Final BG | 13th Month Persistency Should be 75% | EPI for FY 26-27 0.75 | Commission Payout | 13M Persistency (Premium Adjusted / Premium Due) will be calculated on 90 days rolling basis, inclusive of surrenders effected after renewal due date. Commission clawback will be levied as under: | a. >=75%: No Clawback | b. <75%: If the 13M persistency falls short of the target persistency, 1.5% of the first-year premium shall be clawed back for each 1% of shortfall. | For example, if actual 13M persistency is 65% and target persistency is 75%, 15% of first-year premium shall be clawed back. | Any renewal case pending for adjustment on the last day of 90 days rolling, due to any technical / operational / processing glitch at SUD Life end, but collected by the partner within the same period with due evidence needs to be considered for the purpose of 13M calculation | Any renewal commission clawback from previous month/s will be reversed in any subsequent month on achievement of stipulated 13M persistency (please refer illustration* for reference): | The terms and conditions stated above are subject to revision at any time basis emerging persistency experience / market condition / any new regulatory amendment",2nd yr: 0.8%; 3rd yr: 0.8%; 4th yr: 0.8%; 5th yr: 0.8%; 6th yr onwards: 0.4%
1244,SUD,,Century Income,,10,20,0.34,0.008,0.008,0.008,0.008,0.004,,"Final BG | 13th Month Persistency Should be 75% | EPI for FY 26-27 0.75 | Commission Payout | 13M Persistency (Premium Adjusted / Premium Due) will be calculated on 90 days rolling basis, inclusive of surrenders effected after renewal due date. Commission clawback will be levied as under: | a. >=75%: No Clawback | b. <75%: If the 13M persistency falls short of the target persistency, 1.5% of the first-year premium shall be clawed back for each 1% of shortfall. | For example, if actual 13M persistency is 65% and target persistency is 75%, 15% of first-year premium shall be clawed back. | Any renewal case pending for adjustment on the last day of 90 days rolling, due to any technical / operational / processing glitch at SUD Life end, but collected by the partner within the same period with due evidence needs to be considered for the purpose of 13M calculation | Any renewal commission clawback from previous month/s will be reversed in any subsequent month on achievement of stipulated 13M persistency (please refer illustration* for reference): | The terms and conditions stated above are subject to revision at any time basis emerging persistency experience / market condition / any new regulatory amendment",2nd yr: 0.8%; 3rd yr: 0.8%; 4th yr: 0.8%; 5th yr: 0.8%; 6th yr onwards: 0.4%
1245,SUD,,Century Income,,12,25,0.525,0.008,0.008,0.008,0.008,0.004,,"Final BG | 13th Month Persistency Should be 75% | EPI for FY 26-27 0.75 | Commission Payout | 13M Persistency (Premium Adjusted / Premium Due) will be calculated on 90 days rolling basis, inclusive of surrenders effected after renewal due date. Commission clawback will be levied as under: | a. >=75%: No Clawback | b. <75%: If the 13M persistency falls short of the target persistency, 1.5% of the first-year premium shall be clawed back for each 1% of shortfall. | For example, if actual 13M persistency is 65% and target persistency is 75%, 15% of first-year premium shall be clawed back. | Any renewal case pending for adjustment on the last day of 90 days rolling, due to any technical / operational / processing glitch at SUD Life end, but collected by the partner within the same period with due evidence needs to be considered for the purpose of 13M calculation | Any renewal commission clawback from previous month/s will be reversed in any subsequent month on achievement of stipulated 13M persistency (please refer illustration* for reference): | The terms and conditions stated above are subject to revision at any time basis emerging persistency experience / market condition / any new regulatory amendment",2nd yr: 0.8%; 3rd yr: 0.8%; 4th yr: 0.8%; 5th yr: 0.8%; 6th yr onwards: 0.4%
1246,SUD,,"Smart Income (For Plan Options 1,2,8,9 only)",,7,30,0.41,0.008,0.008,0.008,0.008,0.004,,"Final BG | 13th Month Persistency Should be 75% | EPI for FY 26-27 0.75 | Commission Payout | 13M Persistency (Premium Adjusted / Premium Due) will be calculated on 90 days rolling basis, inclusive of surrenders effected after renewal due date. Commission clawback will be levied as under: | a. >=75%: No Clawback | b. <75%: If the 13M persistency falls short of the target persistency, 1.5% of the first-year premium shall be clawed back for each 1% of shortfall. | For example, if actual 13M persistency is 65% and target persistency is 75%, 15% of first-year premium shall be clawed back. | Any renewal case pending for adjustment on the last day of 90 days rolling, due to any technical / operational / processing glitch at SUD Life end, but collected by the partner within the same period with due evidence needs to be considered for the purpose of 13M calculation | Any renewal commission clawback from previous month/s will be reversed in any subsequent month on achievement of stipulated 13M persistency (please refer illustration* for reference): | The terms and conditions stated above are subject to revision at any time basis emerging persistency experience / market condition / any new regulatory amendment",2nd yr: 0.8%; 3rd yr: 0.8%; 4th yr: 0.8%; 5th yr: 0.8%; 6th yr onwards: 0.4%
1247,SUD,,"Smart Income (For Plan Options 1,2,8,9 only)",,7,35,0.41,0.008,0.008,0.008,0.008,0.004,,"Final BG | 13th Month Persistency Should be 75% | EPI for FY 26-27 0.75 | Commission Payout | 13M Persistency (Premium Adjusted / Premium Due) will be calculated on 90 days rolling basis, inclusive of surrenders effected after renewal due date. Commission clawback will be levied as under: | a. >=75%: No Clawback | b. <75%: If the 13M persistency falls short of the target persistency, 1.5% of the first-year premium shall be clawed back for each 1% of shortfall. | For example, if actual 13M persistency is 65% and target persistency is 75%, 15% of first-year premium shall be clawed back. | Any renewal case pending for adjustment on the last day of 90 days rolling, due to any technical / operational / processing glitch at SUD Life end, but collected by the partner within the same period with due evidence needs to be considered for the purpose of 13M calculation | Any renewal commission clawback from previous month/s will be reversed in any subsequent month on achievement of stipulated 13M persistency (please refer illustration* for reference): | The terms and conditions stated above are subject to revision at any time basis emerging persistency experience / market condition / any new regulatory amendment",2nd yr: 0.8%; 3rd yr: 0.8%; 4th yr: 0.8%; 5th yr: 0.8%; 6th yr onwards: 0.4%
1248,SUD,,"Smart Income (For Plan Options 1,2,8,9 only)",,10,40,0.41,0.008,0.008,0.008,0.008,0.004,,"Final BG | 13th Month Persistency Should be 75% | EPI for FY 26-27 0.75 | Commission Payout | 13M Persistency (Premium Adjusted / Premium Due) will be calculated on 90 days rolling basis, inclusive of surrenders effected after renewal due date. Commission clawback will be levied as under: | a. >=75%: No Clawback | b. <75%: If the 13M persistency falls short of the target persistency, 1.5% of the first-year premium shall be clawed back for each 1% of shortfall. | For example, if actual 13M persistency is 65% and target persistency is 75%, 15% of first-year premium shall be clawed back. | Any renewal case pending for adjustment on the last day of 90 days rolling, due to any technical / operational / processing glitch at SUD Life end, but collected by the partner within the same period with due evidence needs to be considered for the purpose of 13M calculation | Any renewal commission clawback from previous month/s will be reversed in any subsequent month on achievement of stipulated 13M persistency (please refer illustration* for reference): | The terms and conditions stated above are subject to revision at any time basis emerging persistency experience / market condition / any new regulatory amendment",2nd yr: 0.8%; 3rd yr: 0.8%; 4th yr: 0.8%; 5th yr: 0.8%; 6th yr onwards: 0.4%
1249,SUD,,"Smart Income (For Plan Options 1,2,8,9 only)",,12,30,0.45,0.008,0.008,0.008,0.008,0.004,,"Final BG | 13th Month Persistency Should be 75% | EPI for FY 26-27 0.75 | Commission Payout | 13M Persistency (Premium Adjusted / Premium Due) will be calculated on 90 days rolling basis, inclusive of surrenders effected after renewal due date. Commission clawback will be levied as under: | a. >=75%: No Clawback | b. <75%: If the 13M persistency falls short of the target persistency, 1.5% of the first-year premium shall be clawed back for each 1% of shortfall. | For example, if actual 13M persistency is 65% and target persistency is 75%, 15% of first-year premium shall be clawed back. | Any renewal case pending for adjustment on the last day of 90 days rolling, due to any technical / operational / processing glitch at SUD Life end, but collected by the partner within the same period with due evidence needs to be considered for the purpose of 13M calculation | Any renewal commission clawback from previous month/s will be reversed in any subsequent month on achievement of stipulated 13M persistency (please refer illustration* for reference): | The terms and conditions stated above are subject to revision at any time basis emerging persistency experience / market condition / any new regulatory amendment",2nd yr: 0.8%; 3rd yr: 0.8%; 4th yr: 0.8%; 5th yr: 0.8%; 6th yr onwards: 0.4%
1250,SUD,,"Smart Income (For Plan Options 1,2,8,9 only)",,12,40,0.49,0.008,0.008,0.008,0.008,0.004,,"Final BG | 13th Month Persistency Should be 75% | EPI for FY 26-27 0.75 | Commission Payout | 13M Persistency (Premium Adjusted / Premium Due) will be calculated on 90 days rolling basis, inclusive of surrenders effected after renewal due date. Commission clawback will be levied as under: | a. >=75%: No Clawback | b. <75%: If the 13M persistency falls short of the target persistency, 1.5% of the first-year premium shall be clawed back for each 1% of shortfall. | For example, if actual 13M persistency is 65% and target persistency is 75%, 15% of first-year premium shall be clawed back. | Any renewal case pending for adjustment on the last day of 90 days rolling, due to any technical / operational / processing glitch at SUD Life end, but collected by the partner within the same period with due evidence needs to be considered for the purpose of 13M calculation | Any renewal commission clawback from previous month/s will be reversed in any subsequent month on achievement of stipulated 13M persistency (please refer illustration* for reference): | The terms and conditions stated above are subject to revision at any time basis emerging persistency experience / market condition / any new regulatory amendment",2nd yr: 0.8%; 3rd yr: 0.8%; 4th yr: 0.8%; 5th yr: 0.8%; 6th yr onwards: 0.4%
1251,SUD,,Star TULIP,,Regular Pay,25 - 40,0.06,0.008,0.008,0.008,0.008,0.004,,"Final BG | 13th Month Persistency Should be 75% | EPI for FY 26-27 0.75 | Commission Payout | 13M Persistency (Premium Adjusted / Premium Due) will be calculated on 90 days rolling basis, inclusive of surrenders effected after renewal due date. Commission clawback will be levied as under: | a. >=75%: No Clawback | b. <75%: If the 13M persistency falls short of the target persistency, 1.5% of the first-year premium shall be clawed back for each 1% of shortfall. | For example, if actual 13M persistency is 65% and target persistency is 75%, 15% of first-year premium shall be clawed back. | Any renewal case pending for adjustment on the last day of 90 days rolling, due to any technical / operational / processing glitch at SUD Life end, but collected by the partner within the same period with due evidence needs to be considered for the purpose of 13M calculation | Any renewal commission clawback from previous month/s will be reversed in any subsequent month on achievement of stipulated 13M persistency (please refer illustration* for reference): | The terms and conditions stated above are subject to revision at any time basis emerging persistency experience / market condition / any new regulatory amendment",2nd yr: 0.8%; 3rd yr: 0.8%; 4th yr: 0.8%; 5th yr: 0.8%; 6th yr onwards: 0.4%
1252,SUD,,Star TULIP,,Limited Pay,25 - 40,0.06,0.008,0.008,0.008,0.008,0.004,,"Final BG | 13th Month Persistency Should be 75% | EPI for FY 26-27 0.75 | Commission Payout | 13M Persistency (Premium Adjusted / Premium Due) will be calculated on 90 days rolling basis, inclusive of surrenders effected after renewal due date. Commission clawback will be levied as under: | a. >=75%: No Clawback | b. <75%: If the 13M persistency falls short of the target persistency, 1.5% of the first-year premium shall be clawed back for each 1% of shortfall. | For example, if actual 13M persistency is 65% and target persistency is 75%, 15% of first-year premium shall be clawed back. | Any renewal case pending for adjustment on the last day of 90 days rolling, due to any technical / operational / processing glitch at SUD Life end, but collected by the partner within the same period with due evidence needs to be considered for the purpose of 13M calculation | Any renewal commission clawback from previous month/s will be reversed in any subsequent month on achievement of stipulated 13M persistency (please refer illustration* for reference): | The terms and conditions stated above are subject to revision at any time basis emerging persistency experience / market condition / any new regulatory amendment",2nd yr: 0.8%; 3rd yr: 0.8%; 4th yr: 0.8%; 5th yr: 0.8%; 6th yr onwards: 0.4%
1253,Pramerica,Non-Par,Rakshak Smart,,5,-,0.24,0.008,,,,,,Product-wise Rewards & Commission (TRAD) | Total Y2 & Onwards | Y2 & Onwards | Single Pay ULIP Product wise Commission & Rewards | The above ULIP commercials are basis the following: | 1. ATS 2 Lacs & 13th Month Persistency 85% | Base SA <= 20X Base SA < =20X with 2X Rider Base SA >20x to <40X Base SA >20x to <40X with 2X Rider | 10 25 0.35 0.38 0.32 0.35 | 12 25 0.38 0.41 0.35 0.38 | 10 30 0.445 0.475 0.41 0.445 | 12 30 0.475 0.51 0.445 0.475 | 10 35 0.475 0.51 0.445 0.475 | 12 35 0.51 0.51 0.475 0.475 | 10 40 0.51 0.51 0.475 0.51 | 12 40 0.51 0.51 0.51 0.51 | · Persistency based claw back will be applicable for <85% on 13th month; for which 100% of total payout will be clawed back from Arham Insurance Brokers Private Limited,renewal commission: 0.8%
1254,Pramerica,Non-Par,Rakshak Smart,,7,-,0.32,0.008,,,,,,Product-wise Rewards & Commission (TRAD) | Total Y2 & Onwards | Y2 & Onwards | Single Pay ULIP Product wise Commission & Rewards | The above ULIP commercials are basis the following: | 1. ATS 2 Lacs & 13th Month Persistency 85% | Base SA <= 20X Base SA < =20X with 2X Rider Base SA >20x to <40X Base SA >20x to <40X with 2X Rider | 10 25 0.35 0.38 0.32 0.35 | 12 25 0.38 0.41 0.35 0.38 | 10 30 0.445 0.475 0.41 0.445 | 12 30 0.475 0.51 0.445 0.475 | 10 35 0.475 0.51 0.445 0.475 | 12 35 0.51 0.51 0.475 0.475 | 10 40 0.51 0.51 0.475 0.51 | 12 40 0.51 0.51 0.51 0.51 | · Persistency based claw back will be applicable for <85% on 13th month; for which 100% of total payout will be clawed back from Arham Insurance Brokers Private Limited,renewal commission: 0.8%
1255,Pramerica,Non-Par,Rakshak Smart,,10,-,0.54,0.008,,,,,,Product-wise Rewards & Commission (TRAD) | Total Y2 & Onwards | Y2 & Onwards | Single Pay ULIP Product wise Commission & Rewards | The above ULIP commercials are basis the following: | 1. ATS 2 Lacs & 13th Month Persistency 85% | Base SA <= 20X Base SA < =20X with 2X Rider Base SA >20x to <40X Base SA >20x to <40X with 2X Rider | 10 25 0.35 0.38 0.32 0.35 | 12 25 0.38 0.41 0.35 0.38 | 10 30 0.445 0.475 0.41 0.445 | 12 30 0.475 0.51 0.445 0.475 | 10 35 0.475 0.51 0.445 0.475 | 12 35 0.51 0.51 0.475 0.475 | 10 40 0.51 0.51 0.475 0.51 | 12 40 0.51 0.51 0.51 0.51 | · Persistency based claw back will be applicable for <85% on 13th month; for which 100% of total payout will be clawed back from Arham Insurance Brokers Private Limited,renewal commission: 0.8%
1256,Pramerica,Non-Par,Rakshak Smart,,12,-,0.6,0.008,,,,,,Product-wise Rewards & Commission (TRAD) | Total Y2 & Onwards | Y2 & Onwards | Single Pay ULIP Product wise Commission & Rewards | The above ULIP commercials are basis the following: | 1. ATS 2 Lacs & 13th Month Persistency 85% | Base SA <= 20X Base SA < =20X with 2X Rider Base SA >20x to <40X Base SA >20x to <40X with 2X Rider | 10 25 0.35 0.38 0.32 0.35 | 12 25 0.38 0.41 0.35 0.38 | 10 30 0.445 0.475 0.41 0.445 | 12 30 0.475 0.51 0.445 0.475 | 10 35 0.475 0.51 0.445 0.475 | 12 35 0.51 0.51 0.475 0.475 | 10 40 0.51 0.51 0.475 0.51 | 12 40 0.51 0.51 0.51 0.51 | · Persistency based claw back will be applicable for <85% on 13th month; for which 100% of total payout will be clawed back from Arham Insurance Brokers Private Limited,renewal commission: 0.8%
1257,Pramerica,Non-Par,GRoW,,5,-,0.16,0.008,,,,,,Product-wise Rewards & Commission (TRAD) | Total Y2 & Onwards | Y2 & Onwards | Single Pay ULIP Product wise Commission & Rewards | The above ULIP commercials are basis the following: | 1. ATS 2 Lacs & 13th Month Persistency 85% | Base SA <= 20X Base SA < =20X with 2X Rider Base SA >20x to <40X Base SA >20x to <40X with 2X Rider | 10 25 0.35 0.38 0.32 0.35 | 12 25 0.38 0.41 0.35 0.38 | 10 30 0.445 0.475 0.41 0.445 | 12 30 0.475 0.51 0.445 0.475 | 10 35 0.475 0.51 0.445 0.475 | 12 35 0.51 0.51 0.475 0.475 | 10 40 0.51 0.51 0.475 0.51 | 12 40 0.51 0.51 0.51 0.51 | · Persistency based claw back will be applicable for <85% on 13th month; for which 100% of total payout will be clawed back from Arham Insurance Brokers Private Limited,renewal commission: 0.8%
1258,Pramerica,Non-Par,GRoW,,8,-,0.255,0.008,,,,,,Product-wise Rewards & Commission (TRAD) | Total Y2 & Onwards | Y2 & Onwards | Single Pay ULIP Product wise Commission & Rewards | The above ULIP commercials are basis the following: | 1. ATS 2 Lacs & 13th Month Persistency 85% | Base SA <= 20X Base SA < =20X with 2X Rider Base SA >20x to <40X Base SA >20x to <40X with 2X Rider | 10 25 0.35 0.38 0.32 0.35 | 12 25 0.38 0.41 0.35 0.38 | 10 30 0.445 0.475 0.41 0.445 | 12 30 0.475 0.51 0.445 0.475 | 10 35 0.475 0.51 0.445 0.475 | 12 35 0.51 0.51 0.475 0.475 | 10 40 0.51 0.51 0.475 0.51 | 12 40 0.51 0.51 0.51 0.51 | · Persistency based claw back will be applicable for <85% on 13th month; for which 100% of total payout will be clawed back from Arham Insurance Brokers Private Limited,renewal commission: 0.8%
1259,Pramerica,Non-Par,GRoW,,10,-,0.35,0.008,,,,,,Product-wise Rewards & Commission (TRAD) | Total Y2 & Onwards | Y2 & Onwards | Single Pay ULIP Product wise Commission & Rewards | The above ULIP commercials are basis the following: | 1. ATS 2 Lacs & 13th Month Persistency 85% | Base SA <= 20X Base SA < =20X with 2X Rider Base SA >20x to <40X Base SA >20x to <40X with 2X Rider | 10 25 0.35 0.38 0.32 0.35 | 12 25 0.38 0.41 0.35 0.38 | 10 30 0.445 0.475 0.41 0.445 | 12 30 0.475 0.51 0.445 0.475 | 10 35 0.475 0.51 0.445 0.475 | 12 35 0.51 0.51 0.475 0.475 | 10 40 0.51 0.51 0.475 0.51 | 12 40 0.51 0.51 0.51 0.51 | · Persistency based claw back will be applicable for <85% on 13th month; for which 100% of total payout will be clawed back from Arham Insurance Brokers Private Limited,renewal commission: 0.8%
1260,Pramerica,Non-Par,GRoW,,12,-,0.41,0.008,,,,,,Product-wise Rewards & Commission (TRAD) | Total Y2 & Onwards | Y2 & Onwards | Single Pay ULIP Product wise Commission & Rewards | The above ULIP commercials are basis the following: | 1. ATS 2 Lacs & 13th Month Persistency 85% | Base SA <= 20X Base SA < =20X with 2X Rider Base SA >20x to <40X Base SA >20x to <40X with 2X Rider | 10 25 0.35 0.38 0.32 0.35 | 12 25 0.38 0.41 0.35 0.38 | 10 30 0.445 0.475 0.41 0.445 | 12 30 0.475 0.51 0.445 0.475 | 10 35 0.475 0.51 0.445 0.475 | 12 35 0.51 0.51 0.475 0.475 | 10 40 0.51 0.51 0.475 0.51 | 12 40 0.51 0.51 0.51 0.51 | · Persistency based claw back will be applicable for <85% on 13th month; for which 100% of total payout will be clawed back from Arham Insurance Brokers Private Limited,renewal commission: 0.8%
1261,Pramerica,Non-Par,Flexi Income,,6,-,0.32,0.008,,,,,,Product-wise Rewards & Commission (TRAD) | Total Y2 & Onwards | Y2 & Onwards | Single Pay ULIP Product wise Commission & Rewards | The above ULIP commercials are basis the following: | 1. ATS 2 Lacs & 13th Month Persistency 85% | Base SA <= 20X Base SA < =20X with 2X Rider Base SA >20x to <40X Base SA >20x to <40X with 2X Rider | 10 25 0.35 0.38 0.32 0.35 | 12 25 0.38 0.41 0.35 0.38 | 10 30 0.445 0.475 0.41 0.445 | 12 30 0.475 0.51 0.445 0.475 | 10 35 0.475 0.51 0.445 0.475 | 12 35 0.51 0.51 0.475 0.475 | 10 40 0.51 0.51 0.475 0.51 | 12 40 0.51 0.51 0.51 0.51 | · Persistency based claw back will be applicable for <85% on 13th month; for which 100% of total payout will be clawed back from Arham Insurance Brokers Private Limited,renewal commission: 0.8%
1262,Pramerica,Non-Par,Flexi Income,,8,-,0.38,0.008,,,,,,Product-wise Rewards & Commission (TRAD) | Total Y2 & Onwards | Y2 & Onwards | Single Pay ULIP Product wise Commission & Rewards | The above ULIP commercials are basis the following: | 1. ATS 2 Lacs & 13th Month Persistency 85% | Base SA <= 20X Base SA < =20X with 2X Rider Base SA >20x to <40X Base SA >20x to <40X with 2X Rider | 10 25 0.35 0.38 0.32 0.35 | 12 25 0.38 0.41 0.35 0.38 | 10 30 0.445 0.475 0.41 0.445 | 12 30 0.475 0.51 0.445 0.475 | 10 35 0.475 0.51 0.445 0.475 | 12 35 0.51 0.51 0.475 0.475 | 10 40 0.51 0.51 0.475 0.51 | 12 40 0.51 0.51 0.51 0.51 | · Persistency based claw back will be applicable for <85% on 13th month; for which 100% of total payout will be clawed back from Arham Insurance Brokers Private Limited,renewal commission: 0.8%
1263,Pramerica,Non-Par,Flexi Income,,10,-,0.51,0.008,,,,,,Product-wise Rewards & Commission (TRAD) | Total Y2 & Onwards | Y2 & Onwards | Single Pay ULIP Product wise Commission & Rewards | The above ULIP commercials are basis the following: | 1. ATS 2 Lacs & 13th Month Persistency 85% | Base SA <= 20X Base SA < =20X with 2X Rider Base SA >20x to <40X Base SA >20x to <40X with 2X Rider | 10 25 0.35 0.38 0.32 0.35 | 12 25 0.38 0.41 0.35 0.38 | 10 30 0.445 0.475 0.41 0.445 | 12 30 0.475 0.51 0.445 0.475 | 10 35 0.475 0.51 0.445 0.475 | 12 35 0.51 0.51 0.475 0.475 | 10 40 0.51 0.51 0.475 0.51 | 12 40 0.51 0.51 0.51 0.51 | · Persistency based claw back will be applicable for <85% on 13th month; for which 100% of total payout will be clawed back from Arham Insurance Brokers Private Limited,renewal commission: 0.8%
1264,Pramerica,Non-Par,Flexi Income,,10,-,0.54,0.008,,,,,,Product-wise Rewards & Commission (TRAD) | Total Y2 & Onwards | Y2 & Onwards | Single Pay ULIP Product wise Commission & Rewards | The above ULIP commercials are basis the following: | 1. ATS 2 Lacs & 13th Month Persistency 85% | Base SA <= 20X Base SA < =20X with 2X Rider Base SA >20x to <40X Base SA >20x to <40X with 2X Rider | 10 25 0.35 0.38 0.32 0.35 | 12 25 0.38 0.41 0.35 0.38 | 10 30 0.445 0.475 0.41 0.445 | 12 30 0.475 0.51 0.445 0.475 | 10 35 0.475 0.51 0.445 0.475 | 12 35 0.51 0.51 0.475 0.475 | 10 40 0.51 0.51 0.475 0.51 | 12 40 0.51 0.51 0.51 0.51 | · Persistency based claw back will be applicable for <85% on 13th month; for which 100% of total payout will be clawed back from Arham Insurance Brokers Private Limited,renewal commission: 0.8%
1265,Pramerica,Non-Par,Flexi Income,,12,-,0.57,0.008,,,,,,Product-wise Rewards & Commission (TRAD) | Total Y2 & Onwards | Y2 & Onwards | Single Pay ULIP Product wise Commission & Rewards | The above ULIP commercials are basis the following: | 1. ATS 2 Lacs & 13th Month Persistency 85% | Base SA <= 20X Base SA < =20X with 2X Rider Base SA >20x to <40X Base SA >20x to <40X with 2X Rider | 10 25 0.35 0.38 0.32 0.35 | 12 25 0.38 0.41 0.35 0.38 | 10 30 0.445 0.475 0.41 0.445 | 12 30 0.475 0.51 0.445 0.475 | 10 35 0.475 0.51 0.445 0.475 | 12 35 0.51 0.51 0.475 0.475 | 10 40 0.51 0.51 0.475 0.51 | 12 40 0.51 0.51 0.51 0.51 | · Persistency based claw back will be applicable for <85% on 13th month; for which 100% of total payout will be clawed back from Arham Insurance Brokers Private Limited,renewal commission: 0.8%
1266,Pramerica,Non-Par,Flexi Income,,12,-,0.6,0.008,,,,,,Product-wise Rewards & Commission (TRAD) | Total Y2 & Onwards | Y2 & Onwards | Single Pay ULIP Product wise Commission & Rewards | The above ULIP commercials are basis the following: | 1. ATS 2 Lacs & 13th Month Persistency 85% | Base SA <= 20X Base SA < =20X with 2X Rider Base SA >20x to <40X Base SA >20x to <40X with 2X Rider | 10 25 0.35 0.38 0.32 0.35 | 12 25 0.38 0.41 0.35 0.38 | 10 30 0.445 0.475 0.41 0.445 | 12 30 0.475 0.51 0.445 0.475 | 10 35 0.475 0.51 0.445 0.475 | 12 35 0.51 0.51 0.475 0.475 | 10 40 0.51 0.51 0.475 0.51 | 12 40 0.51 0.51 0.51 0.51 | · Persistency based claw back will be applicable for <85% on 13th month; for which 100% of total payout will be clawed back from Arham Insurance Brokers Private Limited,renewal commission: 0.8%
1267,Pramerica,Term,Rock solid term,,RP,-,0.32,0.008,,,,,,Product-wise Rewards & Commission (TRAD) | Total Y2 & Onwards | Y2 & Onwards | Single Pay ULIP Product wise Commission & Rewards | The above ULIP commercials are basis the following: | 1. ATS 2 Lacs & 13th Month Persistency 85% | Base SA <= 20X Base SA < =20X with 2X Rider Base SA >20x to <40X Base SA >20x to <40X with 2X Rider | 10 25 0.35 0.38 0.32 0.35 | 12 25 0.38 0.41 0.35 0.38 | 10 30 0.445 0.475 0.41 0.445 | 12 30 0.475 0.51 0.445 0.475 | 10 35 0.475 0.51 0.445 0.475 | 12 35 0.51 0.51 0.475 0.475 | 10 40 0.51 0.51 0.475 0.51 | 12 40 0.51 0.51 0.51 0.51 | · Persistency based claw back will be applicable for <85% on 13th month; for which 100% of total payout will be clawed back from Arham Insurance Brokers Private Limited,renewal commission: 0.8%
1268,Pramerica,Non-Par,Smart Assure,,8,-,0.38,0.008,,,,,,Product-wise Rewards & Commission (TRAD) | Total Y2 & Onwards | Y2 & Onwards | Single Pay ULIP Product wise Commission & Rewards | The above ULIP commercials are basis the following: | 1. ATS 2 Lacs & 13th Month Persistency 85% | Base SA <= 20X Base SA < =20X with 2X Rider Base SA >20x to <40X Base SA >20x to <40X with 2X Rider | 10 25 0.35 0.38 0.32 0.35 | 12 25 0.38 0.41 0.35 0.38 | 10 30 0.445 0.475 0.41 0.445 | 12 30 0.475 0.51 0.445 0.475 | 10 35 0.475 0.51 0.445 0.475 | 12 35 0.51 0.51 0.475 0.475 | 10 40 0.51 0.51 0.475 0.51 | 12 40 0.51 0.51 0.51 0.51 | · Persistency based claw back will be applicable for <85% on 13th month; for which 100% of total payout will be clawed back from Arham Insurance Brokers Private Limited,renewal commission: 0.8%
1269,Pramerica,Non-Par,Smart Assure,,10,-,0.57,0.008,,,,,,Product-wise Rewards & Commission (TRAD) | Total Y2 & Onwards | Y2 & Onwards | Single Pay ULIP Product wise Commission & Rewards | The above ULIP commercials are basis the following: | 1. ATS 2 Lacs & 13th Month Persistency 85% | Base SA <= 20X Base SA < =20X with 2X Rider Base SA >20x to <40X Base SA >20x to <40X with 2X Rider | 10 25 0.35 0.38 0.32 0.35 | 12 25 0.38 0.41 0.35 0.38 | 10 30 0.445 0.475 0.41 0.445 | 12 30 0.475 0.51 0.445 0.475 | 10 35 0.475 0.51 0.445 0.475 | 12 35 0.51 0.51 0.475 0.475 | 10 40 0.51 0.51 0.475 0.51 | 12 40 0.51 0.51 0.51 0.51 | · Persistency based claw back will be applicable for <85% on 13th month; for which 100% of total payout will be clawed back from Arham Insurance Brokers Private Limited,renewal commission: 0.8%
1270,Pramerica,Non-Par,Smart Assure,,12,-,0.6,0.008,,,,,,Product-wise Rewards & Commission (TRAD) | Total Y2 & Onwards | Y2 & Onwards | Single Pay ULIP Product wise Commission & Rewards | The above ULIP commercials are basis the following: | 1. ATS 2 Lacs & 13th Month Persistency 85% | Base SA <= 20X Base SA < =20X with 2X Rider Base SA >20x to <40X Base SA >20x to <40X with 2X Rider | 10 25 0.35 0.38 0.32 0.35 | 12 25 0.38 0.41 0.35 0.38 | 10 30 0.445 0.475 0.41 0.445 | 12 30 0.475 0.51 0.445 0.475 | 10 35 0.475 0.51 0.445 0.475 | 12 35 0.51 0.51 0.475 0.475 | 10 40 0.51 0.51 0.475 0.51 | 12 40 0.51 0.51 0.51 0.51 | · Persistency based claw back will be applicable for <85% on 13th month; for which 100% of total payout will be clawed back from Arham Insurance Brokers Private Limited,renewal commission: 0.8%
1271,Pramerica,Non-Par,Smart Assure,,8,-,0.51,0.008,,,,,,Product-wise Rewards & Commission (TRAD) | Total Y2 & Onwards | Y2 & Onwards | Single Pay ULIP Product wise Commission & Rewards | The above ULIP commercials are basis the following: | 1. ATS 2 Lacs & 13th Month Persistency 85% | Base SA <= 20X Base SA < =20X with 2X Rider Base SA >20x to <40X Base SA >20x to <40X with 2X Rider | 10 25 0.35 0.38 0.32 0.35 | 12 25 0.38 0.41 0.35 0.38 | 10 30 0.445 0.475 0.41 0.445 | 12 30 0.475 0.51 0.445 0.475 | 10 35 0.475 0.51 0.445 0.475 | 12 35 0.51 0.51 0.475 0.475 | 10 40 0.51 0.51 0.475 0.51 | 12 40 0.51 0.51 0.51 0.51 | · Persistency based claw back will be applicable for <85% on 13th month; for which 100% of total payout will be clawed back from Arham Insurance Brokers Private Limited,renewal commission: 0.8%
1272,Pramerica,Non-Par,Smart Assure,,10,-,0.6,0.008,,,,,,Product-wise Rewards & Commission (TRAD) | Total Y2 & Onwards | Y2 & Onwards | Single Pay ULIP Product wise Commission & Rewards | The above ULIP commercials are basis the following: | 1. ATS 2 Lacs & 13th Month Persistency 85% | Base SA <= 20X Base SA < =20X with 2X Rider Base SA >20x to <40X Base SA >20x to <40X with 2X Rider | 10 25 0.35 0.38 0.32 0.35 | 12 25 0.38 0.41 0.35 0.38 | 10 30 0.445 0.475 0.41 0.445 | 12 30 0.475 0.51 0.445 0.475 | 10 35 0.475 0.51 0.445 0.475 | 12 35 0.51 0.51 0.475 0.475 | 10 40 0.51 0.51 0.475 0.51 | 12 40 0.51 0.51 0.51 0.51 | · Persistency based claw back will be applicable for <85% on 13th month; for which 100% of total payout will be clawed back from Arham Insurance Brokers Private Limited,renewal commission: 0.8%
1273,Pramerica,Non-Par,Smart Assure,,12,-,0.635,0.008,,,,,,Product-wise Rewards & Commission (TRAD) | Total Y2 & Onwards | Y2 & Onwards | Single Pay ULIP Product wise Commission & Rewards | The above ULIP commercials are basis the following: | 1. ATS 2 Lacs & 13th Month Persistency 85% | Base SA <= 20X Base SA < =20X with 2X Rider Base SA >20x to <40X Base SA >20x to <40X with 2X Rider | 10 25 0.35 0.38 0.32 0.35 | 12 25 0.38 0.41 0.35 0.38 | 10 30 0.445 0.475 0.41 0.445 | 12 30 0.475 0.51 0.445 0.475 | 10 35 0.475 0.51 0.445 0.475 | 12 35 0.51 0.51 0.475 0.475 | 10 40 0.51 0.51 0.475 0.51 | 12 40 0.51 0.51 0.51 0.51 | · Persistency based claw back will be applicable for <85% on 13th month; for which 100% of total payout will be clawed back from Arham Insurance Brokers Private Limited,renewal commission: 0.8%
1274,Pramerica,Non-Par,Smart Income,,5,-,0.19,0.008,,,,,,Product-wise Rewards & Commission (TRAD) | Total Y2 & Onwards | Y2 & Onwards | Single Pay ULIP Product wise Commission & Rewards | The above ULIP commercials are basis the following: | 1. ATS 2 Lacs & 13th Month Persistency 85% | Base SA <= 20X Base SA < =20X with 2X Rider Base SA >20x to <40X Base SA >20x to <40X with 2X Rider | 10 25 0.35 0.38 0.32 0.35 | 12 25 0.38 0.41 0.35 0.38 | 10 30 0.445 0.475 0.41 0.445 | 12 30 0.475 0.51 0.445 0.475 | 10 35 0.475 0.51 0.445 0.475 | 12 35 0.51 0.51 0.475 0.475 | 10 40 0.51 0.51 0.475 0.51 | 12 40 0.51 0.51 0.51 0.51 | · Persistency based claw back will be applicable for <85% on 13th month; for which 100% of total payout will be clawed back from Arham Insurance Brokers Private Limited,renewal commission: 0.8%
1275,Pramerica,Non-Par,Smart Income,,8,-,0.32,0.008,,,,,,Product-wise Rewards & Commission (TRAD) | Total Y2 & Onwards | Y2 & Onwards | Single Pay ULIP Product wise Commission & Rewards | The above ULIP commercials are basis the following: | 1. ATS 2 Lacs & 13th Month Persistency 85% | Base SA <= 20X Base SA < =20X with 2X Rider Base SA >20x to <40X Base SA >20x to <40X with 2X Rider | 10 25 0.35 0.38 0.32 0.35 | 12 25 0.38 0.41 0.35 0.38 | 10 30 0.445 0.475 0.41 0.445 | 12 30 0.475 0.51 0.445 0.475 | 10 35 0.475 0.51 0.445 0.475 | 12 35 0.51 0.51 0.475 0.475 | 10 40 0.51 0.51 0.475 0.51 | 12 40 0.51 0.51 0.51 0.51 | · Persistency based claw back will be applicable for <85% on 13th month; for which 100% of total payout will be clawed back from Arham Insurance Brokers Private Limited,renewal commission: 0.8%
1276,Pramerica,Non-Par,Smart Income,,10,-,0.54,0.008,,,,,,Product-wise Rewards & Commission (TRAD) | Total Y2 & Onwards | Y2 & Onwards | Single Pay ULIP Product wise Commission & Rewards | The above ULIP commercials are basis the following: | 1. ATS 2 Lacs & 13th Month Persistency 85% | Base SA <= 20X Base SA < =20X with 2X Rider Base SA >20x to <40X Base SA >20x to <40X with 2X Rider | 10 25 0.35 0.38 0.32 0.35 | 12 25 0.38 0.41 0.35 0.38 | 10 30 0.445 0.475 0.41 0.445 | 12 30 0.475 0.51 0.445 0.475 | 10 35 0.475 0.51 0.445 0.475 | 12 35 0.51 0.51 0.475 0.475 | 10 40 0.51 0.51 0.475 0.51 | 12 40 0.51 0.51 0.51 0.51 | · Persistency based claw back will be applicable for <85% on 13th month; for which 100% of total payout will be clawed back from Arham Insurance Brokers Private Limited,renewal commission: 0.8%
1277,Pramerica,Non-Par,Smart Income,,12,-,0.57,0.008,,,,,,Product-wise Rewards & Commission (TRAD) | Total Y2 & Onwards | Y2 & Onwards | Single Pay ULIP Product wise Commission & Rewards | The above ULIP commercials are basis the following: | 1. ATS 2 Lacs & 13th Month Persistency 85% | Base SA <= 20X Base SA < =20X with 2X Rider Base SA >20x to <40X Base SA >20x to <40X with 2X Rider | 10 25 0.35 0.38 0.32 0.35 | 12 25 0.38 0.41 0.35 0.38 | 10 30 0.445 0.475 0.41 0.445 | 12 30 0.475 0.51 0.445 0.475 | 10 35 0.475 0.51 0.445 0.475 | 12 35 0.51 0.51 0.475 0.475 | 10 40 0.51 0.51 0.475 0.51 | 12 40 0.51 0.51 0.51 0.51 | · Persistency based claw back will be applicable for <85% on 13th month; for which 100% of total payout will be clawed back from Arham Insurance Brokers Private Limited,renewal commission: 0.8%
1278,Pramerica,Non-Par,Smart Income,,11,-,0.54,0.008,,,,,,Product-wise Rewards & Commission (TRAD) | Total Y2 & Onwards | Y2 & Onwards | Single Pay ULIP Product wise Commission & Rewards | The above ULIP commercials are basis the following: | 1. ATS 2 Lacs & 13th Month Persistency 85% | Base SA <= 20X Base SA < =20X with 2X Rider Base SA >20x to <40X Base SA >20x to <40X with 2X Rider | 10 25 0.35 0.38 0.32 0.35 | 12 25 0.38 0.41 0.35 0.38 | 10 30 0.445 0.475 0.41 0.445 | 12 30 0.475 0.51 0.445 0.475 | 10 35 0.475 0.51 0.445 0.475 | 12 35 0.51 0.51 0.475 0.475 | 10 40 0.51 0.51 0.475 0.51 | 12 40 0.51 0.51 0.51 0.51 | · Persistency based claw back will be applicable for <85% on 13th month; for which 100% of total payout will be clawed back from Arham Insurance Brokers Private Limited,renewal commission: 0.8%
1279,Pramerica,Non-Par,Smart Income,,12,-,0.635,0.008,,,,,,Product-wise Rewards & Commission (TRAD) | Total Y2 & Onwards | Y2 & Onwards | Single Pay ULIP Product wise Commission & Rewards | The above ULIP commercials are basis the following: | 1. ATS 2 Lacs & 13th Month Persistency 85% | Base SA <= 20X Base SA < =20X with 2X Rider Base SA >20x to <40X Base SA >20x to <40X with 2X Rider | 10 25 0.35 0.38 0.32 0.35 | 12 25 0.38 0.41 0.35 0.38 | 10 30 0.445 0.475 0.41 0.445 | 12 30 0.475 0.51 0.445 0.475 | 10 35 0.475 0.51 0.445 0.475 | 12 35 0.51 0.51 0.475 0.475 | 10 40 0.51 0.51 0.475 0.51 | 12 40 0.51 0.51 0.51 0.51 | · Persistency based claw back will be applicable for <85% on 13th month; for which 100% of total payout will be clawed back from Arham Insurance Brokers Private Limited,renewal commission: 0.8%
1280,Pramerica,Non-Par,Smart Income,,13,-,0.635,0.008,,,,,,Product-wise Rewards & Commission (TRAD) | Total Y2 & Onwards | Y2 & Onwards | Single Pay ULIP Product wise Commission & Rewards | The above ULIP commercials are basis the following: | 1. ATS 2 Lacs & 13th Month Persistency 85% | Base SA <= 20X Base SA < =20X with 2X Rider Base SA >20x to <40X Base SA >20x to <40X with 2X Rider | 10 25 0.35 0.38 0.32 0.35 | 12 25 0.38 0.41 0.35 0.38 | 10 30 0.445 0.475 0.41 0.445 | 12 30 0.475 0.51 0.445 0.475 | 10 35 0.475 0.51 0.445 0.475 | 12 35 0.51 0.51 0.475 0.475 | 10 40 0.51 0.51 0.475 0.51 | 12 40 0.51 0.51 0.51 0.51 | · Persistency based claw back will be applicable for <85% on 13th month; for which 100% of total payout will be clawed back from Arham Insurance Brokers Private Limited,renewal commission: 0.8%
1281,Pramerica,Non-Par,Smart Income,,13,-,0.635,0.008,,,,,,Product-wise Rewards & Commission (TRAD) | Total Y2 & Onwards | Y2 & Onwards | Single Pay ULIP Product wise Commission & Rewards | The above ULIP commercials are basis the following: | 1. ATS 2 Lacs & 13th Month Persistency 85% | Base SA <= 20X Base SA < =20X with 2X Rider Base SA >20x to <40X Base SA >20x to <40X with 2X Rider | 10 25 0.35 0.38 0.32 0.35 | 12 25 0.38 0.41 0.35 0.38 | 10 30 0.445 0.475 0.41 0.445 | 12 30 0.475 0.51 0.445 0.475 | 10 35 0.475 0.51 0.445 0.475 | 12 35 0.51 0.51 0.475 0.475 | 10 40 0.51 0.51 0.475 0.51 | 12 40 0.51 0.51 0.51 0.51 | · Persistency based claw back will be applicable for <85% on 13th month; for which 100% of total payout will be clawed back from Arham Insurance Brokers Private Limited,renewal commission: 0.8%
1282,Pramerica,Non-Par,Smart Income,,13,-,0.635,0.008,,,,,,Product-wise Rewards & Commission (TRAD) | Total Y2 & Onwards | Y2 & Onwards | Single Pay ULIP Product wise Commission & Rewards | The above ULIP commercials are basis the following: | 1. ATS 2 Lacs & 13th Month Persistency 85% | Base SA <= 20X Base SA < =20X with 2X Rider Base SA >20x to <40X Base SA >20x to <40X with 2X Rider | 10 25 0.35 0.38 0.32 0.35 | 12 25 0.38 0.41 0.35 0.38 | 10 30 0.445 0.475 0.41 0.445 | 12 30 0.475 0.51 0.445 0.475 | 10 35 0.475 0.51 0.445 0.475 | 12 35 0.51 0.51 0.475 0.475 | 10 40 0.51 0.51 0.475 0.51 | 12 40 0.51 0.51 0.51 0.51 | · Persistency based claw back will be applicable for <85% on 13th month; for which 100% of total payout will be clawed back from Arham Insurance Brokers Private Limited,renewal commission: 0.8%
1283,Pramerica,Non-Par,Smart Income,,14,-,0.635,0.008,,,,,,Product-wise Rewards & Commission (TRAD) | Total Y2 & Onwards | Y2 & Onwards | Single Pay ULIP Product wise Commission & Rewards | The above ULIP commercials are basis the following: | 1. ATS 2 Lacs & 13th Month Persistency 85% | Base SA <= 20X Base SA < =20X with 2X Rider Base SA >20x to <40X Base SA >20x to <40X with 2X Rider | 10 25 0.35 0.38 0.32 0.35 | 12 25 0.38 0.41 0.35 0.38 | 10 30 0.445 0.475 0.41 0.445 | 12 30 0.475 0.51 0.445 0.475 | 10 35 0.475 0.51 0.445 0.475 | 12 35 0.51 0.51 0.475 0.475 | 10 40 0.51 0.51 0.475 0.51 | 12 40 0.51 0.51 0.51 0.51 | · Persistency based claw back will be applicable for <85% on 13th month; for which 100% of total payout will be clawed back from Arham Insurance Brokers Private Limited,renewal commission: 0.8%
1284,Pramerica,Non-Par,Smart Income,,14,-,0.635,0.008,,,,,,Product-wise Rewards & Commission (TRAD) | Total Y2 & Onwards | Y2 & Onwards | Single Pay ULIP Product wise Commission & Rewards | The above ULIP commercials are basis the following: | 1. ATS 2 Lacs & 13th Month Persistency 85% | Base SA <= 20X Base SA < =20X with 2X Rider Base SA >20x to <40X Base SA >20x to <40X with 2X Rider | 10 25 0.35 0.38 0.32 0.35 | 12 25 0.38 0.41 0.35 0.38 | 10 30 0.445 0.475 0.41 0.445 | 12 30 0.475 0.51 0.445 0.475 | 10 35 0.475 0.51 0.445 0.475 | 12 35 0.51 0.51 0.475 0.475 | 10 40 0.51 0.51 0.475 0.51 | 12 40 0.51 0.51 0.51 0.51 | · Persistency based claw back will be applicable for <85% on 13th month; for which 100% of total payout will be clawed back from Arham Insurance Brokers Private Limited,renewal commission: 0.8%
1285,Pramerica,Non-Par,Smart Income,,14,-,0.635,0.008,,,,,,Product-wise Rewards & Commission (TRAD) | Total Y2 & Onwards | Y2 & Onwards | Single Pay ULIP Product wise Commission & Rewards | The above ULIP commercials are basis the following: | 1. ATS 2 Lacs & 13th Month Persistency 85% | Base SA <= 20X Base SA < =20X with 2X Rider Base SA >20x to <40X Base SA >20x to <40X with 2X Rider | 10 25 0.35 0.38 0.32 0.35 | 12 25 0.38 0.41 0.35 0.38 | 10 30 0.445 0.475 0.41 0.445 | 12 30 0.475 0.51 0.445 0.475 | 10 35 0.475 0.51 0.445 0.475 | 12 35 0.51 0.51 0.475 0.475 | 10 40 0.51 0.51 0.475 0.51 | 12 40 0.51 0.51 0.51 0.51 | · Persistency based claw back will be applicable for <85% on 13th month; for which 100% of total payout will be clawed back from Arham Insurance Brokers Private Limited,renewal commission: 0.8%
1286,Pramerica,Non-Par,Smart Income,,14,-,0.635,0.008,,,,,,Product-wise Rewards & Commission (TRAD) | Total Y2 & Onwards | Y2 & Onwards | Single Pay ULIP Product wise Commission & Rewards | The above ULIP commercials are basis the following: | 1. ATS 2 Lacs & 13th Month Persistency 85% | Base SA <= 20X Base SA < =20X with 2X Rider Base SA >20x to <40X Base SA >20x to <40X with 2X Rider | 10 25 0.35 0.38 0.32 0.35 | 12 25 0.38 0.41 0.35 0.38 | 10 30 0.445 0.475 0.41 0.445 | 12 30 0.475 0.51 0.445 0.475 | 10 35 0.475 0.51 0.445 0.475 | 12 35 0.51 0.51 0.475 0.475 | 10 40 0.51 0.51 0.475 0.51 | 12 40 0.51 0.51 0.51 0.51 | · Persistency based claw back will be applicable for <85% on 13th month; for which 100% of total payout will be clawed back from Arham Insurance Brokers Private Limited,renewal commission: 0.8%
1287,Pramerica,Non-Par,Smart Income,,14,-,0.635,0.008,,,,,,Product-wise Rewards & Commission (TRAD) | Total Y2 & Onwards | Y2 & Onwards | Single Pay ULIP Product wise Commission & Rewards | The above ULIP commercials are basis the following: | 1. ATS 2 Lacs & 13th Month Persistency 85% | Base SA <= 20X Base SA < =20X with 2X Rider Base SA >20x to <40X Base SA >20x to <40X with 2X Rider | 10 25 0.35 0.38 0.32 0.35 | 12 25 0.38 0.41 0.35 0.38 | 10 30 0.445 0.475 0.41 0.445 | 12 30 0.475 0.51 0.445 0.475 | 10 35 0.475 0.51 0.445 0.475 | 12 35 0.51 0.51 0.475 0.475 | 10 40 0.51 0.51 0.475 0.51 | 12 40 0.51 0.51 0.51 0.51 | · Persistency based claw back will be applicable for <85% on 13th month; for which 100% of total payout will be clawed back from Arham Insurance Brokers Private Limited,renewal commission: 0.8%
1288,Pramerica,Non-Par,Smart Income,,14,-,0.635,0.008,,,,,,Product-wise Rewards & Commission (TRAD) | Total Y2 & Onwards | Y2 & Onwards | Single Pay ULIP Product wise Commission & Rewards | The above ULIP commercials are basis the following: | 1. ATS 2 Lacs & 13th Month Persistency 85% | Base SA <= 20X Base SA < =20X with 2X Rider Base SA >20x to <40X Base SA >20x to <40X with 2X Rider | 10 25 0.35 0.38 0.32 0.35 | 12 25 0.38 0.41 0.35 0.38 | 10 30 0.445 0.475 0.41 0.445 | 12 30 0.475 0.51 0.445 0.475 | 10 35 0.475 0.51 0.445 0.475 | 12 35 0.51 0.51 0.475 0.475 | 10 40 0.51 0.51 0.475 0.51 | 12 40 0.51 0.51 0.51 0.51 | · Persistency based claw back will be applicable for <85% on 13th month; for which 100% of total payout will be clawed back from Arham Insurance Brokers Private Limited,renewal commission: 0.8%
1289,Pramerica,Non-Par,Smart Income,,15,-,0.635,0.008,,,,,,Product-wise Rewards & Commission (TRAD) | Total Y2 & Onwards | Y2 & Onwards | Single Pay ULIP Product wise Commission & Rewards | The above ULIP commercials are basis the following: | 1. ATS 2 Lacs & 13th Month Persistency 85% | Base SA <= 20X Base SA < =20X with 2X Rider Base SA >20x to <40X Base SA >20x to <40X with 2X Rider | 10 25 0.35 0.38 0.32 0.35 | 12 25 0.38 0.41 0.35 0.38 | 10 30 0.445 0.475 0.41 0.445 | 12 30 0.475 0.51 0.445 0.475 | 10 35 0.475 0.51 0.445 0.475 | 12 35 0.51 0.51 0.475 0.475 | 10 40 0.51 0.51 0.475 0.51 | 12 40 0.51 0.51 0.51 0.51 | · Persistency based claw back will be applicable for <85% on 13th month; for which 100% of total payout will be clawed back from Arham Insurance Brokers Private Limited,renewal commission: 0.8%
1290,Pramerica,Non-Par,Smart Income,,15,-,0.635,0.008,,,,,,Product-wise Rewards & Commission (TRAD) | Total Y2 & Onwards | Y2 & Onwards | Single Pay ULIP Product wise Commission & Rewards | The above ULIP commercials are basis the following: | 1. ATS 2 Lacs & 13th Month Persistency 85% | Base SA <= 20X Base SA < =20X with 2X Rider Base SA >20x to <40X Base SA >20x to <40X with 2X Rider | 10 25 0.35 0.38 0.32 0.35 | 12 25 0.38 0.41 0.35 0.38 | 10 30 0.445 0.475 0.41 0.445 | 12 30 0.475 0.51 0.445 0.475 | 10 35 0.475 0.51 0.445 0.475 | 12 35 0.51 0.51 0.475 0.475 | 10 40 0.51 0.51 0.475 0.51 | 12 40 0.51 0.51 0.51 0.51 | · Persistency based claw back will be applicable for <85% on 13th month; for which 100% of total payout will be clawed back from Arham Insurance Brokers Private Limited,renewal commission: 0.8%
1291,Pramerica,Non-Par,Smart Income,,15,-,0.635,0.008,,,,,,Product-wise Rewards & Commission (TRAD) | Total Y2 & Onwards | Y2 & Onwards | Single Pay ULIP Product wise Commission & Rewards | The above ULIP commercials are basis the following: | 1. ATS 2 Lacs & 13th Month Persistency 85% | Base SA <= 20X Base SA < =20X with 2X Rider Base SA >20x to <40X Base SA >20x to <40X with 2X Rider | 10 25 0.35 0.38 0.32 0.35 | 12 25 0.38 0.41 0.35 0.38 | 10 30 0.445 0.475 0.41 0.445 | 12 30 0.475 0.51 0.445 0.475 | 10 35 0.475 0.51 0.445 0.475 | 12 35 0.51 0.51 0.475 0.475 | 10 40 0.51 0.51 0.475 0.51 | 12 40 0.51 0.51 0.51 0.51 | · Persistency based claw back will be applicable for <85% on 13th month; for which 100% of total payout will be clawed back from Arham Insurance Brokers Private Limited,renewal commission: 0.8%
1292,Pramerica,Non-Par,Smart Income,,15,-,0.635,0.008,,,,,,Product-wise Rewards & Commission (TRAD) | Total Y2 & Onwards | Y2 & Onwards | Single Pay ULIP Product wise Commission & Rewards | The above ULIP commercials are basis the following: | 1. ATS 2 Lacs & 13th Month Persistency 85% | Base SA <= 20X Base SA < =20X with 2X Rider Base SA >20x to <40X Base SA >20x to <40X with 2X Rider | 10 25 0.35 0.38 0.32 0.35 | 12 25 0.38 0.41 0.35 0.38 | 10 30 0.445 0.475 0.41 0.445 | 12 30 0.475 0.51 0.445 0.475 | 10 35 0.475 0.51 0.445 0.475 | 12 35 0.51 0.51 0.475 0.475 | 10 40 0.51 0.51 0.475 0.51 | 12 40 0.51 0.51 0.51 0.51 | · Persistency based claw back will be applicable for <85% on 13th month; for which 100% of total payout will be clawed back from Arham Insurance Brokers Private Limited,renewal commission: 0.8%
1293,Pramerica,Non-Par,Smart Income,,15,-,0.635,0.008,,,,,,Product-wise Rewards & Commission (TRAD) | Total Y2 & Onwards | Y2 & Onwards | Single Pay ULIP Product wise Commission & Rewards | The above ULIP commercials are basis the following: | 1. ATS 2 Lacs & 13th Month Persistency 85% | Base SA <= 20X Base SA < =20X with 2X Rider Base SA >20x to <40X Base SA >20x to <40X with 2X Rider | 10 25 0.35 0.38 0.32 0.35 | 12 25 0.38 0.41 0.35 0.38 | 10 30 0.445 0.475 0.41 0.445 | 12 30 0.475 0.51 0.445 0.475 | 10 35 0.475 0.51 0.445 0.475 | 12 35 0.51 0.51 0.475 0.475 | 10 40 0.51 0.51 0.475 0.51 | 12 40 0.51 0.51 0.51 0.51 | · Persistency based claw back will be applicable for <85% on 13th month; for which 100% of total payout will be clawed back from Arham Insurance Brokers Private Limited,renewal commission: 0.8%
1294,Pramerica,Non-Par,Smart Income,,15,-,0.635,0.008,,,,,,Product-wise Rewards & Commission (TRAD) | Total Y2 & Onwards | Y2 & Onwards | Single Pay ULIP Product wise Commission & Rewards | The above ULIP commercials are basis the following: | 1. ATS 2 Lacs & 13th Month Persistency 85% | Base SA <= 20X Base SA < =20X with 2X Rider Base SA >20x to <40X Base SA >20x to <40X with 2X Rider | 10 25 0.35 0.38 0.32 0.35 | 12 25 0.38 0.41 0.35 0.38 | 10 30 0.445 0.475 0.41 0.445 | 12 30 0.475 0.51 0.445 0.475 | 10 35 0.475 0.51 0.445 0.475 | 12 35 0.51 0.51 0.475 0.475 | 10 40 0.51 0.51 0.475 0.51 | 12 40 0.51 0.51 0.51 0.51 | · Persistency based claw back will be applicable for <85% on 13th month; for which 100% of total payout will be clawed back from Arham Insurance Brokers Private Limited,renewal commission: 0.8%
1295,Pramerica,Non-Par,Rock Solid Future (IP 10),,5,-,0.24,0.008,,,,,,Product-wise Rewards & Commission (TRAD) | Total Y2 & Onwards | Y2 & Onwards | Single Pay ULIP Product wise Commission & Rewards | The above ULIP commercials are basis the following: | 1. ATS 2 Lacs & 13th Month Persistency 85% | Base SA <= 20X Base SA < =20X with 2X Rider Base SA >20x to <40X Base SA >20x to <40X with 2X Rider | 10 25 0.35 0.38 0.32 0.35 | 12 25 0.38 0.41 0.35 0.38 | 10 30 0.445 0.475 0.41 0.445 | 12 30 0.475 0.51 0.445 0.475 | 10 35 0.475 0.51 0.445 0.475 | 12 35 0.51 0.51 0.475 0.475 | 10 40 0.51 0.51 0.475 0.51 | 12 40 0.51 0.51 0.51 0.51 | · Persistency based claw back will be applicable for <85% on 13th month; for which 100% of total payout will be clawed back from Arham Insurance Brokers Private Limited,renewal commission: 0.8%
1296,Pramerica,Non-Par,Rock Solid Future (IP 15),,5,-,0.24,0.008,,,,,,Product-wise Rewards & Commission (TRAD) | Total Y2 & Onwards | Y2 & Onwards | Single Pay ULIP Product wise Commission & Rewards | The above ULIP commercials are basis the following: | 1. ATS 2 Lacs & 13th Month Persistency 85% | Base SA <= 20X Base SA < =20X with 2X Rider Base SA >20x to <40X Base SA >20x to <40X with 2X Rider | 10 25 0.35 0.38 0.32 0.35 | 12 25 0.38 0.41 0.35 0.38 | 10 30 0.445 0.475 0.41 0.445 | 12 30 0.475 0.51 0.445 0.475 | 10 35 0.475 0.51 0.445 0.475 | 12 35 0.51 0.51 0.475 0.475 | 10 40 0.51 0.51 0.475 0.51 | 12 40 0.51 0.51 0.51 0.51 | · Persistency based claw back will be applicable for <85% on 13th month; for which 100% of total payout will be clawed back from Arham Insurance Brokers Private Limited,renewal commission: 0.8%
1297,Pramerica,Non-Par,Rock Solid Future (IP 10),,8,-,0.38,0.008,,,,,,Product-wise Rewards & Commission (TRAD) | Total Y2 & Onwards | Y2 & Onwards | Single Pay ULIP Product wise Commission & Rewards | The above ULIP commercials are basis the following: | 1. ATS 2 Lacs & 13th Month Persistency 85% | Base SA <= 20X Base SA < =20X with 2X Rider Base SA >20x to <40X Base SA >20x to <40X with 2X Rider | 10 25 0.35 0.38 0.32 0.35 | 12 25 0.38 0.41 0.35 0.38 | 10 30 0.445 0.475 0.41 0.445 | 12 30 0.475 0.51 0.445 0.475 | 10 35 0.475 0.51 0.445 0.475 | 12 35 0.51 0.51 0.475 0.475 | 10 40 0.51 0.51 0.475 0.51 | 12 40 0.51 0.51 0.51 0.51 | · Persistency based claw back will be applicable for <85% on 13th month; for which 100% of total payout will be clawed back from Arham Insurance Brokers Private Limited,renewal commission: 0.8%
1298,Pramerica,Non-Par,Rock Solid Future (IP 15),,8,-,0.38,0.008,,,,,,Product-wise Rewards & Commission (TRAD) | Total Y2 & Onwards | Y2 & Onwards | Single Pay ULIP Product wise Commission & Rewards | The above ULIP commercials are basis the following: | 1. ATS 2 Lacs & 13th Month Persistency 85% | Base SA <= 20X Base SA < =20X with 2X Rider Base SA >20x to <40X Base SA >20x to <40X with 2X Rider | 10 25 0.35 0.38 0.32 0.35 | 12 25 0.38 0.41 0.35 0.38 | 10 30 0.445 0.475 0.41 0.445 | 12 30 0.475 0.51 0.445 0.475 | 10 35 0.475 0.51 0.445 0.475 | 12 35 0.51 0.51 0.475 0.475 | 10 40 0.51 0.51 0.475 0.51 | 12 40 0.51 0.51 0.51 0.51 | · Persistency based claw back will be applicable for <85% on 13th month; for which 100% of total payout will be clawed back from Arham Insurance Brokers Private Limited,renewal commission: 0.8%
1299,Pramerica,Non-Par,Rock Solid Future (IP 15),,10,-,0.51,0.008,,,,,,Product-wise Rewards & Commission (TRAD) | Total Y2 & Onwards | Y2 & Onwards | Single Pay ULIP Product wise Commission & Rewards | The above ULIP commercials are basis the following: | 1. ATS 2 Lacs & 13th Month Persistency 85% | Base SA <= 20X Base SA < =20X with 2X Rider Base SA >20x to <40X Base SA >20x to <40X with 2X Rider | 10 25 0.35 0.38 0.32 0.35 | 12 25 0.38 0.41 0.35 0.38 | 10 30 0.445 0.475 0.41 0.445 | 12 30 0.475 0.51 0.445 0.475 | 10 35 0.475 0.51 0.445 0.475 | 12 35 0.51 0.51 0.475 0.475 | 10 40 0.51 0.51 0.475 0.51 | 12 40 0.51 0.51 0.51 0.51 | · Persistency based claw back will be applicable for <85% on 13th month; for which 100% of total payout will be clawed back from Arham Insurance Brokers Private Limited,renewal commission: 0.8%
1300,Pramerica,Non-Par,Rock Solid Future (IP 20),,10,-,0.57,0.008,,,,,,Product-wise Rewards & Commission (TRAD) | Total Y2 & Onwards | Y2 & Onwards | Single Pay ULIP Product wise Commission & Rewards | The above ULIP commercials are basis the following: | 1. ATS 2 Lacs & 13th Month Persistency 85% | Base SA <= 20X Base SA < =20X with 2X Rider Base SA >20x to <40X Base SA >20x to <40X with 2X Rider | 10 25 0.35 0.38 0.32 0.35 | 12 25 0.38 0.41 0.35 0.38 | 10 30 0.445 0.475 0.41 0.445 | 12 30 0.475 0.51 0.445 0.475 | 10 35 0.475 0.51 0.445 0.475 | 12 35 0.51 0.51 0.475 0.475 | 10 40 0.51 0.51 0.475 0.51 | 12 40 0.51 0.51 0.51 0.51 | · Persistency based claw back will be applicable for <85% on 13th month; for which 100% of total payout will be clawed back from Arham Insurance Brokers Private Limited,renewal commission: 0.8%
1301,Pramerica,Non-Par,Rock Solid Future,,10,-,0.57,0.008,,,,,,Product-wise Rewards & Commission (TRAD) | Total Y2 & Onwards | Y2 & Onwards | Single Pay ULIP Product wise Commission & Rewards | The above ULIP commercials are basis the following: | 1. ATS 2 Lacs & 13th Month Persistency 85% | Base SA <= 20X Base SA < =20X with 2X Rider Base SA >20x to <40X Base SA >20x to <40X with 2X Rider | 10 25 0.35 0.38 0.32 0.35 | 12 25 0.38 0.41 0.35 0.38 | 10 30 0.445 0.475 0.41 0.445 | 12 30 0.475 0.51 0.445 0.475 | 10 35 0.475 0.51 0.445 0.475 | 12 35 0.51 0.51 0.475 0.475 | 10 40 0.51 0.51 0.475 0.51 | 12 40 0.51 0.51 0.51 0.51 | · Persistency based claw back will be applicable for <85% on 13th month; for which 100% of total payout will be clawed back from Arham Insurance Brokers Private Limited,renewal commission: 0.8%
1302,Pramerica,Non-Par,Rock Solid Future,,12,-,0.57,0.008,,,,,,Product-wise Rewards & Commission (TRAD) | Total Y2 & Onwards | Y2 & Onwards | Single Pay ULIP Product wise Commission & Rewards | The above ULIP commercials are basis the following: | 1. ATS 2 Lacs & 13th Month Persistency 85% | Base SA <= 20X Base SA < =20X with 2X Rider Base SA >20x to <40X Base SA >20x to <40X with 2X Rider | 10 25 0.35 0.38 0.32 0.35 | 12 25 0.38 0.41 0.35 0.38 | 10 30 0.445 0.475 0.41 0.445 | 12 30 0.475 0.51 0.445 0.475 | 10 35 0.475 0.51 0.445 0.475 | 12 35 0.51 0.51 0.475 0.475 | 10 40 0.51 0.51 0.475 0.51 | 12 40 0.51 0.51 0.51 0.51 | · Persistency based claw back will be applicable for <85% on 13th month; for which 100% of total payout will be clawed back from Arham Insurance Brokers Private Limited,renewal commission: 0.8%
1303,Pramerica,Non-Par,Rock Solid Future,,10,-,0.6,0.008,,,,,,Product-wise Rewards & Commission (TRAD) | Total Y2 & Onwards | Y2 & Onwards | Single Pay ULIP Product wise Commission & Rewards | The above ULIP commercials are basis the following: | 1. ATS 2 Lacs & 13th Month Persistency 85% | Base SA <= 20X Base SA < =20X with 2X Rider Base SA >20x to <40X Base SA >20x to <40X with 2X Rider | 10 25 0.35 0.38 0.32 0.35 | 12 25 0.38 0.41 0.35 0.38 | 10 30 0.445 0.475 0.41 0.445 | 12 30 0.475 0.51 0.445 0.475 | 10 35 0.475 0.51 0.445 0.475 | 12 35 0.51 0.51 0.475 0.475 | 10 40 0.51 0.51 0.475 0.51 | 12 40 0.51 0.51 0.51 0.51 | · Persistency based claw back will be applicable for <85% on 13th month; for which 100% of total payout will be clawed back from Arham Insurance Brokers Private Limited,renewal commission: 0.8%
1304,Pramerica,Non-Par,Rock Solid Future (IP 25),,10,-,0.54,0.008,,,,,,Product-wise Rewards & Commission (TRAD) | Total Y2 & Onwards | Y2 & Onwards | Single Pay ULIP Product wise Commission & Rewards | The above ULIP commercials are basis the following: | 1. ATS 2 Lacs & 13th Month Persistency 85% | Base SA <= 20X Base SA < =20X with 2X Rider Base SA >20x to <40X Base SA >20x to <40X with 2X Rider | 10 25 0.35 0.38 0.32 0.35 | 12 25 0.38 0.41 0.35 0.38 | 10 30 0.445 0.475 0.41 0.445 | 12 30 0.475 0.51 0.445 0.475 | 10 35 0.475 0.51 0.445 0.475 | 12 35 0.51 0.51 0.475 0.475 | 10 40 0.51 0.51 0.475 0.51 | 12 40 0.51 0.51 0.51 0.51 | · Persistency based claw back will be applicable for <85% on 13th month; for which 100% of total payout will be clawed back from Arham Insurance Brokers Private Limited,renewal commission: 0.8%
1305,Pramerica,Non-Par,Rock Solid Future (IP 15),,12,-,0.57,0.008,,,,,,Product-wise Rewards & Commission (TRAD) | Total Y2 & Onwards | Y2 & Onwards | Single Pay ULIP Product wise Commission & Rewards | The above ULIP commercials are basis the following: | 1. ATS 2 Lacs & 13th Month Persistency 85% | Base SA <= 20X Base SA < =20X with 2X Rider Base SA >20x to <40X Base SA >20x to <40X with 2X Rider | 10 25 0.35 0.38 0.32 0.35 | 12 25 0.38 0.41 0.35 0.38 | 10 30 0.445 0.475 0.41 0.445 | 12 30 0.475 0.51 0.445 0.475 | 10 35 0.475 0.51 0.445 0.475 | 12 35 0.51 0.51 0.475 0.475 | 10 40 0.51 0.51 0.475 0.51 | 12 40 0.51 0.51 0.51 0.51 | · Persistency based claw back will be applicable for <85% on 13th month; for which 100% of total payout will be clawed back from Arham Insurance Brokers Private Limited,renewal commission: 0.8%
1306,Pramerica,Non-Par,Rock Solid Future (IP 25),,12,-,0.6,0.008,,,,,,Product-wise Rewards & Commission (TRAD) | Total Y2 & Onwards | Y2 & Onwards | Single Pay ULIP Product wise Commission & Rewards | The above ULIP commercials are basis the following: | 1. ATS 2 Lacs & 13th Month Persistency 85% | Base SA <= 20X Base SA < =20X with 2X Rider Base SA >20x to <40X Base SA >20x to <40X with 2X Rider | 10 25 0.35 0.38 0.32 0.35 | 12 25 0.38 0.41 0.35 0.38 | 10 30 0.445 0.475 0.41 0.445 | 12 30 0.475 0.51 0.445 0.475 | 10 35 0.475 0.51 0.445 0.475 | 12 35 0.51 0.51 0.475 0.475 | 10 40 0.51 0.51 0.475 0.51 | 12 40 0.51 0.51 0.51 0.51 | · Persistency based claw back will be applicable for <85% on 13th month; for which 100% of total payout will be clawed back from Arham Insurance Brokers Private Limited,renewal commission: 0.8%
1307,Pramerica,Non-Par,Rock Solid Future,,12,-,0.635,0.008,,,,,,Product-wise Rewards & Commission (TRAD) | Total Y2 & Onwards | Y2 & Onwards | Single Pay ULIP Product wise Commission & Rewards | The above ULIP commercials are basis the following: | 1. ATS 2 Lacs & 13th Month Persistency 85% | Base SA <= 20X Base SA < =20X with 2X Rider Base SA >20x to <40X Base SA >20x to <40X with 2X Rider | 10 25 0.35 0.38 0.32 0.35 | 12 25 0.38 0.41 0.35 0.38 | 10 30 0.445 0.475 0.41 0.445 | 12 30 0.475 0.51 0.445 0.475 | 10 35 0.475 0.51 0.445 0.475 | 12 35 0.51 0.51 0.475 0.475 | 10 40 0.51 0.51 0.475 0.51 | 12 40 0.51 0.51 0.51 0.51 | · Persistency based claw back will be applicable for <85% on 13th month; for which 100% of total payout will be clawed back from Arham Insurance Brokers Private Limited,renewal commission: 0.8%
1308,Pramerica,Non-Par,Rock Solid Future,,12,-,0.635,0.008,,,,,,Product-wise Rewards & Commission (TRAD) | Total Y2 & Onwards | Y2 & Onwards | Single Pay ULIP Product wise Commission & Rewards | The above ULIP commercials are basis the following: | 1. ATS 2 Lacs & 13th Month Persistency 85% | Base SA <= 20X Base SA < =20X with 2X Rider Base SA >20x to <40X Base SA >20x to <40X with 2X Rider | 10 25 0.35 0.38 0.32 0.35 | 12 25 0.38 0.41 0.35 0.38 | 10 30 0.445 0.475 0.41 0.445 | 12 30 0.475 0.51 0.445 0.475 | 10 35 0.475 0.51 0.445 0.475 | 12 35 0.51 0.51 0.475 0.475 | 10 40 0.51 0.51 0.475 0.51 | 12 40 0.51 0.51 0.51 0.51 | · Persistency based claw back will be applicable for <85% on 13th month; for which 100% of total payout will be clawed back from Arham Insurance Brokers Private Limited,renewal commission: 0.8%
1309,Pramerica,Non-Par,Rock Solid Future,,12,-,0.635,0.008,,,,,,Product-wise Rewards & Commission (TRAD) | Total Y2 & Onwards | Y2 & Onwards | Single Pay ULIP Product wise Commission & Rewards | The above ULIP commercials are basis the following: | 1. ATS 2 Lacs & 13th Month Persistency 85% | Base SA <= 20X Base SA < =20X with 2X Rider Base SA >20x to <40X Base SA >20x to <40X with 2X Rider | 10 25 0.35 0.38 0.32 0.35 | 12 25 0.38 0.41 0.35 0.38 | 10 30 0.445 0.475 0.41 0.445 | 12 30 0.475 0.51 0.445 0.475 | 10 35 0.475 0.51 0.445 0.475 | 12 35 0.51 0.51 0.475 0.475 | 10 40 0.51 0.51 0.475 0.51 | 12 40 0.51 0.51 0.51 0.51 | · Persistency based claw back will be applicable for <85% on 13th month; for which 100% of total payout will be clawed back from Arham Insurance Brokers Private Limited,renewal commission: 0.8%
1310,Pramerica,ULIP,SIV 1UP,,5,-,0.01,0.004,,,,,,Product-wise Rewards & Commission (TRAD) | Total Y2 & Onwards | Y2 & Onwards | Single Pay ULIP Product wise Commission & Rewards | The above ULIP commercials are basis the following: | 1. ATS 2 Lacs & 13th Month Persistency 85% | Base SA <= 20X Base SA < =20X with 2X Rider Base SA >20x to <40X Base SA >20x to <40X with 2X Rider | 10 25 0.35 0.38 0.32 0.35 | 12 25 0.38 0.41 0.35 0.38 | 10 30 0.445 0.475 0.41 0.445 | 12 30 0.475 0.51 0.445 0.475 | 10 35 0.475 0.51 0.445 0.475 | 12 35 0.51 0.51 0.475 0.475 | 10 40 0.51 0.51 0.475 0.51 | 12 40 0.51 0.51 0.51 0.51 | · Persistency based claw back will be applicable for <85% on 13th month; for which 100% of total payout will be clawed back from Arham Insurance Brokers Private Limited,renewal commission (of premium): 0.4%
1311,Pramerica,ULIP,SIV 1UP,,10 & Above,-,0.04,0.004,,,,,,Product-wise Rewards & Commission (TRAD) | Total Y2 & Onwards | Y2 & Onwards | Single Pay ULIP Product wise Commission & Rewards | The above ULIP commercials are basis the following: | 1. ATS 2 Lacs & 13th Month Persistency 85% | Base SA <= 20X Base SA < =20X with 2X Rider Base SA >20x to <40X Base SA >20x to <40X with 2X Rider | 10 25 0.35 0.38 0.32 0.35 | 12 25 0.38 0.41 0.35 0.38 | 10 30 0.445 0.475 0.41 0.445 | 12 30 0.475 0.51 0.445 0.475 | 10 35 0.475 0.51 0.445 0.475 | 12 35 0.51 0.51 0.475 0.475 | 10 40 0.51 0.51 0.475 0.51 | 12 40 0.51 0.51 0.51 0.51 | · Persistency based claw back will be applicable for <85% on 13th month; for which 100% of total payout will be clawed back from Arham Insurance Brokers Private Limited,renewal commission (of premium): 0.4%
1312,Pramerica,ULIP,Super Investment Plan,,5,-,0.105,0.004,,,,,,Product-wise Rewards & Commission (TRAD) | Total Y2 & Onwards | Y2 & Onwards | Single Pay ULIP Product wise Commission & Rewards | The above ULIP commercials are basis the following: | 1. ATS 2 Lacs & 13th Month Persistency 85% | Base SA <= 20X Base SA < =20X with 2X Rider Base SA >20x to <40X Base SA >20x to <40X with 2X Rider | 10 25 0.35 0.38 0.32 0.35 | 12 25 0.38 0.41 0.35 0.38 | 10 30 0.445 0.475 0.41 0.445 | 12 30 0.475 0.51 0.445 0.475 | 10 35 0.475 0.51 0.445 0.475 | 12 35 0.51 0.51 0.475 0.475 | 10 40 0.51 0.51 0.475 0.51 | 12 40 0.51 0.51 0.51 0.51 | · Persistency based claw back will be applicable for <85% on 13th month; for which 100% of total payout will be clawed back from Arham Insurance Brokers Private Limited,renewal commission (of premium): 0.4%
1313,Pramerica,ULIP,Super Investment Plan,,7,-,0.12,0.004,,,,,,Product-wise Rewards & Commission (TRAD) | Total Y2 & Onwards | Y2 & Onwards | Single Pay ULIP Product wise Commission & Rewards | The above ULIP commercials are basis the following: | 1. ATS 2 Lacs & 13th Month Persistency 85% | Base SA <= 20X Base SA < =20X with 2X Rider Base SA >20x to <40X Base SA >20x to <40X with 2X Rider | 10 25 0.35 0.38 0.32 0.35 | 12 25 0.38 0.41 0.35 0.38 | 10 30 0.445 0.475 0.41 0.445 | 12 30 0.475 0.51 0.445 0.475 | 10 35 0.475 0.51 0.445 0.475 | 12 35 0.51 0.51 0.475 0.475 | 10 40 0.51 0.51 0.475 0.51 | 12 40 0.51 0.51 0.51 0.51 | · Persistency based claw back will be applicable for <85% on 13th month; for which 100% of total payout will be clawed back from Arham Insurance Brokers Private Limited,renewal commission (of premium): 0.4%
1314,Pramerica,ULIP,Super Investment Plan,,10 & Above,-,0.16,0.004,,,,,,Product-wise Rewards & Commission (TRAD) | Total Y2 & Onwards | Y2 & Onwards | Single Pay ULIP Product wise Commission & Rewards | The above ULIP commercials are basis the following: | 1. ATS 2 Lacs & 13th Month Persistency 85% | Base SA <= 20X Base SA < =20X with 2X Rider Base SA >20x to <40X Base SA >20x to <40X with 2X Rider | 10 25 0.35 0.38 0.32 0.35 | 12 25 0.38 0.41 0.35 0.38 | 10 30 0.445 0.475 0.41 0.445 | 12 30 0.475 0.51 0.445 0.475 | 10 35 0.475 0.51 0.445 0.475 | 12 35 0.51 0.51 0.475 0.475 | 10 40 0.51 0.51 0.475 0.51 | 12 40 0.51 0.51 0.51 0.51 | · Persistency based claw back will be applicable for <85% on 13th month; for which 100% of total payout will be clawed back from Arham Insurance Brokers Private Limited,renewal commission (of premium): 0.4%
1315,Pramerica,ULIP,Smart Wealth Plus,,5,-,0.22,0.004,,,,,,Product-wise Rewards & Commission (TRAD) | Total Y2 & Onwards | Y2 & Onwards | Single Pay ULIP Product wise Commission & Rewards | The above ULIP commercials are basis the following: | 1. ATS 2 Lacs & 13th Month Persistency 85% | Base SA <= 20X Base SA < =20X with 2X Rider Base SA >20x to <40X Base SA >20x to <40X with 2X Rider | 10 25 0.35 0.38 0.32 0.35 | 12 25 0.38 0.41 0.35 0.38 | 10 30 0.445 0.475 0.41 0.445 | 12 30 0.475 0.51 0.445 0.475 | 10 35 0.475 0.51 0.445 0.475 | 12 35 0.51 0.51 0.475 0.475 | 10 40 0.51 0.51 0.475 0.51 | 12 40 0.51 0.51 0.51 0.51 | · Persistency based claw back will be applicable for <85% on 13th month; for which 100% of total payout will be clawed back from Arham Insurance Brokers Private Limited,renewal commission (of premium): 0.4%
1316,Pramerica,ULIP,Smart Wealth Plus,,10 & Above,-,0.255,0.004,,,,,,Product-wise Rewards & Commission (TRAD) | Total Y2 & Onwards | Y2 & Onwards | Single Pay ULIP Product wise Commission & Rewards | The above ULIP commercials are basis the following: | 1. ATS 2 Lacs & 13th Month Persistency 85% | Base SA <= 20X Base SA < =20X with 2X Rider Base SA >20x to <40X Base SA >20x to <40X with 2X Rider | 10 25 0.35 0.38 0.32 0.35 | 12 25 0.38 0.41 0.35 0.38 | 10 30 0.445 0.475 0.41 0.445 | 12 30 0.475 0.51 0.445 0.475 | 10 35 0.475 0.51 0.445 0.475 | 12 35 0.51 0.51 0.475 0.475 | 10 40 0.51 0.51 0.475 0.51 | 12 40 0.51 0.51 0.51 0.51 | · Persistency based claw back will be applicable for <85% on 13th month; for which 100% of total payout will be clawed back from Arham Insurance Brokers Private Limited,renewal commission (of premium): 0.4%
1317,Pramerica,ULIP,Pramerica Life Wealth Enhancer,,Single Pay,-,0.03,0.04,,,,,,Product-wise Rewards & Commission (TRAD) | Total Y2 & Onwards | Y2 & Onwards | Single Pay ULIP Product wise Commission & Rewards | The above ULIP commercials are basis the following: | 1. ATS 2 Lacs & 13th Month Persistency 85% | Base SA <= 20X Base SA < =20X with 2X Rider Base SA >20x to <40X Base SA >20x to <40X with 2X Rider | 10 25 0.35 0.38 0.32 0.35 | 12 25 0.38 0.41 0.35 0.38 | 10 30 0.445 0.475 0.41 0.445 | 12 30 0.475 0.51 0.445 0.475 | 10 35 0.475 0.51 0.445 0.475 | 12 35 0.51 0.51 0.475 0.475 | 10 40 0.51 0.51 0.475 0.51 | 12 40 0.51 0.51 0.51 0.51 | · Persistency based claw back will be applicable for <85% on 13th month; for which 100% of total payout will be clawed back from Arham Insurance Brokers Private Limited,ticket size ≥ 50 lakhs total commission & rewards: 4%
1318,Pramerica,ULIP,Pramerica Life Wealth Maximiser,,Single Pay,-,0.03,0.04,,,,,,Product-wise Rewards & Commission (TRAD) | Total Y2 & Onwards | Y2 & Onwards | Single Pay ULIP Product wise Commission & Rewards | The above ULIP commercials are basis the following: | 1. ATS 2 Lacs & 13th Month Persistency 85% | Base SA <= 20X Base SA < =20X with 2X Rider Base SA >20x to <40X Base SA >20x to <40X with 2X Rider | 10 25 0.35 0.38 0.32 0.35 | 12 25 0.38 0.41 0.35 0.38 | 10 30 0.445 0.475 0.41 0.445 | 12 30 0.475 0.51 0.445 0.475 | 10 35 0.475 0.51 0.445 0.475 | 12 35 0.51 0.51 0.475 0.475 | 10 40 0.51 0.51 0.475 0.51 | 12 40 0.51 0.51 0.51 0.51 | · Persistency based claw back will be applicable for <85% on 13th month; for which 100% of total payout will be clawed back from Arham Insurance Brokers Private Limited,ticket size ≥ 50 lakhs total commission & rewards: 4%
